ERROR:jixia.run:error while processing ('Mathlib', 'Analysis', 'PSeries'): Unknown flag `--module`.
Run `jixia -h` for further information.

ERROR:jixia.run:error while processing ('Mathlib', 'Analysis', 'Analytic', 'Uniqueness'): Unknown flag `--module`.
Run `jixia -h` for further information.

ERROR:jixia.run:error while processing ('Mathlib', 'Analysis', 'MellinInversion'): Unknown flag `--module`.
Run `jixia -h` for further information.

ERROR:jixia.run:error while processing ('Mathlib', 'Analysis', 'Analytic', 'Composition'): Unknown flag `--module`.
Run `jixia -h` for further information.

ERROR:jixia.run:error while processing ('Mathlib', 'Analysis', 'Complex', 'ReImTopology'): Unknown flag `--module`.
Run `jixia -h` for further information.

ERROR:jixia.run:error while processing ('Mathlib', 'Tactic'): Unknown flag `--module`.
Run `jixia -h` for further information.

ERROR:jixia.run:error while processing ('Mathlib', 'Analysis', 'BoundedVariation'): Unknown flag `--module`.
Run `jixia -h` for further information.

ERROR:jixia.run:error while processing ('Mathlib', 'Analysis', 'Complex', 'RealDeriv'): Unknown flag `--module`.
Run `jixia -h` for further information.

ERROR:jixia.run:error while processing ('Mathlib', 'Analysis', 'Analytic', 'Meromorphic'): Unknown flag `--module`.
Run `jixia -h` for further information.

ERROR:jixia.run:error while processing ('Mathlib', 'Analysis', 'SpecificLimits', 'Basic'): Unknown flag `--module`.
Run `jixia -h` for further information.

ERROR:jixia.run:error while processing ('Mathlib', 'Analysis', 'SpecificLimits', 'Normed'): Unknown flag `--module`.
Run `jixia -h` for further information.

ERROR:jixia.run:error while processing ('Mathlib', 'Analysis', 'Analytic', 'Polynomial'): Unknown flag `--module`.
Run `jixia -h` for further information.

ERROR:jixia.run:error while processing ('Mathlib', 'Analysis', 'Analytic', 'Basic'): Unknown flag `--module`.
Run `jixia -h` for further information.

ERROR:jixia.run:error while processing ('Mathlib',): Unknown flag `--module`.
Run `jixia -h` for further information.

ERROR:jixia.run:error while processing ('Mathlib', 'Analysis', 'Analytic', 'Inverse'): Unknown flag `--module`.
Run `jixia -h` for further information.

ERROR:jixia.run:error while processing ('Mathlib', 'Analysis', 'Analytic', 'Constructions'): Unknown flag `--module`.
Run `jixia -h` for further information.

ERROR:jixia.run:error while processing ('Mathlib', 'Analysis', 'MeanInequalities'): Unknown flag `--module`.
Run `jixia -h` for further information.

ERROR:jixia.run:error while processing ('Mathlib', 'Analysis', 'Matrix'): Unknown flag `--module`.
Run `jixia -h` for further information.

ERROR:jixia.run:error while processing ('Mathlib', 'Analysis', 'Complex', 'Hadamard'): Unknown flag `--module`.
Run `jixia -h` for further information.

ERROR:jixia.run:error while processing ('Mathlib', 'Analysis', 'MellinTransform'): Unknown flag `--module`.
Run `jixia -h` for further information.

ERROR:jixia.run:error while processing ('Mathlib', 'Analysis', 'SpecificLimits', 'RCLike'): Unknown flag `--module`.
Run `jixia -h` for further information.

ERROR:jixia.run:error while processing ('Mathlib', 'Analysis', 'Normed', 'Group', 'Bounded'): Unknown flag `--module`.
Run `jixia -h` for further information.

ERROR:jixia.run:error while processing ('Mathlib', 'Analysis', 'Normed', 'Group', 'InfiniteSum'): Unknown flag `--module`.
Run `jixia -h` for further information.

ERROR:jixia.run:error while processing ('Mathlib', 'Analysis', 'Complex', 'UpperHalfPlane', 'Metric'): Unknown flag `--module`.
Run `jixia -h` for further information.

ERROR:jixia.run:error while processing ('Mathlib', 'Analysis', 'Complex', 'PhragmenLindelof'): Unknown flag `--module`.
Run `jixia -h` for further information.

ERROR:jixia.run:error while processing ('Mathlib', 'Analysis', 'ConstantSpeed'): Unknown flag `--module`.
Run `jixia -h` for further information.

ERROR:jixia.run:error while processing ('Mathlib', 'Analysis', 'PSeriesComplex'): Unknown flag `--module`.
Run `jixia -h` for further information.

ERROR:jixia.run:error while processing ('Mathlib', 'Analysis', 'InnerProductSpace', 'TwoDim'): Unknown flag `--module`.
Run `jixia -h` for further information.

ERROR:jixia.run:error while processing ('Mathlib', 'Analysis', 'ODE', 'PicardLindelof'): Unknown flag `--module`.
Run `jixia -h` for further information.

ERROR:jixia.run:error while processing ('Mathlib', 'Analysis', 'SumIntegralComparisons'): Unknown flag `--module`.
Run `jixia -h` for further information.

ERROR:jixia.run:error while processing ('Mathlib', 'Analysis', 'ODE', 'Gronwall'): Unknown flag `--module`.
Run `jixia -h` for further information.

ERROR:jixia.run:error while processing ('Mathlib', 'Analysis', 'Analytic', 'RadiusLiminf'): Unknown flag `--module`.
Run `jixia -h` for further information.

ERROR:jixia.run:error while processing ('Mathlib', 'Analysis', 'Analytic', 'IsolatedZeros'): Unknown flag `--module`.
Run `jixia -h` for further information.

ERROR:jixia.run:error while processing ('Mathlib', 'Analysis', 'Complex', 'TaylorSeries'): Unknown flag `--module`.
Run `jixia -h` for further information.

ERROR:jixia.run:error while processing ('Mathlib', 'Analysis', 'LocallyConvex', 'AbsConvex'): Unknown flag `--module`.
Run `jixia -h` for further information.

ERROR:jixia.run:error while processing ('Mathlib', 'Analysis', 'Complex', 'UpperHalfPlane', 'Topology'): Unknown flag `--module`.
Run `jixia -h` for further information.

ERROR:jixia.run:error while processing ('Mathlib', 'Analysis', 'Normed', 'Order', 'UpperLower'): Unknown flag `--module`.
Run `jixia -h` for further information.

ERROR:jixia.run:error while processing ('Mathlib', 'Analysis', 'Complex', 'CauchyIntegral'): Unknown flag `--module`.
Run `jixia -h` for further information.

ERROR:jixia.run:error while processing ('Mathlib', 'Analysis', 'Normed', 'Group', 'Quotient'): Unknown flag `--module`.
Run `jixia -h` for further information.

ERROR:jixia.run:error while processing ('Mathlib', 'Analysis', 'Normed', 'Group', 'Int'): Unknown flag `--module`.
Run `jixia -h` for further information.

ERROR:jixia.run:error while processing ('Mathlib', 'Analysis', 'Complex', 'Arg'): Unknown flag `--module`.
Run `jixia -h` for further information.

ERROR:jixia.run:error while processing ('Mathlib', 'Analysis', 'Normed', 'Group', 'Hom'): Unknown flag `--module`.
Run `jixia -h` for further information.

ERROR:jixia.run:error while processing ('Mathlib', 'Analysis', 'Analytic', 'CPolynomial'): Unknown flag `--module`.
Run `jixia -h` for further information.

ERROR:jixia.run:error while processing ('Mathlib', 'Analysis', 'Seminorm'): Unknown flag `--module`.
Run `jixia -h` for further information.

ERROR:jixia.run:error while processing ('Mathlib', 'Analysis', 'Quaternion'): Unknown flag `--module`.
Run `jixia -h` for further information.

ERROR:jixia.run:error while processing ('Mathlib', 'Analysis', 'SpecificLimits', 'FloorPow'): Unknown flag `--module`.
Run `jixia -h` for further information.

ERROR:jixia.run:error while processing ('Mathlib', 'Analysis', 'Normed', 'Order', 'Lattice'): Unknown flag `--module`.
Run `jixia -h` for further information.

ERROR:jixia.run:error while processing ('Mathlib', 'Analysis', 'Normed', 'Group', 'Rat'): Unknown flag `--module`.
Run `jixia -h` for further information.

ERROR:jixia.run:error while processing ('Mathlib', 'Analysis', 'MeanInequalitiesPow'): Unknown flag `--module`.
Run `jixia -h` for further information.

ERROR:jixia.run:error while processing ('Mathlib', 'Analysis', 'Complex', 'Liouville'): Unknown flag `--module`.
Run `jixia -h` for further information.

ERROR:jixia.run:error while processing ('Mathlib', 'Analysis', 'Normed', 'Group', 'ZeroAtInfty'): Unknown flag `--module`.
Run `jixia -h` for further information.

ERROR:jixia.run:error while processing ('Mathlib', 'Analysis', 'Normed', 'Group', 'Completeness'): Unknown flag `--module`.
Run `jixia -h` for further information.

ERROR:jixia.run:error while processing ('Mathlib', 'Analysis', 'Normed', 'Field', 'UnitBall'): Unknown flag `--module`.
Run `jixia -h` for further information.

ERROR:jixia.run:error while processing ('Mathlib', 'Analysis', 'Hofer'): Unknown flag `--module`.
Run `jixia -h` for further information.

ERROR:jixia.run:error while processing ('Mathlib', 'Analysis', 'Convolution'): Unknown flag `--module`.
Run `jixia -h` for further information.

ERROR:jixia.run:error while processing ('Mathlib', 'Analysis', 'Analytic', 'Linear'): Unknown flag `--module`.
Run `jixia -h` for further information.

ERROR:jixia.run:error while processing ('Mathlib', 'Analysis', 'Subadditive'): Unknown flag `--module`.
Run `jixia -h` for further information.

ERROR:jixia.run:error while processing ('Mathlib', 'Analysis', 'Normed', 'Group', 'Completion'): Unknown flag `--module`.
Run `jixia -h` for further information.

ERROR:jixia.run:error while processing ('Mathlib', 'Analysis', 'SumOverResidueClass'): Unknown flag `--module`.
Run `jixia -h` for further information.

ERROR:jixia.run:error while processing ('Mathlib', 'Analysis', 'Normed', 'Field', 'Basic'): Unknown flag `--module`.
Run `jixia -h` for further information.

ERROR:jixia.run:error while processing ('Mathlib', 'Analysis', 'Complex', 'Basic'): Unknown flag `--module`.
Run `jixia -h` for further information.

ERROR:jixia.run:error while processing ('Mathlib', 'Analysis', 'Complex', 'Polynomial'): Unknown flag `--module`.
Run `jixia -h` for further information.

ERROR:jixia.run:error while processing ('Mathlib', 'Analysis', 'Complex', 'RemovableSingularity'): Unknown flag `--module`.
Run `jixia -h` for further information.

ERROR:jixia.run:error while processing ('Mathlib', 'Analysis', 'LocallyConvex', 'StrongTopology'): Unknown flag `--module`.
Run `jixia -h` for further information.

ERROR:jixia.run:error while processing ('Mathlib', 'Analysis', 'Normed', 'MulAction'): Unknown flag `--module`.
Run `jixia -h` for further information.

ERROR:jixia.run:error while processing ('Mathlib', 'Analysis', 'Normed', 'Group', 'SemiNormedGrp'): Unknown flag `--module`.
Run `jixia -h` for further information.

ERROR:jixia.run:error while processing ('Mathlib', 'Analysis', 'Complex', 'OperatorNorm'): Unknown flag `--module`.
Run `jixia -h` for further information.

ERROR:jixia.run:error while processing ('Mathlib', 'Analysis', 'LocallyConvex', 'WeakDual'): Unknown flag `--module`.
Run `jixia -h` for further information.

ERROR:jixia.run:error while processing ('Mathlib', 'Analysis', 'LocallyConvex', 'Basic'): Unknown flag `--module`.
Run `jixia -h` for further information.

ERROR:jixia.run:error while processing ('Mathlib', 'Analysis', 'Complex', 'Conformal'): Unknown flag `--module`.
Run `jixia -h` for further information.

ERROR:jixia.run:error while processing ('Mathlib', 'Analysis', 'Normed', 'Group', 'Pointwise'): Unknown flag `--module`.
Run `jixia -h` for further information.

ERROR:jixia.run:error while processing ('Mathlib', 'Analysis', 'Complex', 'UnitDisc', 'Basic'): Unknown flag `--module`.
Run `jixia -h` for further information.

ERROR:jixia.run:error while processing ('Mathlib', 'Analysis', 'Complex', 'HalfPlane'): Unknown flag `--module`.
Run `jixia -h` for further information.

ERROR:jixia.run:error while processing ('Mathlib', 'Analysis', 'Normed', 'Group', 'Uniform'): Unknown flag `--module`.
Run `jixia -h` for further information.

ERROR:jixia.run:error while processing ('Mathlib', 'Analysis', 'Normed', 'Ring', 'Seminorm'): Unknown flag `--module`.
Run `jixia -h` for further information.

ERROR:jixia.run:error while processing ('Mathlib', 'Analysis', 'Normed', 'Group', 'Basic'): Unknown flag `--module`.
Run `jixia -h` for further information.

ERROR:jixia.run:error while processing ('Mathlib', 'Analysis', 'Normed', 'Field', 'InfiniteSum'): Unknown flag `--module`.
Run `jixia -h` for further information.

ERROR:jixia.run:error while processing ('Mathlib', 'Analysis', 'Normed', 'Group', 'ControlledClosure'): Unknown flag `--module`.
Run `jixia -h` for further information.

ERROR:jixia.run:error while processing ('Mathlib', 'Analysis', 'Complex', 'OpenMapping'): Unknown flag `--module`.
Run `jixia -h` for further information.

ERROR:jixia.run:error while processing ('Mathlib', 'Analysis', 'Complex', 'AbelLimit'): Unknown flag `--module`.
Run `jixia -h` for further information.

ERROR:jixia.run:error while processing ('Mathlib', 'Analysis', 'Complex', 'Isometry'): Unknown flag `--module`.
Run `jixia -h` for further information.

ERROR:jixia.run:error while processing ('Mathlib', 'Analysis', 'Normed', 'Group', 'SemiNormedGrp', 'Kernels'): Unknown flag `--module`.
Run `jixia -h` for further information.

ERROR:jixia.run:error while processing ('Mathlib', 'Analysis', 'Normed', 'Group', 'Tannery'): Unknown flag `--module`.
Run `jixia -h` for further information.

ERROR:jixia.run:error while processing ('Mathlib', 'Analysis', 'Normed', 'Group', 'HomCompletion'): Unknown flag `--module`.
Run `jixia -h` for further information.

ERROR:jixia.run:error while processing ('Mathlib', 'Analysis', 'Normed', 'Group', 'CocompactMap'): Unknown flag `--module`.
Run `jixia -h` for further information.

ERROR:jixia.run:error while processing ('Mathlib', 'Analysis', 'LocallyConvex', 'Barrelled'): Unknown flag `--module`.
Run `jixia -h` for further information.

ERROR:jixia.run:error while processing ('Mathlib', 'Analysis', 'Normed', 'Group', 'Constructions'): Unknown flag `--module`.
Run `jixia -h` for further information.

ERROR:jixia.run:error while processing ('Mathlib', 'Analysis', 'LocallyConvex', 'WithSeminorms'): Unknown flag `--module`.
Run `jixia -h` for further information.

ERROR:jixia.run:error while processing ('Mathlib', 'Analysis', 'Normed', 'Group', 'AddTorsor'): Unknown flag `--module`.
Run `jixia -h` for further information.

ERROR:jixia.run:error while processing ('Mathlib', 'Analysis', 'LocallyConvex', 'Bounded'): Unknown flag `--module`.
Run `jixia -h` for further information.

ERROR:jixia.run:error while processing ('Mathlib', 'Analysis', 'Normed', 'Group', 'Submodule'): Unknown flag `--module`.
Run `jixia -h` for further information.

ERROR:jixia.run:error while processing ('Mathlib', 'Analysis', 'Normed', 'Group', 'BallSphere'): Unknown flag `--module`.
Run `jixia -h` for further information.

ERROR:jixia.run:error while processing ('Mathlib', 'Analysis', 'Complex', 'Schwarz'): Unknown flag `--module`.
Run `jixia -h` for further information.

ERROR:jixia.run:error while processing ('Mathlib', 'Analysis', 'Normed', 'Group', 'SemiNormedGrp', 'Completion'): Unknown flag `--module`.
Run `jixia -h` for further information.

ERROR:jixia.run:error while processing ('Mathlib', 'Analysis', 'Complex', 'UpperHalfPlane', 'Manifold'): Unknown flag `--module`.
Run `jixia -h` for further information.

ERROR:jixia.run:error while processing ('Mathlib', 'Analysis', 'InnerProductSpace', 'Calculus'): Unknown flag `--module`.
Run `jixia -h` for further information.

ERROR:jixia.run:error while processing ('Mathlib', 'Analysis', 'Normed', 'Order', 'Basic'): Unknown flag `--module`.
Run `jixia -h` for further information.

ERROR:jixia.run:error while processing ('Mathlib', 'Analysis', 'LocallyConvex', 'BalancedCoreHull'): Unknown flag `--module`.
Run `jixia -h` for further information.

ERROR:jixia.run:error while processing ('Mathlib', 'Analysis', 'Normed', 'Group', 'Lemmas'): Unknown flag `--module`.
Run `jixia -h` for further information.

ERROR:jixia.run:error while processing ('Mathlib', 'Analysis', 'Normed', 'Group', 'AddCircle'): Unknown flag `--module`.
Run `jixia -h` for further information.

ERROR:jixia.run:error while processing ('Mathlib', 'Analysis', 'Normed', 'Group', 'Seminorm'): Unknown flag `--module`.
Run `jixia -h` for further information.

ERROR:jixia.run:error while processing ('Mathlib', 'Analysis', 'Complex', 'Tietze'): Unknown flag `--module`.
Run `jixia -h` for further information.

ERROR:jixia.run:error while processing ('Mathlib', 'Analysis', 'Complex', 'Convex'): Unknown flag `--module`.
Run `jixia -h` for further information.

ERROR:jixia.run:error while processing ('Mathlib', 'Analysis', 'Complex', 'UpperHalfPlane', 'Basic'): Unknown flag `--module`.
Run `jixia -h` for further information.

ERROR:jixia.run:error while processing ('Mathlib', 'Analysis', 'Complex', 'UpperHalfPlane', 'FunctionsBoundedAtInfty'): Unknown flag `--module`.
Run `jixia -h` for further information.

ERROR:jixia.run:error while processing ('Mathlib', 'Analysis', 'Complex', 'Circle'): Unknown flag `--module`.
Run `jixia -h` for further information.

ERROR:jixia.run:error while processing ('Mathlib', 'Analysis', 'LocallyConvex', 'Polar'): Unknown flag `--module`.
Run `jixia -h` for further information.

ERROR:jixia.run:error while processing ('Mathlib', 'Analysis', 'LocallyConvex', 'ContinuousOfBounded'): Unknown flag `--module`.
Run `jixia -h` for further information.

ERROR:jixia.run:error while processing ('Mathlib', 'Analysis', 'Complex', 'AbsMax'): Unknown flag `--module`.
Run `jixia -h` for further information.

ERROR:jixia.run:error while processing ('Mathlib', 'Analysis', 'Complex', 'LocallyUniformLimit'): Unknown flag `--module`.
Run `jixia -h` for further information.

ERROR:jixia.run:error while processing ('Mathlib', 'Analysis', 'Complex', 'Asymptotics'): Unknown flag `--module`.
Run `jixia -h` for further information.

ERROR:jixia.run:error while processing ('Mathlib', 'Analysis', 'Complex', 'Angle'): Unknown flag `--module`.
Run `jixia -h` for further information.

ERROR:jixia.run:error while processing ('Mathlib', 'Analysis', 'Convex', 'Jensen'): Unknown flag `--module`.
Run `jixia -h` for further information.

ERROR:jixia.run:error while processing ('Mathlib', 'Analysis', 'VonNeumannAlgebra', 'Basic'): Unknown flag `--module`.
Run `jixia -h` for further information.

ERROR:jixia.run:error while processing ('Mathlib', 'Analysis', 'InnerProductSpace', 'Orthogonal'): Unknown flag `--module`.
Run `jixia -h` for further information.

ERROR:jixia.run:error while processing ('Mathlib', 'Analysis', 'Convex', 'Exposed'): Unknown flag `--module`.
Run `jixia -h` for further information.

ERROR:jixia.run:error while processing ('Mathlib', 'Analysis', 'InnerProductSpace', 'Positive'): Unknown flag `--module`.
Run `jixia -h` for further information.

ERROR:jixia.run:error while processing ('Mathlib', 'Analysis', 'InnerProductSpace', 'Symmetric'): Unknown flag `--module`.
Run `jixia -h` for further information.

ERROR:jixia.run:error while processing ('Mathlib', 'Analysis', 'Convex', 'Extrema'): Unknown flag `--module`.
Run `jixia -h` for further information.

ERROR:jixia.run:error while processing ('Mathlib', 'Analysis', 'Convex', 'Slope'): Unknown flag `--module`.
Run `jixia -h` for further information.

ERROR:jixia.run:error while processing ('Mathlib', 'Analysis', 'Convex', 'KreinMilman'): Unknown flag `--module`.
Run `jixia -h` for further information.

ERROR:jixia.run:error while processing ('Mathlib', 'Analysis', 'Asymptotics', 'SpecificAsymptotics'): Unknown flag `--module`.
Run `jixia -h` for further information.

ERROR:jixia.run:error while processing ('Mathlib', 'Analysis', 'InnerProductSpace', 'Rayleigh'): Unknown flag `--module`.
Run `jixia -h` for further information.

ERROR:jixia.run:error while processing ('Mathlib', 'Analysis', 'InnerProductSpace', 'PiL2'): Unknown flag `--module`.
Run `jixia -h` for further information.

ERROR:jixia.run:error while processing ('Mathlib', 'Analysis', 'InnerProductSpace', 'LaxMilgram'): Unknown flag `--module`.
Run `jixia -h` for further information.

ERROR:jixia.run:error while processing ('Mathlib', 'Analysis', 'InnerProductSpace', 'Spectrum'): Unknown flag `--module`.
Run `jixia -h` for further information.

ERROR:jixia.run:error while processing ('Mathlib', 'Analysis', 'Asymptotics', 'Asymptotics'): Unknown flag `--module`.
Run `jixia -h` for further information.

ERROR:jixia.run:error while processing ('Mathlib', 'Analysis', 'InnerProductSpace', 'MeanErgodic'): Unknown flag `--module`.
Run `jixia -h` for further information.

ERROR:jixia.run:error while processing ('Mathlib', 'Analysis', 'Convex', 'Combination'): Unknown flag `--module`.
Run `jixia -h` for further information.

ERROR:jixia.run:error while processing ('Mathlib', 'Analysis', 'Fourier', 'Inversion'): Unknown flag `--module`.
Run `jixia -h` for further information.

ERROR:jixia.run:error while processing ('Mathlib', 'Analysis', 'Fourier', 'RiemannLebesgueLemma'): Unknown flag `--module`.
Run `jixia -h` for further information.

ERROR:jixia.run:error while processing ('Mathlib', 'Analysis', 'InnerProductSpace', 'Dual'): Unknown flag `--module`.
Run `jixia -h` for further information.

ERROR:jixia.run:error while processing ('Mathlib', 'Analysis', 'InnerProductSpace', 'Adjoint'): Unknown flag `--module`.
Run `jixia -h` for further information.

ERROR:jixia.run:error while processing ('Mathlib', 'Analysis', 'Convex', 'EGauge'): Unknown flag `--module`.
Run `jixia -h` for further information.

ERROR:jixia.run:error while processing ('Mathlib', 'Analysis', 'Convex', 'Segment'): Unknown flag `--module`.
Run `jixia -h` for further information.

ERROR:jixia.run:error while processing ('Mathlib', 'Analysis', 'Convex', 'SimplicialComplex', 'Basic'): Unknown flag `--module`.
Run `jixia -h` for further information.

ERROR:jixia.run:error while processing ('Mathlib', 'Analysis', 'Convex', 'Contractible'): Unknown flag `--module`.
Run `jixia -h` for further information.

ERROR:jixia.run:error while processing ('Mathlib', 'Analysis', 'Convex', 'StrictConvexSpace'): Unknown flag `--module`.
Run `jixia -h` for further information.

ERROR:jixia.run:error while processing ('Mathlib', 'Analysis', 'InnerProductSpace', 'ConformalLinearMap'): Unknown flag `--module`.
Run `jixia -h` for further information.

ERROR:jixia.run:error while processing ('Mathlib', 'Analysis', 'InnerProductSpace', 'NormPow'): Unknown flag `--module`.
Run `jixia -h` for further information.

ERROR:jixia.run:error while processing ('Mathlib', 'Analysis', 'Convex', 'Deriv'): Unknown flag `--module`.
Run `jixia -h` for further information.

ERROR:jixia.run:error while processing ('Mathlib', 'Analysis', 'InnerProductSpace', 'Projection'): Unknown flag `--module`.
Run `jixia -h` for further information.

ERROR:jixia.run:error while processing ('Mathlib', 'Analysis', 'InnerProductSpace', 'GramSchmidtOrtho'): Unknown flag `--module`.
Run `jixia -h` for further information.

ERROR:jixia.run:error while processing ('Mathlib', 'Analysis', 'InnerProductSpace', 'LinearPMap'): Unknown flag `--module`.
Run `jixia -h` for further information.

ERROR:jixia.run:error while processing ('Mathlib', 'Analysis', 'Convex', 'Cone', 'Proper'): Unknown flag `--module`.
Run `jixia -h` for further information.

ERROR:jixia.run:error while processing ('Mathlib', 'Analysis', 'Convex', 'Side'): Unknown flag `--module`.
Run `jixia -h` for further information.

ERROR:jixia.run:error while processing ('Mathlib', 'Analysis', 'InnerProductSpace', 'Basic'): Unknown flag `--module`.
Run `jixia -h` for further information.

ERROR:jixia.run:error while processing ('Mathlib', 'Analysis', 'Convex', 'Join'): Unknown flag `--module`.
Run `jixia -h` for further information.

ERROR:jixia.run:error while processing ('Mathlib', 'Analysis', 'Convex', 'Cone', 'InnerDual'): Unknown flag `--module`.
Run `jixia -h` for further information.

ERROR:jixia.run:error while processing ('Mathlib', 'Analysis', 'InnerProductSpace', 'Orientation'): Unknown flag `--module`.
Run `jixia -h` for further information.

ERROR:jixia.run:error while processing ('Mathlib', 'Analysis', 'InnerProductSpace', 'EuclideanDist'): Unknown flag `--module`.
Run `jixia -h` for further information.

ERROR:jixia.run:error while processing ('Mathlib', 'Analysis', 'InnerProductSpace', 'ProdL2'): Unknown flag `--module`.
Run `jixia -h` for further information.

ERROR:jixia.run:error while processing ('Mathlib', 'Analysis', 'InnerProductSpace', 'OfNorm'): Unknown flag `--module`.
Run `jixia -h` for further information.

ERROR:jixia.run:error while processing ('Mathlib', 'Analysis', 'Convex', 'Topology'): Unknown flag `--module`.
Run `jixia -h` for further information.

ERROR:jixia.run:error while processing ('Mathlib', 'Analysis', 'Convex', 'AmpleSet'): Unknown flag `--module`.
Run `jixia -h` for further information.

ERROR:jixia.run:error while processing ('Mathlib', 'Analysis', 'InnerProductSpace', 'l2Space'): Unknown flag `--module`.
Run `jixia -h` for further information.

ERROR:jixia.run:error while processing ('Mathlib', 'Analysis', 'Convex', 'PartitionOfUnity'): Unknown flag `--module`.
Run `jixia -h` for further information.

ERROR:jixia.run:error while processing ('Mathlib', 'Analysis', 'Convex', 'Body'): Unknown flag `--module`.
Run `jixia -h` for further information.

ERROR:jixia.run:error while processing ('Mathlib', 'Analysis', 'Asymptotics', 'SuperpolynomialDecay'): Unknown flag `--module`.
Run `jixia -h` for further information.

ERROR:jixia.run:error while processing ('Mathlib', 'Analysis', 'Convex', 'Strict'): Unknown flag `--module`.
Run `jixia -h` for further information.

ERROR:jixia.run:error while processing ('Mathlib', 'Analysis', 'Convex', 'StrictConvexBetween'): Unknown flag `--module`.
Run `jixia -h` for further information.

ERROR:jixia.run:error while processing ('Mathlib', 'Analysis', 'Convex', 'SpecificFunctions', 'Pow'): Unknown flag `--module`.
Run `jixia -h` for further information.

ERROR:jixia.run:error while processing ('Mathlib', 'Analysis', 'Convex', 'SpecificFunctions', 'Deriv'): Unknown flag `--module`.
Run `jixia -h` for further information.

ERROR:jixia.run:error while processing ('Mathlib', 'Analysis', 'Convex', 'SpecificFunctions', 'Basic'): Unknown flag `--module`.
Run `jixia -h` for further information.

ERROR:jixia.run:error while processing ('Mathlib', 'Analysis', 'Convex', 'StoneSeparation'): Unknown flag `--module`.
Run `jixia -h` for further information.

ERROR:jixia.run:error while processing ('Mathlib', 'Analysis', 'Convex', 'Complex'): Unknown flag `--module`.
Run `jixia -h` for further information.

ERROR:jixia.run:error while processing ('Mathlib', 'Analysis', 'Fourier', 'FourierTransformDeriv'): Unknown flag `--module`.
Run `jixia -h` for further information.

ERROR:jixia.run:error while processing ('Mathlib', 'Analysis', 'Convex', 'Measure'): Unknown flag `--module`.
Run `jixia -h` for further information.

ERROR:jixia.run:error while processing ('Mathlib', 'Analysis', 'Convex', 'Strong'): Unknown flag `--module`.
Run `jixia -h` for further information.

ERROR:jixia.run:error while processing ('Mathlib', 'Analysis', 'Fourier', 'AddCircle'): Unknown flag `--module`.
Run `jixia -h` for further information.

ERROR:jixia.run:error while processing ('Mathlib', 'Analysis', 'Convex', 'Between'): Unknown flag `--module`.
Run `jixia -h` for further information.

ERROR:jixia.run:error while processing ('Mathlib', 'Analysis', 'Asymptotics', 'Theta'): Unknown flag `--module`.
Run `jixia -h` for further information.

ERROR:jixia.run:error while processing ('Mathlib', 'Analysis', 'Convex', 'Cone', 'Extension'): Unknown flag `--module`.
Run `jixia -h` for further information.

ERROR:jixia.run:error while processing ('Mathlib', 'Analysis', 'NormedSpace', 'Exponential'): Unknown flag `--module`.
Run `jixia -h` for further information.

ERROR:jixia.run:error while processing ('Mathlib', 'Analysis', 'NormedSpace', 'FunctionSeries'): Unknown flag `--module`.
Run `jixia -h` for further information.

ERROR:jixia.run:error while processing ('Mathlib', 'Analysis', 'Convex', 'Star'): Unknown flag `--module`.
Run `jixia -h` for further information.

ERROR:jixia.run:error while processing ('Mathlib', 'Analysis', 'NormedSpace', 'MStructure'): Unknown flag `--module`.
Run `jixia -h` for further information.

ERROR:jixia.run:error while processing ('Mathlib', 'Analysis', 'Convex', 'Cone', 'Closure'): Unknown flag `--module`.
Run `jixia -h` for further information.

ERROR:jixia.run:error while processing ('Mathlib', 'Analysis', 'Convex', 'Cone', 'Basic'): Unknown flag `--module`.
Run `jixia -h` for further information.

ERROR:jixia.run:error while processing ('Mathlib', 'Analysis', 'Convex', 'Radon'): Unknown flag `--module`.
Run `jixia -h` for further information.

ERROR:jixia.run:error while processing ('Mathlib', 'Analysis', 'NormedSpace', 'Extend'): Unknown flag `--module`.
Run `jixia -h` for further information.

ERROR:jixia.run:error while processing ('Mathlib', 'Analysis', 'NormedSpace', 'FiniteDimension'): Unknown flag `--module`.
Run `jixia -h` for further information.

ERROR:jixia.run:error while processing ('Mathlib', 'Analysis', 'NormedSpace', 'AddTorsor'): Unknown flag `--module`.
Run `jixia -h` for further information.

ERROR:jixia.run:error while processing ('Mathlib', 'Analysis', 'Convex', 'Basic'): Unknown flag `--module`.
Run `jixia -h` for further information.

ERROR:jixia.run:error while processing ('Mathlib', 'Analysis', 'NormedSpace', 'BanachSteinhaus'): Unknown flag `--module`.
Run `jixia -h` for further information.

ERROR:jixia.run:error while processing ('Mathlib', 'Analysis', 'Convex', 'Caratheodory'): Unknown flag `--module`.
Run `jixia -h` for further information.

ERROR:jixia.run:error while processing ('Mathlib', 'Analysis', 'Convex', 'Cone', 'Pointed'): Unknown flag `--module`.
Run `jixia -h` for further information.

ERROR:jixia.run:error while processing ('Mathlib', 'Analysis', 'Convex', 'Uniform'): Unknown flag `--module`.
Run `jixia -h` for further information.

ERROR:jixia.run:error while processing ('Mathlib', 'Analysis', 'Asymptotics', 'AsymptoticEquivalent'): Unknown flag `--module`.
Run `jixia -h` for further information.

ERROR:jixia.run:error while processing ('Mathlib', 'Analysis', 'Convex', 'Independent'): Unknown flag `--module`.
Run `jixia -h` for further information.

ERROR:jixia.run:error while processing ('Mathlib', 'Analysis', 'Convex', 'Intrinsic'): Unknown flag `--module`.
Run `jixia -h` for further information.

ERROR:jixia.run:error while processing ('Mathlib', 'Analysis', 'Convex', 'Integral'): Unknown flag `--module`.
Run `jixia -h` for further information.

ERROR:jixia.run:error while processing ('Mathlib', 'Analysis', 'Fourier', 'PoissonSummation'): Unknown flag `--module`.
Run `jixia -h` for further information.

ERROR:jixia.run:error while processing ('Mathlib', 'Analysis', 'Fourier', 'FourierTransform'): Unknown flag `--module`.
Run `jixia -h` for further information.

ERROR:jixia.run:error while processing ('Mathlib', 'Analysis', 'Convex', 'Normed'): Unknown flag `--module`.
Run `jixia -h` for further information.

ERROR:jixia.run:error while processing ('Mathlib', 'Analysis', 'Convex', 'Extreme'): Unknown flag `--module`.
Run `jixia -h` for further information.

ERROR:jixia.run:error while processing ('Mathlib', 'Analysis', 'Convex', 'Hull'): Unknown flag `--module`.
Run `jixia -h` for further information.

ERROR:jixia.run:error while processing ('Mathlib', 'Analysis', 'Convex', 'Gauge'): Unknown flag `--module`.
Run `jixia -h` for further information.

ERROR:jixia.run:error while processing ('Mathlib', 'Analysis', 'Convex', 'Quasiconvex'): Unknown flag `--module`.
Run `jixia -h` for further information.

ERROR:jixia.run:error while processing ('Mathlib', 'Analysis', 'Convex', 'Function'): Unknown flag `--module`.
Run `jixia -h` for further information.

ERROR:jixia.run:error while processing ('Mathlib', 'Analysis', 'Convex', 'GaugeRescale'): Unknown flag `--module`.
Run `jixia -h` for further information.

ERROR:jixia.run:error while processing ('Mathlib', 'Analysis', 'Convex', 'Mul'): Unknown flag `--module`.
Run `jixia -h` for further information.

ERROR:jixia.run:error while processing ('Mathlib', 'Analysis', 'NormedSpace', 'AffineIsometry'): Unknown flag `--module`.
Run `jixia -h` for further information.

ERROR:jixia.run:error while processing ('Mathlib', 'Analysis', 'NormedSpace', 'Complemented'): Unknown flag `--module`.
Run `jixia -h` for further information.

ERROR:jixia.run:error while processing ('Mathlib', 'Analysis', 'NormedSpace', 'Connected'): Unknown flag `--module`.
Run `jixia -h` for further information.

ERROR:jixia.run:error while processing ('Mathlib', 'Analysis', 'NormedSpace', 'Real'): Unknown flag `--module`.
Run `jixia -h` for further information.

ERROR:jixia.run:error while processing ('Mathlib', 'Analysis', 'NormedSpace', 'Span'): Unknown flag `--module`.
Run `jixia -h` for further information.

ERROR:jixia.run:error while processing ('Mathlib', 'Analysis', 'NormedSpace', 'TrivSqZeroExt'): Unknown flag `--module`.
Run `jixia -h` for further information.

ERROR:jixia.run:error while processing ('Mathlib', 'Analysis', 'NormedSpace', 'Completion'): Unknown flag `--module`.
Run `jixia -h` for further information.

ERROR:jixia.run:error while processing ('Mathlib', 'Analysis', 'NormedSpace', 'Extr'): Unknown flag `--module`.
Run `jixia -h` for further information.

ERROR:jixia.run:error while processing ('Mathlib', 'Analysis', 'NormedSpace', 'ProdLp'): Unknown flag `--module`.
Run `jixia -h` for further information.

ERROR:jixia.run:error while processing ('Mathlib', 'Analysis', 'NormedSpace', 'QuaternionExponential'): Unknown flag `--module`.
Run `jixia -h` for further information.

ERROR:jixia.run:error while processing ('Mathlib', 'Analysis', 'NormedSpace', 'RieszLemma'): Unknown flag `--module`.
Run `jixia -h` for further information.

ERROR:jixia.run:error while processing ('Mathlib', 'Analysis', 'NormedSpace', 'Ray'): Unknown flag `--module`.
Run `jixia -h` for further information.

ERROR:jixia.run:error while processing ('Mathlib', 'Analysis', 'NormedSpace', 'Banach'): Unknown flag `--module`.
Run `jixia -h` for further information.

ERROR:jixia.run:error while processing ('Mathlib', 'Analysis', 'NormedSpace', 'Unitization'): Unknown flag `--module`.
Run `jixia -h` for further information.

ERROR:jixia.run:error while processing ('Mathlib', 'Analysis', 'NormedSpace', 'lpSpace'): Unknown flag `--module`.
Run `jixia -h` for further information.

ERROR:jixia.run:error while processing ('Mathlib', 'Analysis', 'NormedSpace', 'WithLp'): Unknown flag `--module`.
Run `jixia -h` for further information.

ERROR:jixia.run:error while processing ('Mathlib', 'Analysis', 'NormedSpace', 'BallAction'): Unknown flag `--module`.
Run `jixia -h` for further information.

ERROR:jixia.run:error while processing ('Mathlib', 'Analysis', 'NormedSpace', 'Dual'): Unknown flag `--module`.
Run `jixia -h` for further information.

ERROR:jixia.run:error while processing ('Mathlib', 'Analysis', 'NormedSpace', 'UnitizationL1'): Unknown flag `--module`.
Run `jixia -h` for further information.

ERROR:jixia.run:error while processing ('Mathlib', 'Analysis', 'NormedSpace', 'Basic'): Unknown flag `--module`.
Run `jixia -h` for further information.

ERROR:jixia.run:error while processing ('Mathlib', 'Analysis', 'NormedSpace', 'ConformalLinearMap'): Unknown flag `--module`.
Run `jixia -h` for further information.

ERROR:jixia.run:error while processing ('Mathlib', 'Analysis', 'NormedSpace', 'MatrixExponential'): Unknown flag `--module`.
Run `jixia -h` for further information.

ERROR:jixia.run:error while processing ('Mathlib', 'Analysis', 'NormedSpace', 'Star', 'ContinuousFunctionalCalculus', 'Instances'): Unknown flag `--module`.
Run `jixia -h` for further information.

ERROR:jixia.run:error while processing ('Mathlib', 'Analysis', 'NormedSpace', 'SphereNormEquiv'): Unknown flag `--module`.
Run `jixia -h` for further information.

ERROR:jixia.run:error while processing ('Mathlib', 'Analysis', 'NormedSpace', 'HahnBanach', 'SeparatingDual'): Unknown flag `--module`.
Run `jixia -h` for further information.

ERROR:jixia.run:error while processing ('Mathlib', 'Analysis', 'NormedSpace', 'ContinuousAffineMap'): Unknown flag `--module`.
Run `jixia -h` for further information.

ERROR:jixia.run:error while processing ('Mathlib', 'Analysis', 'Calculus', 'DiffContOnCl'): Unknown flag `--module`.
Run `jixia -h` for further information.

ERROR:jixia.run:error while processing ('Mathlib', 'Analysis', 'NormedSpace', 'HomeomorphBall'): Unknown flag `--module`.
Run `jixia -h` for further information.

ERROR:jixia.run:error while processing ('Mathlib', 'Analysis', 'NormedSpace', 'RCLike'): Unknown flag `--module`.
Run `jixia -h` for further information.

ERROR:jixia.run:error while processing ('Mathlib', 'Analysis', 'NormedSpace', 'LinearIsometry'): Unknown flag `--module`.
Run `jixia -h` for further information.

ERROR:jixia.run:error while processing ('Mathlib', 'Analysis', 'Calculus', 'FDeriv', 'Mul'): Unknown flag `--module`.
Run `jixia -h` for further information.

ERROR:jixia.run:error while processing ('Mathlib', 'Analysis', 'Calculus', 'FDeriv', 'Star'): Unknown flag `--module`.
Run `jixia -h` for further information.

ERROR:jixia.run:error while processing ('Mathlib', 'Analysis', 'NormedSpace', 'IndicatorFunction'): Unknown flag `--module`.
Run `jixia -h` for further information.

ERROR:jixia.run:error while processing ('Mathlib', 'Analysis', 'NormedSpace', 'Star', 'ContinuousFunctionalCalculus'): Unknown flag `--module`.
Run `jixia -h` for further information.

ERROR:jixia.run:error while processing ('Mathlib', 'Analysis', 'NormedSpace', 'LpEquiv'): Unknown flag `--module`.
Run `jixia -h` for further information.

ERROR:jixia.run:error while processing ('Mathlib', 'Analysis', 'NormedSpace', 'Star', 'Basic'): Unknown flag `--module`.
Run `jixia -h` for further information.

ERROR:jixia.run:error while processing ('Mathlib', 'Analysis', 'NormedSpace', 'ContinuousLinearMap'): Unknown flag `--module`.
Run `jixia -h` for further information.

ERROR:jixia.run:error while processing ('Mathlib', 'Analysis', 'NormedSpace', 'MazurUlam'): Unknown flag `--module`.
Run `jixia -h` for further information.

ERROR:jixia.run:error while processing ('Mathlib', 'Analysis', 'NormedSpace', 'PiLp'): Unknown flag `--module`.
Run `jixia -h` for further information.

ERROR:jixia.run:error while processing ('Mathlib', 'Analysis', 'NormedSpace', 'Star', 'Multiplier'): Unknown flag `--module`.
Run `jixia -h` for further information.

ERROR:jixia.run:error while processing ('Mathlib', 'Analysis', 'NormedSpace', 'DualNumber'): Unknown flag `--module`.
Run `jixia -h` for further information.

ERROR:jixia.run:error while processing ('Mathlib', 'Analysis', 'NormedSpace', 'Star', 'Matrix'): Unknown flag `--module`.
Run `jixia -h` for further information.

ERROR:jixia.run:error while processing ('Mathlib', 'Analysis', 'NormedSpace', 'PiTensorProduct', 'InjectiveSeminorm'): Unknown flag `--module`.
Run `jixia -h` for further information.

ERROR:jixia.run:error while processing ('Mathlib', 'Analysis', 'NormedSpace', 'Star', 'GelfandDuality'): Unknown flag `--module`.
Run `jixia -h` for further information.

ERROR:jixia.run:error while processing ('Mathlib', 'Analysis', 'NormedSpace', 'Star', 'Exponential'): Unknown flag `--module`.
Run `jixia -h` for further information.

ERROR:jixia.run:error while processing ('Mathlib', 'Analysis', 'NormedSpace', 'OperatorNorm', 'Basic'): Unknown flag `--module`.
Run `jixia -h` for further information.

ERROR:jixia.run:error while processing ('Mathlib', 'Analysis', 'NormedSpace', 'Star', 'Unitization'): Unknown flag `--module`.
Run `jixia -h` for further information.

ERROR:jixia.run:error while processing ('Mathlib', 'Analysis', 'NormedSpace', 'Star', 'Spectrum'): Unknown flag `--module`.
Run `jixia -h` for further information.

ERROR:jixia.run:error while processing ('Mathlib', 'Analysis', 'Calculus', 'TangentCone'): Unknown flag `--module`.
Run `jixia -h` for further information.

ERROR:jixia.run:error while processing ('Mathlib', 'Analysis', 'Calculus', 'FDeriv', 'Measurable'): Unknown flag `--module`.
Run `jixia -h` for further information.

ERROR:jixia.run:error while processing ('Mathlib', 'Analysis', 'NormedSpace', 'Int'): Unknown flag `--module`.
Run `jixia -h` for further information.

ERROR:jixia.run:error while processing ('Mathlib', 'Analysis', 'Calculus', 'UniformLimitsDeriv'): Unknown flag `--module`.
Run `jixia -h` for further information.

ERROR:jixia.run:error while processing ('Mathlib', 'Analysis', 'Calculus', 'AffineMap'): Unknown flag `--module`.
Run `jixia -h` for further information.

ERROR:jixia.run:error while processing ('Mathlib', 'Analysis', 'NormedSpace', 'ENorm'): Unknown flag `--module`.
Run `jixia -h` for further information.

ERROR:jixia.run:error while processing ('Mathlib', 'Analysis', 'NormedSpace', 'OperatorNorm', 'NormedSpace'): Unknown flag `--module`.
Run `jixia -h` for further information.

ERROR:jixia.run:error while processing ('Mathlib', 'Analysis', 'Calculus', 'Taylor'): Unknown flag `--module`.
Run `jixia -h` for further information.

ERROR:jixia.run:error while processing ('Mathlib', 'Analysis', 'Calculus', 'ParametricIntegral'): Unknown flag `--module`.
Run `jixia -h` for further information.

ERROR:jixia.run:error while processing ('Mathlib', 'Analysis', 'Distribution', 'AEEqOfIntegralContDiff'): Unknown flag `--module`.
Run `jixia -h` for further information.

ERROR:jixia.run:error while processing ('Mathlib', 'Analysis', 'Calculus', 'FDeriv', 'Extend'): Unknown flag `--module`.
Run `jixia -h` for further information.

ERROR:jixia.run:error while processing ('Mathlib', 'Analysis', 'NormedSpace', 'OperatorNorm', 'Mul'): Unknown flag `--module`.
Run `jixia -h` for further information.

ERROR:jixia.run:error while processing ('Mathlib', 'Analysis', 'NormedSpace', 'OperatorNorm', 'Bilinear'): Unknown flag `--module`.
Run `jixia -h` for further information.

ERROR:jixia.run:error while processing ('Mathlib', 'Analysis', 'NormedSpace', 'HahnBanach', 'Separation'): Unknown flag `--module`.
Run `jixia -h` for further information.

ERROR:jixia.run:error while processing ('Mathlib', 'Analysis', 'Calculus', 'Dslope'): Unknown flag `--module`.
Run `jixia -h` for further information.

ERROR:jixia.run:error while processing ('Mathlib', 'Analysis', 'NormedSpace', 'CompactOperator'): Unknown flag `--module`.
Run `jixia -h` for further information.

ERROR:jixia.run:error while processing ('Mathlib', 'Analysis', 'Calculus', 'FormalMultilinearSeries'): Unknown flag `--module`.
Run `jixia -h` for further information.

ERROR:jixia.run:error while processing ('Mathlib', 'Analysis', 'Calculus', 'SmoothSeries'): Unknown flag `--module`.
Run `jixia -h` for further information.

ERROR:jixia.run:error while processing ('Mathlib', 'Analysis', 'Calculus', 'Rademacher'): Unknown flag `--module`.
Run `jixia -h` for further information.

ERROR:jixia.run:error while processing ('Mathlib', 'Analysis', 'NormedSpace', 'PiTensorProduct', 'ProjectiveSeminorm'): Unknown flag `--module`.
Run `jixia -h` for further information.

ERROR:jixia.run:error while processing ('Mathlib', 'Analysis', 'Calculus', 'FDeriv', 'Analytic'): Unknown flag `--module`.
Run `jixia -h` for further information.

ERROR:jixia.run:error while processing ('Mathlib', 'Analysis', 'Calculus', 'Monotone'): Unknown flag `--module`.
Run `jixia -h` for further information.

ERROR:jixia.run:error while processing ('Mathlib', 'Analysis', 'Calculus', 'LagrangeMultipliers'): Unknown flag `--module`.
Run `jixia -h` for further information.

ERROR:jixia.run:error while processing ('Mathlib', 'Analysis', 'Calculus', 'FDeriv', 'RestrictScalars'): Unknown flag `--module`.
Run `jixia -h` for further information.

ERROR:jixia.run:error while processing ('Mathlib', 'Analysis', 'NormedSpace', 'Units'): Unknown flag `--module`.
Run `jixia -h` for further information.

ERROR:jixia.run:error while processing ('Mathlib', 'Analysis', 'Calculus', 'BumpFunction', 'Convolution'): Unknown flag `--module`.
Run `jixia -h` for further information.

ERROR:jixia.run:error while processing ('Mathlib', 'Analysis', 'Calculus', 'Darboux'): Unknown flag `--module`.
Run `jixia -h` for further information.

ERROR:jixia.run:error while processing ('Mathlib', 'Analysis', 'NormedSpace', 'OperatorNorm', 'Completeness'): Unknown flag `--module`.
Run `jixia -h` for further information.

ERROR:jixia.run:error while processing ('Mathlib', 'Analysis', 'NormedSpace', 'Pointwise'): Unknown flag `--module`.
Run `jixia -h` for further information.

ERROR:jixia.run:error while processing ('Mathlib', 'Analysis', 'NormedSpace', 'Star', 'ContinuousFunctionalCalculus', 'Restrict'): Unknown flag `--module`.
Run `jixia -h` for further information.

ERROR:jixia.run:error while processing ('Mathlib', 'Analysis', 'NormedSpace', 'WeakDual'): Unknown flag `--module`.
Run `jixia -h` for further information.

ERROR:jixia.run:error while processing ('Mathlib', 'Analysis', 'NormedSpace', 'BoundedLinearMaps'): Unknown flag `--module`.
Run `jixia -h` for further information.

ERROR:jixia.run:error while processing ('Mathlib', 'Analysis', 'Calculus', 'LineDeriv', 'IntegrationByParts'): Unknown flag `--module`.
Run `jixia -h` for further information.

ERROR:jixia.run:error while processing ('Mathlib', 'Analysis', 'NormedSpace', 'Star', 'ContinuousFunctionalCalculus', 'Order'): Unknown flag `--module`.
Run `jixia -h` for further information.

ERROR:jixia.run:error while processing ('Mathlib', 'Analysis', 'NormedSpace', 'OperatorNorm', 'Asymptotics'): Unknown flag `--module`.
Run `jixia -h` for further information.

ERROR:jixia.run:error while processing ('Mathlib', 'Analysis', 'NormedSpace', 'OperatorNorm', 'Prod'): Unknown flag `--module`.
Run `jixia -h` for further information.

ERROR:jixia.run:error while processing ('Mathlib', 'Analysis', 'NormedSpace', 'OperatorNorm', 'NNNorm'): Unknown flag `--module`.
Run `jixia -h` for further information.

ERROR:jixia.run:error while processing ('Mathlib', 'Analysis', 'Calculus', 'FDeriv', 'Pi'): Unknown flag `--module`.
Run `jixia -h` for further information.

ERROR:jixia.run:error while processing ('Mathlib', 'Analysis', 'Calculus', 'IteratedDeriv', 'Lemmas'): Unknown flag `--module`.
Run `jixia -h` for further information.

ERROR:jixia.run:error while processing ('Mathlib', 'Analysis', 'Calculus', 'FDeriv', 'Comp'): Unknown flag `--module`.
Run `jixia -h` for further information.

ERROR:jixia.run:error while processing ('Mathlib', 'Analysis', 'Calculus', 'LocalExtr', 'Basic'): Unknown flag `--module`.
Run `jixia -h` for further information.

ERROR:jixia.run:error while processing ('Mathlib', 'Analysis', 'NormedSpace', 'Multilinear', 'Basic'): Unknown flag `--module`.
Run `jixia -h` for further information.

ERROR:jixia.run:error while processing ('Mathlib', 'Analysis', 'NormedSpace', 'HahnBanach', 'Extension'): Unknown flag `--module`.
Run `jixia -h` for further information.

ERROR:jixia.run:error while processing ('Mathlib', 'Analysis', 'Calculus', 'InverseFunctionTheorem', 'ContDiff'): Unknown flag `--module`.
Run `jixia -h` for further information.

ERROR:jixia.run:error while processing ('Mathlib', 'Analysis', 'Calculus', 'FDeriv', 'Basic'): Unknown flag `--module`.
Run `jixia -h` for further information.

ERROR:jixia.run:error while processing ('Mathlib', 'Analysis', 'NormedSpace', 'Spectrum'): Unknown flag `--module`.
Run `jixia -h` for further information.

ERROR:jixia.run:error while processing ('Mathlib', 'Analysis', 'NormedSpace', 'AddTorsorBases'): Unknown flag `--module`.
Run `jixia -h` for further information.

ERROR:jixia.run:error while processing ('Mathlib', 'Analysis', 'Calculus', 'FDeriv', 'Bilinear'): Unknown flag `--module`.
Run `jixia -h` for further information.

ERROR:jixia.run:error while processing ('Mathlib', 'Analysis', 'Calculus', 'FDeriv', 'Linear'): Unknown flag `--module`.
Run `jixia -h` for further information.

ERROR:jixia.run:error while processing ('Mathlib', 'Analysis', 'Calculus', 'LHopital'): Unknown flag `--module`.
Run `jixia -h` for further information.

ERROR:jixia.run:error while processing ('Mathlib', 'Analysis', 'NormedSpace', 'Algebra'): Unknown flag `--module`.
Run `jixia -h` for further information.

ERROR:jixia.run:error while processing ('Mathlib', 'Analysis', 'Calculus', 'InverseFunctionTheorem', 'FiniteDimensional'): Unknown flag `--module`.
Run `jixia -h` for further information.

ERROR:jixia.run:error while processing ('Mathlib', 'Analysis', 'Calculus', 'BumpFunction', 'FiniteDimension'): Unknown flag `--module`.
Run `jixia -h` for further information.

ERROR:jixia.run:error while processing ('Mathlib', 'Analysis', 'Calculus', 'FDeriv', 'Prod'): Unknown flag `--module`.
Run `jixia -h` for further information.

ERROR:jixia.run:error while processing ('Mathlib', 'Analysis', 'Calculus', 'InverseFunctionTheorem', 'FDeriv'): Unknown flag `--module`.
Run `jixia -h` for further information.

ERROR:jixia.run:error while processing ('Mathlib', 'Analysis', 'Calculus', 'BumpFunction', 'Basic'): Unknown flag `--module`.
Run `jixia -h` for further information.

ERROR:jixia.run:error while processing ('Mathlib', 'Analysis', 'Calculus', 'LineDeriv', 'Basic'): Unknown flag `--module`.
Run `jixia -h` for further information.

ERROR:jixia.run:error while processing ('Mathlib', 'Analysis', 'Calculus', 'Conformal', 'InnerProduct'): Unknown flag `--module`.
Run `jixia -h` for further information.

ERROR:jixia.run:error while processing ('Mathlib', 'Analysis', 'Calculus', 'ParametricIntervalIntegral'): Unknown flag `--module`.
Run `jixia -h` for further information.

ERROR:jixia.run:error while processing ('Mathlib', 'Analysis', 'Calculus', 'Gradient', 'Basic'): Unknown flag `--module`.
Run `jixia -h` for further information.

ERROR:jixia.run:error while processing ('Mathlib', 'Analysis', 'Calculus', 'InverseFunctionTheorem', 'Deriv'): Unknown flag `--module`.
Run `jixia -h` for further information.

ERROR:jixia.run:error while processing ('Mathlib', 'Analysis', 'Calculus', 'Conformal', 'NormedSpace'): Unknown flag `--module`.
Run `jixia -h` for further information.

ERROR:jixia.run:error while processing ('Mathlib', 'Analysis', 'Calculus', 'LineDeriv', 'Measurable'): Unknown flag `--module`.
Run `jixia -h` for further information.

ERROR:jixia.run:error while processing ('Mathlib', 'Analysis', 'Calculus', 'Deriv', 'Pow'): Unknown flag `--module`.
Run `jixia -h` for further information.

ERROR:jixia.run:error while processing ('Mathlib', 'Analysis', 'NormedSpace', 'Multilinear', 'Curry'): Unknown flag `--module`.
Run `jixia -h` for further information.

ERROR:jixia.run:error while processing ('Mathlib', 'Analysis', 'Calculus', 'FDeriv', 'Equiv'): Unknown flag `--module`.
Run `jixia -h` for further information.

ERROR:jixia.run:error while processing ('Mathlib', 'Analysis', 'Calculus', 'Implicit'): Unknown flag `--module`.
Run `jixia -h` for further information.

ERROR:jixia.run:error while processing ('Mathlib', 'Analysis', 'Calculus', 'BumpFunction', 'InnerProduct'): Unknown flag `--module`.
Run `jixia -h` for further information.

ERROR:jixia.run:error while processing ('Mathlib', 'Analysis', 'Calculus', 'FDeriv', 'Add'): Unknown flag `--module`.
Run `jixia -h` for further information.

ERROR:jixia.run:error while processing ('Mathlib', 'Analysis', 'Calculus', 'FDeriv', 'Symmetric'): Unknown flag `--module`.
Run `jixia -h` for further information.

ERROR:jixia.run:error while processing ('Mathlib', 'Analysis', 'Distribution', 'FourierSchwartz'): Unknown flag `--module`.
Run `jixia -h` for further information.

ERROR:jixia.run:error while processing ('Mathlib', 'Analysis', 'Calculus', 'MeanValue'): Unknown flag `--module`.
Run `jixia -h` for further information.

ERROR:jixia.run:error while processing ('Mathlib', 'Analysis', 'Calculus', 'BumpFunction', 'Normed'): Unknown flag `--module`.
Run `jixia -h` for further information.

ERROR:jixia.run:error while processing ('Mathlib', 'Analysis', 'Distribution', 'SchwartzSpace'): Unknown flag `--module`.
Run `jixia -h` for further information.

ERROR:jixia.run:error while processing ('Mathlib', 'Analysis', 'Calculus', 'LocalExtr', 'Rolle'): Unknown flag `--module`.
Run `jixia -h` for further information.

ERROR:jixia.run:error while processing ('Mathlib', 'Analysis', 'Calculus', 'IteratedDeriv', 'Defs'): Unknown flag `--module`.
Run `jixia -h` for further information.

ERROR:jixia.run:error while processing ('Mathlib', 'Analysis', 'Calculus', 'LocalExtr', 'Polynomial'): Unknown flag `--module`.
Run `jixia -h` for further information.

ERROR:jixia.run:error while processing ('Mathlib', 'Analysis', 'Calculus', 'Deriv', 'Basic'): Unknown flag `--module`.
Run `jixia -h` for further information.

ERROR:jixia.run:error while processing ('Mathlib', 'Analysis', 'Calculus', 'Deriv', 'Slope'): Unknown flag `--module`.
Run `jixia -h` for further information.

ERROR:jixia.run:error while processing ('Mathlib', 'Analysis', 'Calculus', 'InverseFunctionTheorem', 'ApproximatesLinearOn'): Unknown flag `--module`.
Run `jixia -h` for further information.

ERROR:jixia.run:error while processing ('Mathlib', 'Analysis', 'Calculus', 'Deriv', 'Comp'): Unknown flag `--module`.
Run `jixia -h` for further information.

ERROR:jixia.run:error while processing ('Mathlib', 'Analysis', 'Calculus', 'Deriv', 'Add'): Unknown flag `--module`.
Run `jixia -h` for further information.

ERROR:jixia.run:error while processing ('Mathlib', 'Analysis', 'Calculus', 'Deriv', 'Mul'): Unknown flag `--module`.
Run `jixia -h` for further information.

ERROR:jixia.run:error while processing ('Mathlib', 'Analysis', 'Calculus', 'Deriv', 'Inverse'): Unknown flag `--module`.
Run `jixia -h` for further information.

ERROR:jixia.run:error while processing ('Mathlib', 'Analysis', 'Calculus', 'Deriv', 'Prod'): Unknown flag `--module`.
Run `jixia -h` for further information.

ERROR:jixia.run:error while processing ('Mathlib', 'Analysis', 'Calculus', 'Deriv', 'Star'): Unknown flag `--module`.
Run `jixia -h` for further information.

ERROR:jixia.run:error while processing ('Mathlib', 'Analysis', 'SpecialFunctions', 'Gamma', 'Deligne'): Unknown flag `--module`.
Run `jixia -h` for further information.

ERROR:jixia.run:error while processing ('Mathlib', 'Analysis', 'Calculus', 'Deriv', 'Pi'): Unknown flag `--module`.
Run `jixia -h` for further information.

ERROR:jixia.run:error while processing ('Mathlib', 'Analysis', 'SpecialFunctions', 'Gaussian', 'FourierTransform'): Unknown flag `--module`.
Run `jixia -h` for further information.

ERROR:jixia.run:error while processing ('Mathlib', 'Analysis', 'SpecialFunctions', 'Log', 'Basic'): Unknown flag `--module`.
Run `jixia -h` for further information.

ERROR:jixia.run:error while processing ('Mathlib', 'Analysis', 'SpecialFunctions', 'Log', 'Monotone'): Unknown flag `--module`.
Run `jixia -h` for further information.

ERROR:jixia.run:error while processing ('Mathlib', 'Analysis', 'SpecialFunctions', 'Bernstein'): Unknown flag `--module`.
Run `jixia -h` for further information.

ERROR:jixia.run:error while processing ('Mathlib', 'Analysis', 'SpecialFunctions', 'Complex', 'LogDeriv'): Unknown flag `--module`.
Run `jixia -h` for further information.

ERROR:jixia.run:error while processing ('Mathlib', 'Analysis', 'SpecialFunctions', 'PolynomialExp'): Unknown flag `--module`.
Run `jixia -h` for further information.

ERROR:jixia.run:error while processing ('Mathlib', 'Analysis', 'SpecialFunctions', 'Gamma', 'Basic'): Unknown flag `--module`.
Run `jixia -h` for further information.

ERROR:jixia.run:error while processing ('Mathlib', 'Analysis', 'SpecialFunctions', 'Complex', 'Arctan'): Unknown flag `--module`.
Run `jixia -h` for further information.

ERROR:jixia.run:error while processing ('Mathlib', 'Analysis', 'BoxIntegral', 'Box', 'SubboxInduction'): Unknown flag `--module`.
Run `jixia -h` for further information.

ERROR:jixia.run:error while processing ('Mathlib', 'Analysis', 'Calculus', 'Deriv', 'AffineMap'): Unknown flag `--module`.
Run `jixia -h` for further information.

ERROR:jixia.run:error while processing ('Mathlib', 'Analysis', 'Calculus', 'ContDiff', 'Defs'): Unknown flag `--module`.
Run `jixia -h` for further information.

ERROR:jixia.run:error while processing ('Mathlib', 'Analysis', 'Calculus', 'Deriv', 'Shift'): Unknown flag `--module`.
Run `jixia -h` for further information.

ERROR:jixia.run:error while processing ('Mathlib', 'Analysis', 'SpecialFunctions', 'Complex', 'Log'): Unknown flag `--module`.
Run `jixia -h` for further information.

ERROR:jixia.run:error while processing ('Mathlib', 'Analysis', 'SpecialFunctions', 'Trigonometric', 'Bounds'): Unknown flag `--module`.
Run `jixia -h` for further information.

ERROR:jixia.run:error while processing ('Mathlib', 'Analysis', 'SpecialFunctions', 'Pow', 'Continuity'): Unknown flag `--module`.
Run `jixia -h` for further information.

ERROR:jixia.run:error while processing ('Mathlib', 'Analysis', 'Calculus', 'Deriv', 'Polynomial'): Unknown flag `--module`.
Run `jixia -h` for further information.

ERROR:jixia.run:error while processing ('Mathlib', 'Analysis', 'BoxIntegral', 'Partition', 'Measure'): Unknown flag `--module`.
Run `jixia -h` for further information.

ERROR:jixia.run:error while processing ('Mathlib', 'Analysis', 'SpecialFunctions', 'Trigonometric', 'Basic'): Unknown flag `--module`.
Run `jixia -h` for further information.

ERROR:jixia.run:error while processing ('Mathlib', 'Analysis', 'BoxIntegral', 'Partition', 'Additive'): Unknown flag `--module`.
Run `jixia -h` for further information.

ERROR:jixia.run:error while processing ('Mathlib', 'Analysis', 'BoxIntegral', 'Box', 'Basic'): Unknown flag `--module`.
Run `jixia -h` for further information.

ERROR:jixia.run:error while processing ('Mathlib', 'Analysis', 'SpecialFunctions', 'Complex', 'Arg'): Unknown flag `--module`.
Run `jixia -h` for further information.

ERROR:jixia.run:error while processing ('Mathlib', 'Analysis', 'SpecialFunctions', 'JapaneseBracket'): Unknown flag `--module`.
Run `jixia -h` for further information.

ERROR:jixia.run:error while processing ('Mathlib', 'Analysis', 'SpecialFunctions', 'Stirling'): Unknown flag `--module`.
Run `jixia -h` for further information.

ERROR:jixia.run:error while processing ('Mathlib', 'Analysis', 'SpecialFunctions', 'Trigonometric', 'InverseDeriv'): Unknown flag `--module`.
Run `jixia -h` for further information.

ERROR:jixia.run:error while processing ('Mathlib', 'Analysis', 'Calculus', 'Deriv', 'Support'): Unknown flag `--module`.
Run `jixia -h` for further information.

ERROR:jixia.run:error while processing ('Mathlib', 'Analysis', 'SpecialFunctions', 'Sqrt'): Unknown flag `--module`.
Run `jixia -h` for further information.

ERROR:jixia.run:error while processing ('Mathlib', 'Analysis', 'FunctionalSpaces', 'SobolevInequality'): Unknown flag `--module`.
Run `jixia -h` for further information.

ERROR:jixia.run:error while processing ('Mathlib', 'Analysis', 'SpecialFunctions', 'SmoothTransition'): Unknown flag `--module`.
Run `jixia -h` for further information.

ERROR:jixia.run:error while processing ('Mathlib', 'Analysis', 'Calculus', 'Deriv', 'Linear'): Unknown flag `--module`.
Run `jixia -h` for further information.

ERROR:jixia.run:error while processing ('Mathlib', 'Analysis', 'Calculus', 'ContDiff', 'Basic'): Unknown flag `--module`.
Run `jixia -h` for further information.

ERROR:jixia.run:error while processing ('Mathlib', 'Analysis', 'Calculus', 'ContDiff', 'FiniteDimension'): Unknown flag `--module`.
Run `jixia -h` for further information.

ERROR:jixia.run:error while processing ('Mathlib', 'Analysis', 'Calculus', 'Deriv', 'ZPow'): Unknown flag `--module`.
Run `jixia -h` for further information.

ERROR:jixia.run:error while processing ('Mathlib', 'Analysis', 'SpecialFunctions', 'CompareExp'): Unknown flag `--module`.
Run `jixia -h` for further information.

ERROR:jixia.run:error while processing ('Mathlib', 'Analysis', 'Calculus', 'ContDiff', 'RCLike'): Unknown flag `--module`.
Run `jixia -h` for further information.

ERROR:jixia.run:error while processing ('Mathlib', 'Analysis', 'SpecialFunctions', 'Complex', 'Analytic'): Unknown flag `--module`.
Run `jixia -h` for further information.

ERROR:jixia.run:error while processing ('Mathlib', 'Analysis', 'SpecialFunctions', 'Trigonometric', 'Chebyshev'): Unknown flag `--module`.
Run `jixia -h` for further information.

ERROR:jixia.run:error while processing ('Mathlib', 'Analysis', 'SpecialFunctions', 'Gamma', 'BohrMollerup'): Unknown flag `--module`.
Run `jixia -h` for further information.

ERROR:jixia.run:error while processing ('Mathlib', 'Analysis', 'SpecialFunctions', 'Pow', 'NNReal'): Unknown flag `--module`.
Run `jixia -h` for further information.

ERROR:jixia.run:error while processing ('Mathlib', 'Analysis', 'SpecialFunctions', 'Integrals'): Unknown flag `--module`.
Run `jixia -h` for further information.

ERROR:jixia.run:error while processing ('Mathlib', 'Lean', 'Exception'): Unknown flag `--module`.
Run `jixia -h` for further information.

ERROR:jixia.run:error while processing ('Mathlib', 'Analysis', 'SpecialFunctions', 'Pow', 'Complex'): Unknown flag `--module`.
Run `jixia -h` for further information.

ERROR:jixia.run:error while processing ('Mathlib', 'Analysis', 'SpecialFunctions', 'ImproperIntegrals'): Unknown flag `--module`.
Run `jixia -h` for further information.

ERROR:jixia.run:error while processing ('Mathlib', 'Analysis', 'SpecialFunctions', 'Exponential'): Unknown flag `--module`.
Run `jixia -h` for further information.

ERROR:jixia.run:error while processing ('Mathlib', 'Analysis', 'SpecialFunctions', 'Log', 'NegMulLog'): Unknown flag `--module`.
Run `jixia -h` for further information.

ERROR:jixia.run:error while processing ('Mathlib', 'Analysis', 'SpecialFunctions', 'Gamma', 'Beta'): Unknown flag `--module`.
Run `jixia -h` for further information.

ERROR:jixia.run:error while processing ('Mathlib', 'Analysis', 'Calculus', 'Deriv', 'Inv'): Unknown flag `--module`.
Run `jixia -h` for further information.

ERROR:jixia.run:error while processing ('Mathlib', 'Analysis', 'BoxIntegral', 'Basic'): Unknown flag `--module`.
Run `jixia -h` for further information.

ERROR:jixia.run:error while processing ('Mathlib', 'Analysis', 'SpecialFunctions', 'Exp'): Unknown flag `--module`.
Run `jixia -h` for further information.

ERROR:jixia.run:error while processing ('Mathlib', 'Analysis', 'Calculus', 'ContDiff', 'Bounds'): Unknown flag `--module`.
Run `jixia -h` for further information.

ERROR:jixia.run:error while processing ('Mathlib', 'Analysis', 'SpecialFunctions', 'Trigonometric', 'Complex'): Unknown flag `--module`.
Run `jixia -h` for further information.

ERROR:jixia.run:error while processing ('Mathlib', 'Analysis', 'SpecialFunctions', 'Gaussian', 'PoissonSummation'): Unknown flag `--module`.
Run `jixia -h` for further information.

ERROR:jixia.run:error while processing ('Mathlib', 'Lean', 'Name'): Unknown flag `--module`.
Run `jixia -h` for further information.

ERROR:jixia.run:error while processing ('Mathlib', 'Analysis', 'SpecialFunctions', 'Pow', 'Deriv'): Unknown flag `--module`.
Run `jixia -h` for further information.

ERROR:jixia.run:error while processing ('Mathlib', 'Analysis', 'BoxIntegral', 'Partition', 'SubboxInduction'): Unknown flag `--module`.
Run `jixia -h` for further information.

ERROR:jixia.run:error while processing ('Mathlib', 'Analysis', 'SpecialFunctions', 'Complex', 'Circle'): Unknown flag `--module`.
Run `jixia -h` for further information.

ERROR:jixia.run:error while processing ('Mathlib', 'Analysis', 'SpecialFunctions', 'Polynomials'): Unknown flag `--module`.
Run `jixia -h` for further information.

ERROR:jixia.run:error while processing ('Mathlib', 'Analysis', 'SpecialFunctions', 'Trigonometric', 'ComplexDeriv'): Unknown flag `--module`.
Run `jixia -h` for further information.

ERROR:jixia.run:error while processing ('Mathlib', 'Analysis', 'SpecialFunctions', 'Pow', 'Real'): Unknown flag `--module`.
Run `jixia -h` for further information.

ERROR:jixia.run:error while processing ('Mathlib', 'Analysis', 'SpecialFunctions', 'NonIntegrable'): Unknown flag `--module`.
Run `jixia -h` for further information.

ERROR:jixia.run:error while processing ('Mathlib', 'Analysis', 'BoxIntegral', 'Partition', 'Tagged'): Unknown flag `--module`.
Run `jixia -h` for further information.

ERROR:jixia.run:error while processing ('Mathlib', 'Lean', 'Message'): Unknown flag `--module`.
Run `jixia -h` for further information.

ERROR:jixia.run:error while processing ('Mathlib', 'Analysis', 'RCLike', 'Lemmas'): Unknown flag `--module`.
Run `jixia -h` for further information.

ERROR:jixia.run:error while processing ('Mathlib', 'Analysis', 'SpecialFunctions', 'Trigonometric', 'Deriv'): Unknown flag `--module`.
Run `jixia -h` for further information.

ERROR:jixia.run:error while processing ('Mathlib', 'Lean', 'PrettyPrinter', 'Delaborator'): Unknown flag `--module`.
Run `jixia -h` for further information.

ERROR:jixia.run:error while processing ('Mathlib', 'Analysis', 'SpecialFunctions', 'Trigonometric', 'ArctanDeriv'): Unknown flag `--module`.
Run `jixia -h` for further information.

ERROR:jixia.run:error while processing ('Mathlib', 'Lean', 'Thunk'): Unknown flag `--module`.
Run `jixia -h` for further information.

ERROR:jixia.run:error while processing ('Mathlib', 'Analysis', 'RCLike', 'Basic'): Unknown flag `--module`.
Run `jixia -h` for further information.

ERROR:jixia.run:error while processing ('Mathlib', 'Lean', 'Meta', 'Simp'): Unknown flag `--module`.
Run `jixia -h` for further information.

ERROR:jixia.run:error while processing ('Mathlib', 'Analysis', 'BoxIntegral', 'DivergenceTheorem'): Unknown flag `--module`.
Run `jixia -h` for further information.

ERROR:jixia.run:error while processing ('Mathlib', 'Analysis', 'SpecialFunctions', 'Log', 'Base'): Unknown flag `--module`.
Run `jixia -h` for further information.

ERROR:jixia.run:error while processing ('Mathlib', 'Analysis', 'BoxIntegral', 'Partition', 'Split'): Unknown flag `--module`.
Run `jixia -h` for further information.

ERROR:jixia.run:error while processing ('Mathlib', 'Lean', 'Expr', 'Basic'): Unknown flag `--module`.
Run `jixia -h` for further information.

ERROR:jixia.run:error while processing ('Mathlib', 'Lean', 'Expr', 'ExtraRecognizers'): Unknown flag `--module`.
Run `jixia -h` for further information.

ERROR:jixia.run:error while processing ('Mathlib', 'Analysis', 'SpecialFunctions', 'Pow', 'Asymptotics'): Unknown flag `--module`.
Run `jixia -h` for further information.

ERROR:jixia.run:error while processing ('Mathlib', 'Lean', 'EnvExtension'): Unknown flag `--module`.
Run `jixia -h` for further information.

ERROR:jixia.run:error while processing ('Mathlib', 'Lean', 'Meta'): Unknown flag `--module`.
Run `jixia -h` for further information.

ERROR:jixia.run:error while processing ('Mathlib', 'Analysis', 'BoxIntegral', 'Partition', 'Basic'): Unknown flag `--module`.
Run `jixia -h` for further information.

ERROR:jixia.run:error while processing ('Mathlib', 'Analysis', 'SpecialFunctions', 'Complex', 'LogBounds'): Unknown flag `--module`.
Run `jixia -h` for further information.

ERROR:jixia.run:error while processing ('Mathlib', 'Analysis', 'SpecialFunctions', 'Trigonometric', 'Arctan'): Unknown flag `--module`.
Run `jixia -h` for further information.

ERROR:jixia.run:error while processing ('Mathlib', 'Analysis', 'SpecialFunctions', 'ExpDeriv'): Unknown flag `--module`.
Run `jixia -h` for further information.

ERROR:jixia.run:error while processing ('Mathlib', 'Lean', 'LocalContext'): Unknown flag `--module`.
Run `jixia -h` for further information.

ERROR:jixia.run:error while processing ('Mathlib', 'Lean', 'Json'): Unknown flag `--module`.
Run `jixia -h` for further information.

ERROR:jixia.run:error while processing ('Mathlib', 'Analysis', 'SpecialFunctions', 'Trigonometric', 'Series'): Unknown flag `--module`.
Run `jixia -h` for further information.

ERROR:jixia.run:error while processing ('Mathlib', 'Analysis', 'BoxIntegral', 'Partition', 'Filter'): Unknown flag `--module`.
Run `jixia -h` for further information.

ERROR:jixia.run:error while processing ('Mathlib', 'Lean', 'Expr', 'ReplaceRec'): Unknown flag `--module`.
Run `jixia -h` for further information.

ERROR:jixia.run:error while processing ('Mathlib', 'Analysis', 'SpecialFunctions', 'Gaussian', 'GaussianIntegral'): Unknown flag `--module`.
Run `jixia -h` for further information.

ERROR:jixia.run:error while processing ('Mathlib', 'Lean', 'Expr'): Unknown flag `--module`.
Run `jixia -h` for further information.

ERROR:jixia.run:error while processing ('Mathlib', 'Analysis', 'SpecialFunctions', 'Pow', 'Integral'): Unknown flag `--module`.
Run `jixia -h` for further information.

ERROR:jixia.run:error while processing ('Mathlib', 'Analysis', 'SpecialFunctions', 'Log', 'Deriv'): Unknown flag `--module`.
Run `jixia -h` for further information.

ERROR:jixia.run:error while processing ('Mathlib', 'Analysis', 'SpecialFunctions', 'Trigonometric', 'EulerSineProd'): Unknown flag `--module`.
Run `jixia -h` for further information.

ERROR:jixia.run:error while processing ('Mathlib', 'Lean', 'Meta', 'CongrTheorems'): Unknown flag `--module`.
Run `jixia -h` for further information.

ERROR:jixia.run:error while processing ('Mathlib', 'Analysis', 'SpecialFunctions', 'Trigonometric', 'Angle'): Unknown flag `--module`.
Run `jixia -h` for further information.

ERROR:jixia.run:error while processing ('Mathlib', 'Analysis', 'SpecialFunctions', 'Arsinh'): Unknown flag `--module`.
Run `jixia -h` for further information.

ERROR:jixia.run:error while processing ('Mathlib', 'Analysis', 'SpecialFunctions', 'Trigonometric', 'Inverse'): Unknown flag `--module`.
Run `jixia -h` for further information.

ERROR:jixia.run:error while processing ('Mathlib', 'Analysis', 'SpecialFunctions', 'PolarCoord'): Unknown flag `--module`.
Run `jixia -h` for further information.

ERROR:jixia.run:error while processing ('Mathlib', 'Lean', 'Meta', 'Basic'): Unknown flag `--module`.
Run `jixia -h` for further information.

ERROR:jixia.run:error while processing ('Mathlib', 'Analysis', 'BoxIntegral', 'Integrability'): Unknown flag `--module`.
Run `jixia -h` for further information.

ERROR:jixia.run:error while processing ('Mathlib', 'Lean', 'CoreM'): Unknown flag `--module`.
Run `jixia -h` for further information.

ERROR:jixia.run:error while processing ('Mathlib', 'Lean', 'Elab', 'Tactic', 'Basic'): Unknown flag `--module`.
Run `jixia -h` for further information.

ERROR:jixia.run:error while processing ('Mathlib', 'Analysis', 'SpecialFunctions', 'Log', 'ENNReal'): Unknown flag `--module`.
Run `jixia -h` for further information.

ERROR:jixia.run:error while processing ('Mathlib', 'Lean', 'Elab', 'Term'): Unknown flag `--module`.
Run `jixia -h` for further information.

ERROR:jixia.run:error while processing ('Mathlib', 'Lean', 'Meta', 'DiscrTree'): Unknown flag `--module`.
Run `jixia -h` for further information.

ERROR:jixia.run:error while processing ('Mathlib', 'Init', 'Core'): Unknown flag `--module`.
Run `jixia -h` for further information.

ERROR:jixia.run:error while processing ('Mathlib', 'Init', 'Function'): Unknown flag `--module`.
Run `jixia -h` for further information.

ERROR:jixia.run:error while processing ('Mathlib', 'Init', 'Align'): Unknown flag `--module`.
Run `jixia -h` for further information.

ERROR:jixia.run:error while processing ('Mathlib', 'Init', 'Logic'): Unknown flag `--module`.
Run `jixia -h` for further information.

ERROR:jixia.run:error while processing ('Mathlib', 'Init', 'Classical'): Unknown flag `--module`.
Run `jixia -h` for further information.

ERROR:jixia.run:error while processing ('Mathlib', 'Init', 'ZeroOne'): Unknown flag `--module`.
Run `jixia -h` for further information.

ERROR:jixia.run:error while processing ('Mathlib', 'Init', 'Quot'): Unknown flag `--module`.
Run `jixia -h` for further information.

ERROR:jixia.run:error while processing ('Mathlib', 'Init', 'Set'): Unknown flag `--module`.
Run `jixia -h` for further information.

ERROR:jixia.run:error while processing ('Mathlib', 'Init', 'Data', 'Ordering', 'Basic'): Unknown flag `--module`.
Run `jixia -h` for further information.

ERROR:jixia.run:error while processing ('Mathlib', 'Combinatorics', 'Pigeonhole'): Unknown flag `--module`.
Run `jixia -h` for further information.

ERROR:jixia.run:error while processing ('Mathlib', 'Init', 'Data', 'Int', 'Lemmas'): Unknown flag `--module`.
Run `jixia -h` for further information.

ERROR:jixia.run:error while processing ('Mathlib', 'Init', 'Data', 'Sigma', 'Basic'): Unknown flag `--module`.
Run `jixia -h` for further information.

ERROR:jixia.run:error while processing ('Mathlib', 'Init', 'Data', 'Sigma', 'Lex'): Unknown flag `--module`.
Run `jixia -h` for further information.

ERROR:jixia.run:error while processing ('Mathlib', 'Init', 'Data', 'Nat', 'Div'): Unknown flag `--module`.
Run `jixia -h` for further information.

ERROR:jixia.run:error while processing ('Mathlib', 'Combinatorics', 'Enumerative', 'Partition'): Unknown flag `--module`.
Run `jixia -h` for further information.

ERROR:jixia.run:error while processing ('Mathlib', 'Init', 'Data', 'Option', 'Basic'): Unknown flag `--module`.
Run `jixia -h` for further information.

ERROR:jixia.run:error while processing ('Mathlib', 'Combinatorics', 'Hindman'): Unknown flag `--module`.
Run `jixia -h` for further information.

ERROR:jixia.run:error while processing ('Mathlib', 'Combinatorics', 'Quiver', 'Covering'): Unknown flag `--module`.
Run `jixia -h` for further information.

ERROR:jixia.run:error while processing ('Mathlib', 'Init', 'Data', 'Bool', 'Basic'): Unknown flag `--module`.
Run `jixia -h` for further information.

ERROR:jixia.run:error while processing ('Mathlib', 'Init', 'Data', 'Bool', 'Lemmas'): Unknown flag `--module`.
Run `jixia -h` for further information.

ERROR:jixia.run:error while processing ('Mathlib', 'Init', 'Data', 'List', 'Lemmas'): Unknown flag `--module`.
Run `jixia -h` for further information.

ERROR:jixia.run:error while processing ('Mathlib', 'Combinatorics', 'Configuration'): Unknown flag `--module`.
Run `jixia -h` for further information.

ERROR:jixia.run:error while processing ('Mathlib', 'Combinatorics', 'Hall', 'Basic'): Unknown flag `--module`.
Run `jixia -h` for further information.

ERROR:jixia.run:error while processing ('Mathlib', 'Init', 'Data', 'List', 'Basic'): Unknown flag `--module`.
Run `jixia -h` for further information.

ERROR:jixia.run:error while processing ('Mathlib', 'Combinatorics', 'Quiver', 'Path'): Unknown flag `--module`.
Run `jixia -h` for further information.

ERROR:jixia.run:error while processing ('Mathlib', 'Init', 'Data', 'Rat', 'Basic'): Unknown flag `--module`.
Run `jixia -h` for further information.

ERROR:jixia.run:error while processing ('Mathlib', 'Combinatorics', 'SimpleGraph', 'Metric'): Unknown flag `--module`.
Run `jixia -h` for further information.

ERROR:jixia.run:error while processing ('Mathlib', 'Init', 'Data', 'Option', 'Lemmas'): Unknown flag `--module`.
Run `jixia -h` for further information.

ERROR:jixia.run:error while processing ('Mathlib', 'Combinatorics', 'SimpleGraph', 'AdjMatrix'): Unknown flag `--module`.
Run `jixia -h` for further information.

ERROR:jixia.run:error while processing ('Mathlib', 'Combinatorics', 'Quiver', 'Basic'): Unknown flag `--module`.
Run `jixia -h` for further information.

ERROR:jixia.run:error while processing ('Mathlib', 'Init', 'Data', 'Nat', 'Basic'): Unknown flag `--module`.
Run `jixia -h` for further information.

ERROR:jixia.run:error while processing ('Mathlib', 'Init', 'Data', 'Nat', 'Lemmas'): Unknown flag `--module`.
Run `jixia -h` for further information.

ERROR:jixia.run:error while processing ('Mathlib', 'Combinatorics', 'Enumerative', 'Catalan'): Unknown flag `--module`.
Run `jixia -h` for further information.

ERROR:jixia.run:error while processing ('Mathlib', 'Init', 'Data', 'Int', 'Order'): Unknown flag `--module`.
Run `jixia -h` for further information.

ERROR:jixia.run:error while processing ('Mathlib', 'Combinatorics', 'Quiver', 'Symmetric'): Unknown flag `--module`.
Run `jixia -h` for further information.

ERROR:jixia.run:error while processing ('Mathlib', 'Combinatorics', 'Additive', 'PluenneckeRuzsa'): Unknown flag `--module`.
Run `jixia -h` for further information.

ERROR:jixia.run:error while processing ('Mathlib', 'Init', 'Data', 'Nat', 'GCD'): Unknown flag `--module`.
Run `jixia -h` for further information.

ERROR:jixia.run:error while processing ('Mathlib', 'Init', 'Control', 'Lawful'): Unknown flag `--module`.
Run `jixia -h` for further information.

ERROR:jixia.run:error while processing ('Mathlib', 'Combinatorics', 'SimpleGraph', 'DegreeSum'): Unknown flag `--module`.
Run `jixia -h` for further information.

ERROR:jixia.run:error while processing ('Mathlib', 'Init', 'Order', 'LinearOrder'): Unknown flag `--module`.
Run `jixia -h` for further information.

ERROR:jixia.run:error while processing ('Mathlib', 'Combinatorics', 'Derangements', 'Exponential'): Unknown flag `--module`.
Run `jixia -h` for further information.

ERROR:jixia.run:error while processing ('Mathlib', 'Combinatorics', 'SimpleGraph', 'Subgraph'): Unknown flag `--module`.
Run `jixia -h` for further information.

ERROR:jixia.run:error while processing ('Mathlib', 'Combinatorics', 'SimpleGraph', 'Turan'): Unknown flag `--module`.
Run `jixia -h` for further information.

ERROR:jixia.run:error while processing ('Mathlib', 'Combinatorics', 'Additive', 'Corner', 'Roth'): Unknown flag `--module`.
Run `jixia -h` for further information.

ERROR:jixia.run:error while processing ('Mathlib', 'Init', 'Data', 'Quot'): Unknown flag `--module`.
Run `jixia -h` for further information.

ERROR:jixia.run:error while processing ('Mathlib', 'Combinatorics', 'SimpleGraph', 'IncMatrix'): Unknown flag `--module`.
Run `jixia -h` for further information.

ERROR:jixia.run:error while processing ('Mathlib', 'Init', 'Order', 'Defs'): Unknown flag `--module`.
Run `jixia -h` for further information.

ERROR:jixia.run:error while processing ('Mathlib', 'Combinatorics', 'SimpleGraph', 'Partition'): Unknown flag `--module`.
Run `jixia -h` for further information.

ERROR:jixia.run:error while processing ('Mathlib', 'Init', 'Data', 'Buffer', 'Parser'): Unknown flag `--module`.
Run `jixia -h` for further information.

ERROR:jixia.run:error while processing ('Mathlib', 'Combinatorics', 'SimpleGraph', 'Ends', 'Properties'): Unknown flag `--module`.
Run `jixia -h` for further information.

ERROR:jixia.run:error while processing ('Mathlib', 'Combinatorics', 'Additive', 'ETransform'): Unknown flag `--module`.
Run `jixia -h` for further information.

ERROR:jixia.run:error while processing ('Mathlib', 'Init', 'Algebra', 'Classes'): Unknown flag `--module`.
Run `jixia -h` for further information.

ERROR:jixia.run:error while processing ('Mathlib', 'Init', 'Control', 'Combinators'): Unknown flag `--module`.
Run `jixia -h` for further information.

ERROR:jixia.run:error while processing ('Mathlib', 'Init', 'Meta', 'WellFoundedTactics'): Unknown flag `--module`.
Run `jixia -h` for further information.

ERROR:jixia.run:error while processing ('Mathlib', 'Combinatorics', 'SimpleGraph', 'Maps'): Unknown flag `--module`.
Run `jixia -h` for further information.

ERROR:jixia.run:error while processing ('Mathlib', 'Combinatorics', 'SimpleGraph', 'Trails'): Unknown flag `--module`.
Run `jixia -h` for further information.

ERROR:jixia.run:error while processing ('Mathlib', 'Init', 'Classes', 'Order'): Unknown flag `--module`.
Run `jixia -h` for further information.

ERROR:jixia.run:error while processing ('Mathlib', 'Init', 'Data', 'Fin', 'Basic'): Unknown flag `--module`.
Run `jixia -h` for further information.

ERROR:jixia.run:error while processing ('Mathlib', 'Combinatorics', 'Additive', 'AP', 'Three', 'Behrend'): Unknown flag `--module`.
Run `jixia -h` for further information.

ERROR:jixia.run:error while processing ('Mathlib', 'Combinatorics', 'SimpleGraph', 'Finite'): Unknown flag `--module`.
Run `jixia -h` for further information.

ERROR:jixia.run:error while processing ('Mathlib', 'Combinatorics', 'SimpleGraph', 'LapMatrix'): Unknown flag `--module`.
Run `jixia -h` for further information.

ERROR:jixia.run:error while processing ('Mathlib', 'Combinatorics', 'SimpleGraph', 'Finsubgraph'): Unknown flag `--module`.
Run `jixia -h` for further information.

ERROR:jixia.run:error while processing ('Mathlib', 'Init', 'Data', 'List', 'Instances'): Unknown flag `--module`.
Run `jixia -h` for further information.

ERROR:jixia.run:error while processing ('Mathlib', 'Combinatorics', 'Quiver', 'Arborescence'): Unknown flag `--module`.
Run `jixia -h` for further information.

ERROR:jixia.run:error while processing ('Mathlib', 'Init', 'Data', 'Prod'): Unknown flag `--module`.
Run `jixia -h` for further information.

ERROR:jixia.run:error while processing ('Mathlib', 'Combinatorics', 'Young', 'YoungDiagram'): Unknown flag `--module`.
Run `jixia -h` for further information.

ERROR:jixia.run:error while processing ('Mathlib', 'Combinatorics', 'Additive', 'Corner', 'Defs'): Unknown flag `--module`.
Run `jixia -h` for further information.

ERROR:jixia.run:error while processing ('Mathlib', 'Init', 'Data', 'Nat', 'Notation'): Unknown flag `--module`.
Run `jixia -h` for further information.

ERROR:jixia.run:error while processing ('Mathlib', 'Combinatorics', 'SimpleGraph', 'Acyclic'): Unknown flag `--module`.
Run `jixia -h` for further information.

ERROR:jixia.run:error while processing ('Mathlib', 'Combinatorics', 'Colex'): Unknown flag `--module`.
Run `jixia -h` for further information.

ERROR:jixia.run:error while processing ('Mathlib', 'Combinatorics', 'Additive', 'Dissociation'): Unknown flag `--module`.
Run `jixia -h` for further information.

ERROR:jixia.run:error while processing ('Mathlib', 'Combinatorics', 'SimpleGraph', 'Basic'): Unknown flag `--module`.
Run `jixia -h` for further information.

ERROR:jixia.run:error while processing ('Mathlib', 'Init', 'Data', 'Ordering', 'Lemmas'): Unknown flag `--module`.
Run `jixia -h` for further information.

ERROR:jixia.run:error while processing ('Mathlib', 'Combinatorics', 'Quiver', 'Subquiver'): Unknown flag `--module`.
Run `jixia -h` for further information.

ERROR:jixia.run:error while processing ('Mathlib', 'Combinatorics', 'Enumerative', 'DoubleCounting'): Unknown flag `--module`.
Run `jixia -h` for further information.

ERROR:jixia.run:error while processing ('Mathlib', 'Combinatorics', 'HalesJewett'): Unknown flag `--module`.
Run `jixia -h` for further information.

ERROR:jixia.run:error while processing ('Mathlib', 'Combinatorics', 'SimpleGraph', 'Matching'): Unknown flag `--module`.
Run `jixia -h` for further information.

ERROR:jixia.run:error while processing ('Mathlib', 'Combinatorics', 'SimpleGraph', 'Hamiltonian'): Unknown flag `--module`.
Run `jixia -h` for further information.

ERROR:jixia.run:error while processing ('Mathlib', 'Combinatorics', 'SimpleGraph', 'Regularity', 'Bound'): Unknown flag `--module`.
Run `jixia -h` for further information.

ERROR:jixia.run:error while processing ('Mathlib', 'Combinatorics', 'Hall', 'Finite'): Unknown flag `--module`.
Run `jixia -h` for further information.

ERROR:jixia.run:error while processing ('Mathlib', 'Combinatorics', 'SimpleGraph', 'Dart'): Unknown flag `--module`.
Run `jixia -h` for further information.

ERROR:jixia.run:error while processing ('Mathlib', 'Combinatorics', 'SimpleGraph', 'ConcreteColorings'): Unknown flag `--module`.
Run `jixia -h` for further information.

ERROR:jixia.run:error while processing ('Mathlib', 'Init', 'Data', 'Int', 'DivMod'): Unknown flag `--module`.
Run `jixia -h` for further information.

ERROR:jixia.run:error while processing ('Mathlib', 'Combinatorics', 'SimpleGraph', 'Init'): Unknown flag `--module`.
Run `jixia -h` for further information.

ERROR:jixia.run:error while processing ('Mathlib', 'Combinatorics', 'Young', 'SemistandardTableau'): Unknown flag `--module`.
Run `jixia -h` for further information.

ERROR:jixia.run:error while processing ('Mathlib', 'Combinatorics', 'SimpleGraph', 'Regularity', 'Equitabilise'): Unknown flag `--module`.
Run `jixia -h` for further information.

ERROR:jixia.run:error while processing ('Mathlib', 'Combinatorics', 'SimpleGraph', 'Regularity', 'Uniform'): Unknown flag `--module`.
Run `jixia -h` for further information.

ERROR:jixia.run:error while processing ('Mathlib', 'Init', 'Data', 'Int', 'Basic'): Unknown flag `--module`.
Run `jixia -h` for further information.

ERROR:jixia.run:error while processing ('Mathlib', 'Combinatorics', 'Enumerative', 'Composition'): Unknown flag `--module`.
Run `jixia -h` for further information.

ERROR:jixia.run:error while processing ('Mathlib', 'Combinatorics', 'Schnirelmann'): Unknown flag `--module`.
Run `jixia -h` for further information.

ERROR:jixia.run:error while processing ('Mathlib', 'Combinatorics', 'Derangements', 'Finite'): Unknown flag `--module`.
Run `jixia -h` for further information.

ERROR:jixia.run:error while processing ('Mathlib', 'Combinatorics', 'Derangements', 'Basic'): Unknown flag `--module`.
Run `jixia -h` for further information.

ERROR:jixia.run:error while processing ('Mathlib', 'Combinatorics', 'Quiver', 'Cast'): Unknown flag `--module`.
Run `jixia -h` for further information.

ERROR:jixia.run:error while processing ('Mathlib', 'Combinatorics', 'SimpleGraph', 'Girth'): Unknown flag `--module`.
Run `jixia -h` for further information.

ERROR:jixia.run:error while processing ('Mathlib', 'Init', 'Data', 'Option', 'Init', 'Lemmas'): Unknown flag `--module`.
Run `jixia -h` for further information.

ERROR:jixia.run:error while processing ('Mathlib', 'Combinatorics', 'SimpleGraph', 'Coloring'): Unknown flag `--module`.
Run `jixia -h` for further information.

ERROR:jixia.run:error while processing ('Mathlib', 'Combinatorics', 'Quiver', 'SingleObj'): Unknown flag `--module`.
Run `jixia -h` for further information.

ERROR:jixia.run:error while processing ('Mathlib', 'Combinatorics', 'SimpleGraph', 'Regularity', 'Lemma'): Unknown flag `--module`.
Run `jixia -h` for further information.

ERROR:jixia.run:error while processing ('Mathlib', 'Combinatorics', 'SimpleGraph', 'Prod'): Unknown flag `--module`.
Run `jixia -h` for further information.

ERROR:jixia.run:error while processing ('Mathlib', 'Combinatorics', 'Additive', 'Energy'): Unknown flag `--module`.
Run `jixia -h` for further information.

ERROR:jixia.run:error while processing ('Mathlib', 'Combinatorics', 'Quiver', 'Push'): Unknown flag `--module`.
Run `jixia -h` for further information.

ERROR:jixia.run:error while processing ('Mathlib', 'Combinatorics', 'Additive', 'FreimanHom'): Unknown flag `--module`.
Run `jixia -h` for further information.

ERROR:jixia.run:error while processing ('Mathlib', 'Combinatorics', 'SimpleGraph', 'Density'): Unknown flag `--module`.
Run `jixia -h` for further information.

ERROR:jixia.run:error while processing ('Mathlib', 'Combinatorics', 'Additive', 'AP', 'Three', 'Defs'): Unknown flag `--module`.
Run `jixia -h` for further information.

ERROR:jixia.run:error while processing ('Mathlib', 'Combinatorics', 'SimpleGraph', 'Hasse'): Unknown flag `--module`.
Run `jixia -h` for further information.

ERROR:jixia.run:error while processing ('Mathlib', 'Combinatorics', 'SimpleGraph', 'Operations'): Unknown flag `--module`.
Run `jixia -h` for further information.

ERROR:jixia.run:error while processing ('Mathlib', 'Combinatorics', 'SimpleGraph', 'Regularity', 'Energy'): Unknown flag `--module`.
Run `jixia -h` for further information.

ERROR:jixia.run:error while processing ('Mathlib', 'Combinatorics', 'Quiver', 'ConnectedComponent'): Unknown flag `--module`.
Run `jixia -h` for further information.

ERROR:jixia.run:error while processing ('Mathlib', 'Combinatorics', 'SimpleGraph', 'StronglyRegular'): Unknown flag `--module`.
Run `jixia -h` for further information.

ERROR:jixia.run:error while processing ('Mathlib', 'Combinatorics', 'SimpleGraph', 'Clique'): Unknown flag `--module`.
Run `jixia -h` for further information.

ERROR:jixia.run:error while processing ('Mathlib', 'Combinatorics', 'SimpleGraph', 'Regularity', 'Increment'): Unknown flag `--module`.
Run `jixia -h` for further information.

ERROR:jixia.run:error while processing ('Mathlib', 'Combinatorics', 'Additive', 'RuzsaCovering'): Unknown flag `--module`.
Run `jixia -h` for further information.

ERROR:jixia.run:error while processing ('Mathlib', 'Combinatorics', 'SimpleGraph', 'Regularity', 'Chunk'): Unknown flag `--module`.
Run `jixia -h` for further information.

ERROR:jixia.run:error while processing ('Mathlib', 'Combinatorics', 'SimpleGraph', 'Connectivity'): Unknown flag `--module`.
Run `jixia -h` for further information.

ERROR:jixia.run:error while processing ('Mathlib', 'Combinatorics', 'SimpleGraph', 'Ends', 'Defs'): Unknown flag `--module`.
Run `jixia -h` for further information.

ERROR:jixia.run:error while processing ('Mathlib', 'Combinatorics', 'SimpleGraph', 'Connectivity', 'Subgraph'): Unknown flag `--module`.
Run `jixia -h` for further information.

ERROR:jixia.run:error while processing ('Mathlib', 'Combinatorics', 'SimpleGraph', 'Triangle', 'Tripartite'): Unknown flag `--module`.
Run `jixia -h` for further information.

ERROR:jixia.run:error while processing ('Mathlib', 'Combinatorics', 'SimpleGraph', 'Triangle', 'Basic'): Unknown flag `--module`.
Run `jixia -h` for further information.

ERROR:jixia.run:error while processing ('Mathlib', 'Combinatorics', 'SimpleGraph', 'Triangle', 'Removal'): Unknown flag `--module`.
Run `jixia -h` for further information.

ERROR:jixia.run:error while processing ('Mathlib', 'Combinatorics', 'SimpleGraph', 'Triangle', 'Counting'): Unknown flag `--module`.
Run `jixia -h` for further information.

ERROR:jixia.run:error while processing ('Mathlib', 'NumberTheory', 'LSeries', 'HurwitzZeta'): Unknown flag `--module`.
Run `jixia -h` for further information.

ERROR:jixia.run:error while processing ('Mathlib', 'Combinatorics', 'SetFamily', 'Kleitman'): Unknown flag `--module`.
Run `jixia -h` for further information.

ERROR:jixia.run:error while processing ('Mathlib', 'NumberTheory', 'LSeries', 'Deriv'): Unknown flag `--module`.
Run `jixia -h` for further information.

ERROR:jixia.run:error while processing ('Mathlib', 'NumberTheory', 'LSeries', 'HurwitzZetaValues'): Unknown flag `--module`.
Run `jixia -h` for further information.

ERROR:jixia.run:error while processing ('Mathlib', 'NumberTheory', 'Multiplicity'): Unknown flag `--module`.
Run `jixia -h` for further information.

ERROR:jixia.run:error while processing ('Mathlib', 'NumberTheory', 'SmoothNumbers'): Unknown flag `--module`.
Run `jixia -h` for further information.

ERROR:jixia.run:error while processing ('Mathlib', 'NumberTheory', 'Divisors'): Unknown flag `--module`.
Run `jixia -h` for further information.

ERROR:jixia.run:error while processing ('Mathlib', 'NumberTheory', 'EllipticDivisibilitySequence'): Unknown flag `--module`.
Run `jixia -h` for further information.

ERROR:jixia.run:error while processing ('Mathlib', 'NumberTheory', 'SiegelsLemma'): Unknown flag `--module`.
Run `jixia -h` for further information.

ERROR:jixia.run:error while processing ('Mathlib', 'NumberTheory', 'FrobeniusNumber'): Unknown flag `--module`.
Run `jixia -h` for further information.

ERROR:jixia.run:error while processing ('Mathlib', 'NumberTheory', 'Basic'): Unknown flag `--module`.
Run `jixia -h` for further information.

ERROR:jixia.run:error while processing ('Mathlib', 'NumberTheory', 'LSeries', 'MellinEqDirichlet'): Unknown flag `--module`.
Run `jixia -h` for further information.

ERROR:jixia.run:error while processing ('Mathlib', 'NumberTheory', 'PrimesCongruentOne'): Unknown flag `--module`.
Run `jixia -h` for further information.

ERROR:jixia.run:error while processing ('Mathlib', 'NumberTheory', 'LSeries', 'HurwitzZetaOdd'): Unknown flag `--module`.
Run `jixia -h` for further information.

ERROR:jixia.run:error while processing ('Mathlib', 'NumberTheory', 'LSeries', 'HurwitzZetaEven'): Unknown flag `--module`.
Run `jixia -h` for further information.

ERROR:jixia.run:error while processing ('Mathlib', 'NumberTheory', 'LSeries', 'Dirichlet'): Unknown flag `--module`.
Run `jixia -h` for further information.

ERROR:jixia.run:error while processing ('Mathlib', 'NumberTheory', 'LSeries', 'Basic'): Unknown flag `--module`.
Run `jixia -h` for further information.

ERROR:jixia.run:error while processing ('Mathlib', 'NumberTheory', 'RamificationInertia'): Unknown flag `--module`.
Run `jixia -h` for further information.

ERROR:jixia.run:error while processing ('Mathlib', 'NumberTheory', 'Rayleigh'): Unknown flag `--module`.
Run `jixia -h` for further information.

ERROR:jixia.run:error while processing ('Mathlib', 'NumberTheory', 'FermatPsp'): Unknown flag `--module`.
Run `jixia -h` for further information.

ERROR:jixia.run:error while processing ('Mathlib', 'NumberTheory', 'Ostrowski'): Unknown flag `--module`.
Run `jixia -h` for further information.

ERROR:jixia.run:error while processing ('Mathlib', 'NumberTheory', 'Pell'): Unknown flag `--module`.
Run `jixia -h` for further information.

ERROR:jixia.run:error while processing ('Mathlib', 'NumberTheory', 'Harmonic', 'ZetaAsymp'): Unknown flag `--module`.
Run `jixia -h` for further information.

ERROR:jixia.run:error while processing ('Mathlib', 'Combinatorics', 'SetFamily', 'Shadow'): Unknown flag `--module`.
Run `jixia -h` for further information.

ERROR:jixia.run:error while processing ('Mathlib', 'NumberTheory', 'MaricaSchoenheim'): Unknown flag `--module`.
Run `jixia -h` for further information.

ERROR:jixia.run:error while processing ('Mathlib', 'NumberTheory', 'GaussSum'): Unknown flag `--module`.
Run `jixia -h` for further information.

ERROR:jixia.run:error while processing ('Mathlib', 'NumberTheory', 'Primorial'): Unknown flag `--module`.
Run `jixia -h` for further information.

ERROR:jixia.run:error while processing ('Mathlib', 'NumberTheory', 'Zsqrtd', 'QuadraticReciprocity'): Unknown flag `--module`.
Run `jixia -h` for further information.

ERROR:jixia.run:error while processing ('Mathlib', 'Combinatorics', 'SetFamily', 'CauchyDavenport'): Unknown flag `--module`.
Run `jixia -h` for further information.

ERROR:jixia.run:error while processing ('Mathlib', 'NumberTheory', 'WellApproximable'): Unknown flag `--module`.
Run `jixia -h` for further information.

ERROR:jixia.run:error while processing ('Mathlib', 'Combinatorics', 'SetFamily', 'AhlswedeZhang'): Unknown flag `--module`.
Run `jixia -h` for further information.

ERROR:jixia.run:error while processing ('Mathlib', 'NumberTheory', 'LSeries', 'Convolution'): Unknown flag `--module`.
Run `jixia -h` for further information.

ERROR:jixia.run:error while processing ('Mathlib', 'NumberTheory', 'Harmonic', 'Int'): Unknown flag `--module`.
Run `jixia -h` for further information.

ERROR:jixia.run:error while processing ('Mathlib', 'NumberTheory', 'LegendreSymbol', 'AddCharacter'): Unknown flag `--module`.
Run `jixia -h` for further information.

ERROR:jixia.run:error while processing ('Mathlib', 'NumberTheory', 'Harmonic', 'EulerMascheroni'): Unknown flag `--module`.
Run `jixia -h` for further information.

ERROR:jixia.run:error while processing ('Mathlib', 'NumberTheory', 'LSeries', 'AbstractFuncEq'): Unknown flag `--module`.
Run `jixia -h` for further information.

ERROR:jixia.run:error while processing ('Mathlib', 'NumberTheory', 'Zsqrtd', 'ToReal'): Unknown flag `--module`.
Run `jixia -h` for further information.

ERROR:jixia.run:error while processing ('Mathlib', 'NumberTheory', 'ZetaValues'): Unknown flag `--module`.
Run `jixia -h` for further information.

ERROR:jixia.run:error while processing ('Mathlib', 'NumberTheory', 'LSeries', 'RiemannZeta'): Unknown flag `--module`.
Run `jixia -h` for further information.

ERROR:jixia.run:error while processing ('Mathlib', 'NumberTheory', 'Dioph'): Unknown flag `--module`.
Run `jixia -h` for further information.

ERROR:jixia.run:error while processing ('Mathlib', 'Combinatorics', 'SetFamily', 'LYM'): Unknown flag `--module`.
Run `jixia -h` for further information.

ERROR:jixia.run:error while processing ('Mathlib', 'Combinatorics', 'SetFamily', 'Intersecting'): Unknown flag `--module`.
Run `jixia -h` for further information.

ERROR:jixia.run:error while processing ('Mathlib', 'NumberTheory', 'Padics', 'Hensel'): Unknown flag `--module`.
Run `jixia -h` for further information.

ERROR:jixia.run:error while processing ('Mathlib', 'NumberTheory', 'Harmonic', 'Defs'): Unknown flag `--module`.
Run `jixia -h` for further information.

ERROR:jixia.run:error while processing ('Mathlib', 'NumberTheory', 'ClassNumber', 'AdmissibleAbs'): Unknown flag `--module`.
Run `jixia -h` for further information.

ERROR:jixia.run:error while processing ('Mathlib', 'Combinatorics', 'Optimization', 'ValuedCSP'): Unknown flag `--module`.
Run `jixia -h` for further information.

ERROR:jixia.run:error while processing ('Mathlib', 'NumberTheory', 'LegendreSymbol', 'GaussEisensteinLemmas'): Unknown flag `--module`.
Run `jixia -h` for further information.

ERROR:jixia.run:error while processing ('Mathlib', 'NumberTheory', 'VonMangoldt'): Unknown flag `--module`.
Run `jixia -h` for further information.

ERROR:jixia.run:error while processing ('Mathlib', 'NumberTheory', 'ClassNumber', 'AdmissibleCardPowDegree'): Unknown flag `--module`.
Run `jixia -h` for further information.

ERROR:jixia.run:error while processing ('Mathlib', 'NumberTheory', 'LucasLehmer'): Unknown flag `--module`.
Run `jixia -h` for further information.

ERROR:jixia.run:error while processing ('Mathlib', 'NumberTheory', 'DirichletCharacter', 'Bounds'): Unknown flag `--module`.
Run `jixia -h` for further information.

ERROR:jixia.run:error while processing ('Mathlib', 'NumberTheory', 'PythagoreanTriples'): Unknown flag `--module`.
Run `jixia -h` for further information.

ERROR:jixia.run:error while processing ('Mathlib', 'NumberTheory', 'Padics', 'RingHoms'): Unknown flag `--module`.
Run `jixia -h` for further information.

ERROR:jixia.run:error while processing ('Mathlib', 'NumberTheory', 'FunctionField'): Unknown flag `--module`.
Run `jixia -h` for further information.

ERROR:jixia.run:error while processing ('Mathlib', 'NumberTheory', 'PrimeCounting'): Unknown flag `--module`.
Run `jixia -h` for further information.

ERROR:jixia.run:error while processing ('Mathlib', 'Combinatorics', 'SetFamily', 'Compression', 'UV'): Unknown flag `--module`.
Run `jixia -h` for further information.

ERROR:jixia.run:error while processing ('Mathlib', 'Combinatorics', 'SetFamily', 'HarrisKleitman'): Unknown flag `--module`.
Run `jixia -h` for further information.

ERROR:jixia.run:error while processing ('Mathlib', 'NumberTheory', 'DiophantineApproximation'): Unknown flag `--module`.
Run `jixia -h` for further information.

ERROR:jixia.run:error while processing ('Mathlib', 'Combinatorics', 'SetFamily', 'Compression', 'Down'): Unknown flag `--module`.
Run `jixia -h` for further information.

ERROR:jixia.run:error while processing ('Mathlib', 'NumberTheory', 'Bertrand'): Unknown flag `--module`.
Run `jixia -h` for further information.

ERROR:jixia.run:error while processing ('Mathlib', 'NumberTheory', 'PellMatiyasevic'): Unknown flag `--module`.
Run `jixia -h` for further information.

ERROR:jixia.run:error while processing ('Mathlib', 'NumberTheory', 'Cyclotomic', 'Rat'): Unknown flag `--module`.
Run `jixia -h` for further information.

ERROR:jixia.run:error while processing ('Mathlib', 'NumberTheory', 'KummerDedekind'): Unknown flag `--module`.
Run `jixia -h` for further information.

ERROR:jixia.run:error while processing ('Mathlib', 'Combinatorics', 'SetFamily', 'FourFunctions'): Unknown flag `--module`.
Run `jixia -h` for further information.

ERROR:jixia.run:error while processing ('Mathlib', 'NumberTheory', 'ClassNumber', 'FunctionField'): Unknown flag `--module`.
Run `jixia -h` for further information.

ERROR:jixia.run:error while processing ('Mathlib', 'NumberTheory', 'Bernoulli'): Unknown flag `--module`.
Run `jixia -h` for further information.

ERROR:jixia.run:error while processing ('Mathlib', 'NumberTheory', 'ADEInequality'): Unknown flag `--module`.
Run `jixia -h` for further information.

ERROR:jixia.run:error while processing ('Mathlib', 'NumberTheory', 'SumFourSquares'): Unknown flag `--module`.
Run `jixia -h` for further information.

ERROR:jixia.run:error while processing ('Mathlib', 'Combinatorics', 'SetFamily', 'Shatter'): Unknown flag `--module`.
Run `jixia -h` for further information.

ERROR:jixia.run:error while processing ('Mathlib', 'NumberTheory', 'LegendreSymbol', 'QuadraticReciprocity'): Unknown flag `--module`.
Run `jixia -h` for further information.

ERROR:jixia.run:error while processing ('Mathlib', 'NumberTheory', 'SumTwoSquares'): Unknown flag `--module`.
Run `jixia -h` for further information.

ERROR:jixia.run:error while processing ('Mathlib', 'NumberTheory', 'SumPrimeReciprocals'): Unknown flag `--module`.
Run `jixia -h` for further information.

ERROR:jixia.run:error while processing ('Mathlib', 'NumberTheory', 'ArithmeticFunction'): Unknown flag `--module`.
Run `jixia -h` for further information.

ERROR:jixia.run:error while processing ('Mathlib', 'NumberTheory', 'MulChar', 'Basic'): Unknown flag `--module`.
Run `jixia -h` for further information.

ERROR:jixia.run:error while processing ('Mathlib', 'NumberTheory', 'Zsqrtd', 'Basic'): Unknown flag `--module`.
Run `jixia -h` for further information.

ERROR:jixia.run:error while processing ('Mathlib', 'NumberTheory', 'Wilson'): Unknown flag `--module`.
Run `jixia -h` for further information.

ERROR:jixia.run:error while processing ('Mathlib', 'NumberTheory', 'Harmonic', 'GammaDeriv'): Unknown flag `--module`.
Run `jixia -h` for further information.

ERROR:jixia.run:error while processing ('Mathlib', 'NumberTheory', 'LegendreSymbol', 'JacobiSymbol'): Unknown flag `--module`.
Run `jixia -h` for further information.

ERROR:jixia.run:error while processing ('Mathlib', 'NumberTheory', 'LSeries', 'Convergence'): Unknown flag `--module`.
Run `jixia -h` for further information.

ERROR:jixia.run:error while processing ('Mathlib', 'NumberTheory', 'LegendreSymbol', 'QuadraticChar', 'Basic'): Unknown flag `--module`.
Run `jixia -h` for further information.

ERROR:jixia.run:error while processing ('Mathlib', 'NumberTheory', 'Padics', 'PadicIntegers'): Unknown flag `--module`.
Run `jixia -h` for further information.

ERROR:jixia.run:error while processing ('Mathlib', 'NumberTheory', 'Padics', 'PadicVal'): Unknown flag `--module`.
Run `jixia -h` for further information.

ERROR:jixia.run:error while processing ('Mathlib', 'NumberTheory', 'Modular'): Unknown flag `--module`.
Run `jixia -h` for further information.

ERROR:jixia.run:error while processing ('Mathlib', 'NumberTheory', 'LSeries', 'Linearity'): Unknown flag `--module`.
Run `jixia -h` for further information.

ERROR:jixia.run:error while processing ('Mathlib', 'NumberTheory', 'LucasPrimality'): Unknown flag `--module`.
Run `jixia -h` for further information.

ERROR:jixia.run:error while processing ('Mathlib', 'NumberTheory', 'Harmonic', 'Bounds'): Unknown flag `--module`.
Run `jixia -h` for further information.

ERROR:jixia.run:error while processing ('Mathlib', 'NumberTheory', 'LegendreSymbol', 'QuadraticChar', 'GaussSum'): Unknown flag `--module`.
Run `jixia -h` for further information.

ERROR:jixia.run:error while processing ('Mathlib', 'NumberTheory', 'Padics', 'PadicNorm'): Unknown flag `--module`.
Run `jixia -h` for further information.

ERROR:jixia.run:error while processing ('Mathlib', 'NumberTheory', 'BernoulliPolynomials'): Unknown flag `--module`.
Run `jixia -h` for further information.

ERROR:jixia.run:error while processing ('Mathlib', 'NumberTheory', 'LegendreSymbol', 'Basic'): Unknown flag `--module`.
Run `jixia -h` for further information.

ERROR:jixia.run:error while processing ('Mathlib', 'NumberTheory', 'DirichletCharacter', 'GaussSum'): Unknown flag `--module`.
Run `jixia -h` for further information.

ERROR:jixia.run:error while processing ('Mathlib', 'NumberTheory', 'LegendreSymbol', 'ZModChar'): Unknown flag `--module`.
Run `jixia -h` for further information.

ERROR:jixia.run:error while processing ('Mathlib', 'NumberTheory', 'Zsqrtd', 'GaussianInt'): Unknown flag `--module`.
Run `jixia -h` for further information.

ERROR:jixia.run:error while processing ('Mathlib', 'NumberTheory', 'Padics', 'PadicNumbers'): Unknown flag `--module`.
Run `jixia -h` for further information.

ERROR:jixia.run:error while processing ('Mathlib', 'NumberTheory', 'Cyclotomic', 'Basic'): Unknown flag `--module`.
Run `jixia -h` for further information.

ERROR:jixia.run:error while processing ('Mathlib', 'NumberTheory', 'ClassNumber', 'Finite'): Unknown flag `--module`.
Run `jixia -h` for further information.

ERROR:jixia.run:error while processing ('Mathlib', 'NumberTheory', 'Cyclotomic', 'Gal'): Unknown flag `--module`.
Run `jixia -h` for further information.

ERROR:jixia.run:error while processing ('Mathlib', 'NumberTheory', 'Cyclotomic', 'Discriminant'): Unknown flag `--module`.
Run `jixia -h` for further information.

ERROR:jixia.run:error while processing ('Mathlib', 'NumberTheory', 'DirichletCharacter', 'Basic'): Unknown flag `--module`.
Run `jixia -h` for further information.

ERROR:jixia.run:error while processing ('Mathlib', 'NumberTheory', 'Cyclotomic', 'CyclotomicCharacter'): Unknown flag `--module`.
Run `jixia -h` for further information.

ERROR:jixia.run:error while processing ('Mathlib', 'NumberTheory', 'Cyclotomic', 'PrimitiveRoots'): Unknown flag `--module`.
Run `jixia -h` for further information.

ERROR:jixia.run:error while processing ('Mathlib', 'NumberTheory', 'ModularForms', 'CongruenceSubgroups'): Unknown flag `--module`.
Run `jixia -h` for further information.

ERROR:jixia.run:error while processing ('Mathlib', 'NumberTheory', 'EulerProduct', 'Basic'): Unknown flag `--module`.
Run `jixia -h` for further information.

ERROR:jixia.run:error while processing ('Mathlib', 'NumberTheory', 'Cyclotomic', 'Embeddings'): Unknown flag `--module`.
Run `jixia -h` for further information.

ERROR:jixia.run:error while processing ('Mathlib', 'NumberTheory', 'EulerProduct', 'DirichletLSeries'): Unknown flag `--module`.
Run `jixia -h` for further information.

ERROR:jixia.run:error while processing ('Mathlib', 'NumberTheory', 'ClassNumber', 'AdmissibleAbsoluteValue'): Unknown flag `--module`.
Run `jixia -h` for further information.

ERROR:jixia.run:error while processing ('Mathlib', 'NumberTheory', 'Cyclotomic', 'PID'): Unknown flag `--module`.
Run `jixia -h` for further information.

ERROR:jixia.run:error while processing ('Mathlib', 'NumberTheory', 'Cyclotomic', 'Three'): Unknown flag `--module`.
Run `jixia -h` for further information.

ERROR:jixia.run:error while processing ('Mathlib', 'NumberTheory', 'ModularForms', 'Identities'): Unknown flag `--module`.
Run `jixia -h` for further information.

ERROR:jixia.run:error while processing ('Mathlib', 'NumberTheory', 'ModularForms', 'SlashActions'): Unknown flag `--module`.
Run `jixia -h` for further information.

ERROR:jixia.run:error while processing ('Mathlib', 'NumberTheory', 'ModularForms', 'SlashInvariantForms'): Unknown flag `--module`.
Run `jixia -h` for further information.

ERROR:jixia.run:error while processing ('Mathlib', 'NumberTheory', 'ModularForms', 'Basic'): Unknown flag `--module`.
Run `jixia -h` for further information.

ERROR:jixia.run:error while processing ('Mathlib', 'NumberTheory', 'FLT', 'Three'): Unknown flag `--module`.
Run `jixia -h` for further information.

ERROR:jixia.run:error while processing ('Mathlib', 'NumberTheory', 'ModularForms', 'JacobiTheta', 'Bounds'): Unknown flag `--module`.
Run `jixia -h` for further information.

ERROR:jixia.run:error while processing ('Mathlib', 'NumberTheory', 'NumberField', 'CanonicalEmbedding', 'ConvexBody'): Unknown flag `--module`.
Run `jixia -h` for further information.

ERROR:jixia.run:error while processing ('Mathlib', 'NumberTheory', 'FLT', 'Four'): Unknown flag `--module`.
Run `jixia -h` for further information.

ERROR:jixia.run:error while processing ('Mathlib', 'Logic', 'Pairwise'): Unknown flag `--module`.
Run `jixia -h` for further information.

ERROR:jixia.run:error while processing ('Mathlib', 'NumberTheory', 'NumberField', 'Basic'): Unknown flag `--module`.
Run `jixia -h` for further information.

ERROR:jixia.run:error while processing ('Mathlib', 'Logic', 'Hydra'): Unknown flag `--module`.
Run `jixia -h` for further information.

ERROR:jixia.run:error while processing ('Mathlib', 'Logic', 'Godel', 'GodelBetaFunction'): Unknown flag `--module`.
Run `jixia -h` for further information.

ERROR:jixia.run:error while processing ('Mathlib', 'Logic', 'Function', 'Iterate'): Unknown flag `--module`.
Run `jixia -h` for further information.

ERROR:jixia.run:error while processing ('Mathlib', 'NumberTheory', 'NumberField', 'Units', 'Basic'): Unknown flag `--module`.
Run `jixia -h` for further information.

ERROR:jixia.run:error while processing ('Mathlib', 'NumberTheory', 'NumberField', 'CanonicalEmbedding', 'Basic'): Unknown flag `--module`.
Run `jixia -h` for further information.

ERROR:jixia.run:error while processing ('Mathlib', 'Logic', 'Function', 'CompTypeclasses'): Unknown flag `--module`.
Run `jixia -h` for further information.

ERROR:jixia.run:error while processing ('Mathlib', 'NumberTheory', 'NumberField', 'ClassNumber'): Unknown flag `--module`.
Run `jixia -h` for further information.

ERROR:jixia.run:error while processing ('Mathlib', 'Logic', 'IsEmpty'): Unknown flag `--module`.
Run `jixia -h` for further information.

ERROR:jixia.run:error while processing ('Mathlib', 'NumberTheory', 'ModularForms', 'EisensteinSeries', 'Basic'): Unknown flag `--module`.
Run `jixia -h` for further information.

ERROR:jixia.run:error while processing ('Mathlib', 'NumberTheory', 'NumberField', 'Norm'): Unknown flag `--module`.
Run `jixia -h` for further information.

ERROR:jixia.run:error while processing ('Mathlib', 'Logic', 'Equiv', 'Functor'): Unknown flag `--module`.
Run `jixia -h` for further information.

ERROR:jixia.run:error while processing ('Mathlib', 'Logic', 'Equiv', 'Fintype'): Unknown flag `--module`.
Run `jixia -h` for further information.

ERROR:jixia.run:error while processing ('Mathlib', 'Logic', 'Small', 'Group'): Unknown flag `--module`.
Run `jixia -h` for further information.

ERROR:jixia.run:error while processing ('Mathlib', 'Logic', 'Basic'): Unknown flag `--module`.
Run `jixia -h` for further information.

ERROR:jixia.run:error while processing ('Mathlib', 'NumberTheory', 'Liouville', 'Measure'): Unknown flag `--module`.
Run `jixia -h` for further information.

ERROR:jixia.run:error while processing ('Mathlib', 'Logic', 'Nontrivial', 'Basic'): Unknown flag `--module`.
Run `jixia -h` for further information.

ERROR:jixia.run:error while processing ('Mathlib', 'RepresentationTheory', 'Character'): Unknown flag `--module`.
Run `jixia -h` for further information.

ERROR:jixia.run:error while processing ('Mathlib', 'Logic', 'Equiv', 'PartialEquiv'): Unknown flag `--module`.
Run `jixia -h` for further information.

ERROR:jixia.run:error while processing ('Mathlib', 'Logic', 'Nontrivial', 'Defs'): Unknown flag `--module`.
Run `jixia -h` for further information.

ERROR:jixia.run:error while processing ('Mathlib', 'Logic', 'Equiv', 'List'): Unknown flag `--module`.
Run `jixia -h` for further information.

ERROR:jixia.run:error while processing ('Mathlib', 'Logic', 'Small', 'List'): Unknown flag `--module`.
Run `jixia -h` for further information.

ERROR:jixia.run:error while processing ('Mathlib', 'NumberTheory', 'NumberField', 'Discriminant'): Unknown flag `--module`.
Run `jixia -h` for further information.

ERROR:jixia.run:error while processing ('Mathlib', 'Logic', 'Equiv', 'Option'): Unknown flag `--module`.
Run `jixia -h` for further information.

ERROR:jixia.run:error while processing ('Mathlib', 'NumberTheory', 'NumberField', 'Units', 'DirichletTheorem'): Unknown flag `--module`.
Run `jixia -h` for further information.

ERROR:jixia.run:error while processing ('Mathlib', 'Logic', 'Equiv', 'Nat'): Unknown flag `--module`.
Run `jixia -h` for further information.

ERROR:jixia.run:error while processing ('Mathlib', 'Logic', 'UnivLE'): Unknown flag `--module`.
Run `jixia -h` for further information.

ERROR:jixia.run:error while processing ('Mathlib', 'RepresentationTheory', 'Maschke'): Unknown flag `--module`.
Run `jixia -h` for further information.

ERROR:jixia.run:error while processing ('Mathlib', 'Logic', 'Equiv', 'Embedding'): Unknown flag `--module`.
Run `jixia -h` for further information.

ERROR:jixia.run:error while processing ('Mathlib', 'Logic', 'Function', 'FromTypes'): Unknown flag `--module`.
Run `jixia -h` for further information.

ERROR:jixia.run:error while processing ('Mathlib', 'Logic', 'Equiv', 'Fin'): Unknown flag `--module`.
Run `jixia -h` for further information.

ERROR:jixia.run:error while processing ('Mathlib', 'Logic', 'Encodable', 'Lattice'): Unknown flag `--module`.
Run `jixia -h` for further information.

ERROR:jixia.run:error while processing ('Mathlib', 'Logic', 'Small', 'Defs'): Unknown flag `--module`.
Run `jixia -h` for further information.

ERROR:jixia.run:error while processing ('Mathlib', 'NumberTheory', 'NumberField', 'Units', 'Regulator'): Unknown flag `--module`.
Run `jixia -h` for further information.

ERROR:jixia.run:error while processing ('Mathlib', 'RepresentationTheory', 'Invariants'): Unknown flag `--module`.
Run `jixia -h` for further information.

ERROR:jixia.run:error while processing ('Mathlib', 'NumberTheory', 'ModularForms', 'JacobiTheta', 'TwoVariable'): Unknown flag `--module`.
Run `jixia -h` for further information.

ERROR:jixia.run:error while processing ('Mathlib', 'NumberTheory', 'NumberField', 'FractionalIdeal'): Unknown flag `--module`.
Run `jixia -h` for further information.

ERROR:jixia.run:error while processing ('Mathlib', 'Topology', 'Specialization'): Unknown flag `--module`.
Run `jixia -h` for further information.

ERROR:jixia.run:error while processing ('Mathlib', 'NumberTheory', 'ModularForms', 'JacobiTheta', 'OneVariable'): Unknown flag `--module`.
Run `jixia -h` for further information.

ERROR:jixia.run:error while processing ('Mathlib', 'RepresentationTheory', 'GroupCohomology', 'LowDegree'): Unknown flag `--module`.
Run `jixia -h` for further information.

ERROR:jixia.run:error while processing ('Mathlib', 'Logic', 'Unique'): Unknown flag `--module`.
Run `jixia -h` for further information.

ERROR:jixia.run:error while processing ('Mathlib', 'RepresentationTheory', 'GroupCohomology', 'Resolution'): Unknown flag `--module`.
Run `jixia -h` for further information.

ERROR:jixia.run:error while processing ('Mathlib', 'NumberTheory', 'Liouville', 'Residual'): Unknown flag `--module`.
Run `jixia -h` for further information.

ERROR:jixia.run:error while processing ('Mathlib', 'NumberTheory', 'Liouville', 'LiouvilleWith'): Unknown flag `--module`.
Run `jixia -h` for further information.

ERROR:jixia.run:error while processing ('Mathlib', 'NumberTheory', 'Liouville', 'LiouvilleNumber'): Unknown flag `--module`.
Run `jixia -h` for further information.

ERROR:jixia.run:error while processing ('Mathlib', 'NumberTheory', 'ModularForms', 'EisensteinSeries', 'UniformConvergence'): Unknown flag `--module`.
Run `jixia -h` for further information.

ERROR:jixia.run:error while processing ('Mathlib', 'RepresentationTheory', 'Action', 'Continuous'): Unknown flag `--module`.
Run `jixia -h` for further information.

ERROR:jixia.run:error while processing ('Mathlib', 'RepresentationTheory', 'GroupCohomology', 'Basic'): Unknown flag `--module`.
Run `jixia -h` for further information.

ERROR:jixia.run:error while processing ('Mathlib', 'NumberTheory', 'ModularForms', 'EisensteinSeries', 'MDifferentiable'): Unknown flag `--module`.
Run `jixia -h` for further information.

ERROR:jixia.run:error while processing ('Mathlib', 'Topology', 'Support'): Unknown flag `--module`.
Run `jixia -h` for further information.

ERROR:jixia.run:error while processing ('Mathlib', 'Topology', 'Germ'): Unknown flag `--module`.
Run `jixia -h` for further information.

ERROR:jixia.run:error while processing ('Mathlib', 'Logic', 'Embedding', 'Set'): Unknown flag `--module`.
Run `jixia -h` for further information.

ERROR:jixia.run:error while processing ('Mathlib', 'NumberTheory', 'FLT', 'Basic'): Unknown flag `--module`.
Run `jixia -h` for further information.

ERROR:jixia.run:error while processing ('Mathlib', 'NumberTheory', 'ModularForms', 'JacobiTheta', 'Manifold'): Unknown flag `--module`.
Run `jixia -h` for further information.

ERROR:jixia.run:error while processing ('Mathlib', 'Topology', 'LocalAtTarget'): Unknown flag `--module`.
Run `jixia -h` for further information.

ERROR:jixia.run:error while processing ('Mathlib', 'Topology', 'NhdsSet'): Unknown flag `--module`.
Run `jixia -h` for further information.

ERROR:jixia.run:error while processing ('Mathlib', 'Logic', 'Relation'): Unknown flag `--module`.
Run `jixia -h` for further information.

ERROR:jixia.run:error while processing ('Mathlib', 'Logic', 'Equiv', 'Defs'): Unknown flag `--module`.
Run `jixia -h` for further information.

ERROR:jixia.run:error while processing ('Mathlib', 'Logic', 'Nonempty'): Unknown flag `--module`.
Run `jixia -h` for further information.

ERROR:jixia.run:error while processing ('Mathlib', 'Logic', 'Denumerable'): Unknown flag `--module`.
Run `jixia -h` for further information.

ERROR:jixia.run:error while processing ('Mathlib', 'NumberTheory', 'NumberField', 'Embeddings'): Unknown flag `--module`.
Run `jixia -h` for further information.

ERROR:jixia.run:error while processing ('Mathlib', 'Logic', 'Small', 'Set'): Unknown flag `--module`.
Run `jixia -h` for further information.

ERROR:jixia.run:error while processing ('Mathlib', 'Topology', 'Semicontinuous'): Unknown flag `--module`.
Run `jixia -h` for further information.

ERROR:jixia.run:error while processing ('Mathlib', 'Logic', 'Equiv', 'TransferInstance'): Unknown flag `--module`.
Run `jixia -h` for further information.

ERROR:jixia.run:error while processing ('Mathlib', 'Logic', 'Equiv', 'Basic'): Unknown flag `--module`.
Run `jixia -h` for further information.

ERROR:jixia.run:error while processing ('Mathlib', 'Logic', 'Small', 'Basic'): Unknown flag `--module`.
Run `jixia -h` for further information.

ERROR:jixia.run:error while processing ('Mathlib', 'Logic', 'Relator'): Unknown flag `--module`.
Run `jixia -h` for further information.

ERROR:jixia.run:error while processing ('Mathlib', 'Logic', 'Equiv', 'Array'): Unknown flag `--module`.
Run `jixia -h` for further information.

ERROR:jixia.run:error while processing ('Mathlib', 'Topology', 'DiscreteSubset'): Unknown flag `--module`.
Run `jixia -h` for further information.

ERROR:jixia.run:error while processing ('Mathlib', 'NumberTheory', 'Liouville', 'Basic'): Unknown flag `--module`.
Run `jixia -h` for further information.

ERROR:jixia.run:error while processing ('Mathlib', 'Logic', 'Function', 'Conjugate'): Unknown flag `--module`.
Run `jixia -h` for further information.

ERROR:jixia.run:error while processing ('Mathlib', 'Topology', 'ExtendFrom'): Unknown flag `--module`.
Run `jixia -h` for further information.

ERROR:jixia.run:error while processing ('Mathlib', 'Logic', 'Equiv', 'Pairwise'): Unknown flag `--module`.
Run `jixia -h` for further information.

ERROR:jixia.run:error while processing ('Mathlib', 'Logic', 'Embedding', 'Basic'): Unknown flag `--module`.
Run `jixia -h` for further information.

ERROR:jixia.run:error while processing ('Mathlib', 'Logic', 'Equiv', 'Set'): Unknown flag `--module`.
Run `jixia -h` for further information.

ERROR:jixia.run:error while processing ('Mathlib', 'Logic', 'Encodable', 'Basic'): Unknown flag `--module`.
Run `jixia -h` for further information.

ERROR:jixia.run:error while processing ('Mathlib', 'Logic', 'Function', 'OfArity'): Unknown flag `--module`.
Run `jixia -h` for further information.

ERROR:jixia.run:error while processing ('Mathlib', 'Logic', 'Small', 'Module'): Unknown flag `--module`.
Run `jixia -h` for further information.

ERROR:jixia.run:error while processing ('Mathlib', 'RepresentationTheory', 'Action', 'Limits'): Unknown flag `--module`.
Run `jixia -h` for further information.

ERROR:jixia.run:error while processing ('Mathlib', 'RepresentationTheory', 'FdRep'): Unknown flag `--module`.
Run `jixia -h` for further information.

ERROR:jixia.run:error while processing ('Mathlib', 'Logic', 'Small', 'Ring'): Unknown flag `--module`.
Run `jixia -h` for further information.

ERROR:jixia.run:error while processing ('Mathlib', 'RepresentationTheory', 'Action', 'Concrete'): Unknown flag `--module`.
Run `jixia -h` for further information.

ERROR:jixia.run:error while processing ('Mathlib', 'Logic', 'Lemmas'): Unknown flag `--module`.
Run `jixia -h` for further information.

ERROR:jixia.run:error while processing ('Mathlib', 'Logic', 'Function', 'Basic'): Unknown flag `--module`.
Run `jixia -h` for further information.

ERROR:jixia.run:error while processing ('Mathlib', 'RepresentationTheory', 'GroupCohomology', 'Hilbert90'): Unknown flag `--module`.
Run `jixia -h` for further information.

ERROR:jixia.run:error while processing ('Mathlib', 'RepresentationTheory', 'Basic'): Unknown flag `--module`.
Run `jixia -h` for further information.

ERROR:jixia.run:error while processing ('Mathlib', 'RepresentationTheory', 'Action', 'Basic'): Unknown flag `--module`.
Run `jixia -h` for further information.

ERROR:jixia.run:error while processing ('Mathlib', 'RepresentationTheory', 'Rep'): Unknown flag `--module`.
Run `jixia -h` for further information.

ERROR:jixia.run:error while processing ('Mathlib', 'Topology', 'List'): Unknown flag `--module`.
Run `jixia -h` for further information.

ERROR:jixia.run:error while processing ('Mathlib', 'Topology', 'Perfect'): Unknown flag `--module`.
Run `jixia -h` for further information.

ERROR:jixia.run:error while processing ('Mathlib', 'Topology', 'TietzeExtension'): Unknown flag `--module`.
Run `jixia -h` for further information.

ERROR:jixia.run:error while processing ('Mathlib', 'Topology', 'UrysohnsBounded'): Unknown flag `--module`.
Run `jixia -h` for further information.

ERROR:jixia.run:error while processing ('Mathlib', 'RepresentationTheory', 'Action', 'Monoidal'): Unknown flag `--module`.
Run `jixia -h` for further information.

ERROR:jixia.run:error while processing ('Mathlib', 'Topology', 'Bases'): Unknown flag `--module`.
Run `jixia -h` for further information.

ERROR:jixia.run:error while processing ('Mathlib', 'Topology', 'UnitInterval'): Unknown flag `--module`.
Run `jixia -h` for further information.

ERROR:jixia.run:error while processing ('Mathlib', 'Topology', 'PartitionOfUnity'): Unknown flag `--module`.
Run `jixia -h` for further information.

ERROR:jixia.run:error while processing ('Mathlib', 'Topology', 'UrysohnsLemma'): Unknown flag `--module`.
Run `jixia -h` for further information.

ERROR:jixia.run:error while processing ('Mathlib', 'Topology', 'Gluing'): Unknown flag `--module`.
Run `jixia -h` for further information.

ERROR:jixia.run:error while processing ('Mathlib', 'Topology', 'ShrinkingLemma'): Unknown flag `--module`.
Run `jixia -h` for further information.

ERROR:jixia.run:error while processing ('Mathlib', 'Topology', 'IsLocalHomeomorph'): Unknown flag `--module`.
Run `jixia -h` for further information.

ERROR:jixia.run:error while processing ('Mathlib', 'Topology', 'RestrictGenTopology'): Unknown flag `--module`.
Run `jixia -h` for further information.

ERROR:jixia.run:error while processing ('Mathlib', 'Topology', 'Tactic'): Unknown flag `--module`.
Run `jixia -h` for further information.

ERROR:jixia.run:error while processing ('Mathlib', 'Topology', 'ExtremallyDisconnected'): Unknown flag `--module`.
Run `jixia -h` for further information.

ERROR:jixia.run:error while processing ('Mathlib', 'Topology', 'Inseparable'): Unknown flag `--module`.
Run `jixia -h` for further information.

ERROR:jixia.run:error while processing ('Mathlib', 'Topology', 'IndicatorConstPointwise'): Unknown flag `--module`.
Run `jixia -h` for further information.

ERROR:jixia.run:error while processing ('Mathlib', 'Topology', 'AlexandrovDiscrete'): Unknown flag `--module`.
Run `jixia -h` for further information.

ERROR:jixia.run:error while processing ('Mathlib', 'Topology', 'Category', 'TopCommRingCat'): Unknown flag `--module`.
Run `jixia -h` for further information.

ERROR:jixia.run:error while processing ('Mathlib', 'Topology', 'CompletelyRegular'): Unknown flag `--module`.
Run `jixia -h` for further information.

ERROR:jixia.run:error while processing ('Mathlib', 'Topology', 'Category', 'Profinite', 'Limits'): Unknown flag `--module`.
Run `jixia -h` for further information.

ERROR:jixia.run:error while processing ('Mathlib', 'Topology', 'Category', 'Profinite', 'CofilteredLimit'): Unknown flag `--module`.
Run `jixia -h` for further information.

ERROR:jixia.run:error while processing ('Mathlib', 'Topology', 'EMetricSpace', 'Basic'): Unknown flag `--module`.
Run `jixia -h` for further information.

ERROR:jixia.run:error while processing ('Mathlib', 'Topology', 'Sober'): Unknown flag `--module`.
Run `jixia -h` for further information.

ERROR:jixia.run:error while processing ('Mathlib', 'Topology', 'CountableSeparatingOn'): Unknown flag `--module`.
Run `jixia -h` for further information.

ERROR:jixia.run:error while processing ('Mathlib', 'Topology', 'Category', 'LightProfinite', 'EffectiveEpi'): Unknown flag `--module`.
Run `jixia -h` for further information.

ERROR:jixia.run:error while processing ('Mathlib', 'Topology', 'Category', 'FinTopCat'): Unknown flag `--module`.
Run `jixia -h` for further information.

ERROR:jixia.run:error while processing ('Mathlib', 'Topology', 'ClopenBox'): Unknown flag `--module`.
Run `jixia -h` for further information.

ERROR:jixia.run:error while processing ('Mathlib', 'Topology', 'Order'): Unknown flag `--module`.
Run `jixia -h` for further information.

ERROR:jixia.run:error while processing ('Mathlib', 'Topology', 'Category', 'Profinite', 'AsLimit'): Unknown flag `--module`.
Run `jixia -h` for further information.

ERROR:jixia.run:error while processing ('Mathlib', 'Topology', 'Clopen'): Unknown flag `--module`.
Run `jixia -h` for further information.

ERROR:jixia.run:error while processing ('Mathlib', 'Topology', 'Sequences'): Unknown flag `--module`.
Run `jixia -h` for further information.

ERROR:jixia.run:error while processing ('Mathlib', 'Topology', 'Basic'): Unknown flag `--module`.
Run `jixia -h` for further information.

ERROR:jixia.run:error while processing ('Mathlib', 'Topology', 'PartialHomeomorph'): Unknown flag `--module`.
Run `jixia -h` for further information.

ERROR:jixia.run:error while processing ('Mathlib', 'Topology', 'Category', 'Stonean', 'Adjunctions'): Unknown flag `--module`.
Run `jixia -h` for further information.

ERROR:jixia.run:error while processing ('Mathlib', 'Topology', 'Category', 'Compactum'): Unknown flag `--module`.
Run `jixia -h` for further information.

ERROR:jixia.run:error while processing ('Mathlib', 'Topology', 'Category', 'TopCat', 'Basic'): Unknown flag `--module`.
Run `jixia -h` for further information.

ERROR:jixia.run:error while processing ('Mathlib', 'Topology', 'Category', 'TopCat', 'EffectiveEpi'): Unknown flag `--module`.
Run `jixia -h` for further information.

ERROR:jixia.run:error while processing ('Mathlib', 'Topology', 'Category', 'Stonean', 'EffectiveEpi'): Unknown flag `--module`.
Run `jixia -h` for further information.

ERROR:jixia.run:error while processing ('Mathlib', 'Topology', 'Sheaves', 'PUnit'): Unknown flag `--module`.
Run `jixia -h` for further information.

ERROR:jixia.run:error while processing ('Mathlib', 'Topology', 'Category', 'Stonean', 'Basic'): Unknown flag `--module`.
Run `jixia -h` for further information.

ERROR:jixia.run:error while processing ('Mathlib', 'Topology', 'Category', 'UniformSpace'): Unknown flag `--module`.
Run `jixia -h` for further information.

ERROR:jixia.run:error while processing ('Mathlib', 'Topology', 'Filter'): Unknown flag `--module`.
Run `jixia -h` for further information.

ERROR:jixia.run:error while processing ('Mathlib', 'Topology', 'Sheaves', 'LocallySurjective'): Unknown flag `--module`.
Run `jixia -h` for further information.

ERROR:jixia.run:error while processing ('Mathlib', 'Topology', 'Category', 'Profinite', 'Projective'): Unknown flag `--module`.
Run `jixia -h` for further information.

ERROR:jixia.run:error while processing ('Mathlib', 'Topology', 'LocallyFinite'): Unknown flag `--module`.
Run `jixia -h` for further information.

ERROR:jixia.run:error while processing ('Mathlib', 'Topology', 'Separation'): Unknown flag `--module`.
Run `jixia -h` for further information.

ERROR:jixia.run:error while processing ('Mathlib', 'Topology', 'EMetricSpace', 'Paracompact'): Unknown flag `--module`.
Run `jixia -h` for further information.

ERROR:jixia.run:error while processing ('Mathlib', 'Topology', 'Category', 'Born'): Unknown flag `--module`.
Run `jixia -h` for further information.

ERROR:jixia.run:error while processing ('Mathlib', 'Topology', 'SeparatedMap'): Unknown flag `--module`.
Run `jixia -h` for further information.

ERROR:jixia.run:error while processing ('Mathlib', 'Topology', 'DenseEmbedding'): Unknown flag `--module`.
Run `jixia -h` for further information.

ERROR:jixia.run:error while processing ('Mathlib', 'Topology', 'EMetricSpace', 'Lipschitz'): Unknown flag `--module`.
Run `jixia -h` for further information.

ERROR:jixia.run:error while processing ('Mathlib', 'Topology', 'QuasiSeparated'): Unknown flag `--module`.
Run `jixia -h` for further information.

ERROR:jixia.run:error while processing ('Mathlib', 'Topology', 'NoetherianSpace'): Unknown flag `--module`.
Run `jixia -h` for further information.

ERROR:jixia.run:error while processing ('Mathlib', 'Topology', 'GDelta'): Unknown flag `--module`.
Run `jixia -h` for further information.

ERROR:jixia.run:error while processing ('Mathlib', 'Topology', 'Category', 'TopCat', 'Yoneda'): Unknown flag `--module`.
Run `jixia -h` for further information.

ERROR:jixia.run:error while processing ('Mathlib', 'Topology', 'Sheaves', 'Forget'): Unknown flag `--module`.
Run `jixia -h` for further information.

ERROR:jixia.run:error while processing ('Mathlib', 'Topology', 'Category', 'TopCat', 'Limits', 'Pullbacks'): Unknown flag `--module`.
Run `jixia -h` for further information.

ERROR:jixia.run:error while processing ('Mathlib', 'Topology', 'Category', 'Profinite', 'EffectiveEpi'): Unknown flag `--module`.
Run `jixia -h` for further information.

ERROR:jixia.run:error while processing ('Mathlib', 'Topology', 'Category', 'TopCat', 'Opens'): Unknown flag `--module`.
Run `jixia -h` for further information.

ERROR:jixia.run:error while processing ('Mathlib', 'Topology', 'Maps'): Unknown flag `--module`.
Run `jixia -h` for further information.

ERROR:jixia.run:error while processing ('Mathlib', 'Topology', 'Category', 'TopCat', 'Limits', 'Cofiltered'): Unknown flag `--module`.
Run `jixia -h` for further information.

ERROR:jixia.run:error while processing ('Mathlib', 'Topology', 'ContinuousOn'): Unknown flag `--module`.
Run `jixia -h` for further information.

ERROR:jixia.run:error while processing ('Mathlib', 'Topology', 'Sheaves', 'Sheafify'): Unknown flag `--module`.
Run `jixia -h` for further information.

ERROR:jixia.run:error while processing ('Mathlib', 'Topology', 'Sheaves', 'Stalks'): Unknown flag `--module`.
Run `jixia -h` for further information.

ERROR:jixia.run:error while processing ('Mathlib', 'Topology', 'Sheaves', 'SheafCondition', 'UniqueGluing'): Unknown flag `--module`.
Run `jixia -h` for further information.

ERROR:jixia.run:error while processing ('Mathlib', 'Topology', 'Category', 'CompHaus', 'Limits'): Unknown flag `--module`.
Run `jixia -h` for further information.

ERROR:jixia.run:error while processing ('Mathlib', 'Topology', 'Sheaves', 'SheafOfFunctions'): Unknown flag `--module`.
Run `jixia -h` for further information.

ERROR:jixia.run:error while processing ('Mathlib', 'Topology', 'Sheaves', 'Sheaf'): Unknown flag `--module`.
Run `jixia -h` for further information.

ERROR:jixia.run:error while processing ('Mathlib', 'Topology', 'Category', 'CompHaus', 'Projective'): Unknown flag `--module`.
Run `jixia -h` for further information.

ERROR:jixia.run:error while processing ('Mathlib', 'Topology', 'Category', 'TopCat', 'Limits', 'Konig'): Unknown flag `--module`.
Run `jixia -h` for further information.

ERROR:jixia.run:error while processing ('Mathlib', 'Topology', 'OmegaCompletePartialOrder'): Unknown flag `--module`.
Run `jixia -h` for further information.

ERROR:jixia.run:error while processing ('Mathlib', 'Topology', 'Category', 'TopCat', 'Adjunctions'): Unknown flag `--module`.
Run `jixia -h` for further information.

ERROR:jixia.run:error while processing ('Mathlib', 'Topology', 'Category', 'Profinite', 'Basic'): Unknown flag `--module`.
Run `jixia -h` for further information.

ERROR:jixia.run:error while processing ('Mathlib', 'Topology', 'Category', 'CompHausLike', 'Basic'): Unknown flag `--module`.
Run `jixia -h` for further information.

ERROR:jixia.run:error while processing ('Mathlib', 'Topology', 'DiscreteQuotient'): Unknown flag `--module`.
Run `jixia -h` for further information.

ERROR:jixia.run:error while processing ('Mathlib', 'Topology', 'Category', 'Locale'): Unknown flag `--module`.
Run `jixia -h` for further information.

ERROR:jixia.run:error while processing ('Mathlib', 'Topology', 'Irreducible'): Unknown flag `--module`.
Run `jixia -h` for further information.

ERROR:jixia.run:error while processing ('Mathlib', 'Topology', 'Category', 'TopCat', 'EpiMono'): Unknown flag `--module`.
Run `jixia -h` for further information.

ERROR:jixia.run:error while processing ('Mathlib', 'Topology', 'Partial'): Unknown flag `--module`.
Run `jixia -h` for further information.

ERROR:jixia.run:error while processing ('Mathlib', 'Topology', 'Sheaves', 'SheafCondition', 'OpensLeCover'): Unknown flag `--module`.
Run `jixia -h` for further information.

ERROR:jixia.run:error while processing ('Mathlib', 'Topology', 'ProperMap'): Unknown flag `--module`.
Run `jixia -h` for further information.

ERROR:jixia.run:error while processing ('Mathlib', 'Topology', 'StoneCech'): Unknown flag `--module`.
Run `jixia -h` for further information.

ERROR:jixia.run:error while processing ('Mathlib', 'Topology', 'Covering'): Unknown flag `--module`.
Run `jixia -h` for further information.

ERROR:jixia.run:error while processing ('Mathlib', 'Topology', 'Category', 'Stonean', 'Limits'): Unknown flag `--module`.
Run `jixia -h` for further information.

ERROR:jixia.run:error while processing ('Mathlib', 'Topology', 'Homeomorph'): Unknown flag `--module`.
Run `jixia -h` for further information.

ERROR:jixia.run:error while processing ('Mathlib', 'Topology', 'CompactOpen'): Unknown flag `--module`.
Run `jixia -h` for further information.

ERROR:jixia.run:error while processing ('Mathlib', 'Topology', 'Category', 'LightProfinite', 'Limits'): Unknown flag `--module`.
Run `jixia -h` for further information.

ERROR:jixia.run:error while processing ('Mathlib', 'Topology', 'Category', 'CompHaus', 'EffectiveEpi'): Unknown flag `--module`.
Run `jixia -h` for further information.

ERROR:jixia.run:error while processing ('Mathlib', 'Topology', 'Category', 'TopCat', 'OpenNhds'): Unknown flag `--module`.
Run `jixia -h` for further information.

ERROR:jixia.run:error while processing ('Mathlib', 'Topology', 'Constructions'): Unknown flag `--module`.
Run `jixia -h` for further information.

ERROR:jixia.run:error while processing ('Mathlib', 'Topology', 'Category', 'LightProfinite', 'Basic'): Unknown flag `--module`.
Run `jixia -h` for further information.

ERROR:jixia.run:error while processing ('Mathlib', 'Topology', 'Sheaves', 'Functors'): Unknown flag `--module`.
Run `jixia -h` for further information.

ERROR:jixia.run:error while processing ('Mathlib', 'Topology', 'Sheaves', 'PresheafOfFunctions'): Unknown flag `--module`.
Run `jixia -h` for further information.

ERROR:jixia.run:error while processing ('Mathlib', 'Topology', 'Category', 'Profinite', 'Product'): Unknown flag `--module`.
Run `jixia -h` for further information.

ERROR:jixia.run:error while processing ('Mathlib', 'Topology', 'Sheaves', 'Init'): Unknown flag `--module`.
Run `jixia -h` for further information.

ERROR:jixia.run:error while processing ('Mathlib', 'Topology', 'Sheaves', 'Presheaf'): Unknown flag `--module`.
Run `jixia -h` for further information.

ERROR:jixia.run:error while processing ('Mathlib', 'Topology', 'Category', 'CompHaus', 'Basic'): Unknown flag `--module`.
Run `jixia -h` for further information.

ERROR:jixia.run:error while processing ('Mathlib', 'Topology', 'Sheaves', 'SheafCondition', 'PairwiseIntersections'): Unknown flag `--module`.
Run `jixia -h` for further information.

ERROR:jixia.run:error while processing ('Mathlib', 'Topology', 'Category', 'TopCat', 'Limits', 'Basic'): Unknown flag `--module`.
Run `jixia -h` for further information.

ERROR:jixia.run:error while processing ('Mathlib', 'Topology', 'Sheaves', 'Operations'): Unknown flag `--module`.
Run `jixia -h` for further information.

ERROR:jixia.run:error while processing ('Mathlib', 'Topology', 'Sheaves', 'Limits'): Unknown flag `--module`.
Run `jixia -h` for further information.

ERROR:jixia.run:error while processing ('Mathlib', 'Topology', 'Sheaves', 'SheafCondition', 'EqualizerProducts'): Unknown flag `--module`.
Run `jixia -h` for further information.

ERROR:jixia.run:error while processing ('Mathlib', 'Topology', 'Category', 'TopCat', 'Limits', 'Products'): Unknown flag `--module`.
Run `jixia -h` for further information.

ERROR:jixia.run:error while processing ('Mathlib', 'Topology', 'MetricSpace', 'CantorScheme'): Unknown flag `--module`.
Run `jixia -h` for further information.

ERROR:jixia.run:error while processing ('Mathlib', 'Topology', 'Category', 'Profinite', 'Nobeling'): Unknown flag `--module`.
Run `jixia -h` for further information.

ERROR:jixia.run:error while processing ('Mathlib', 'Topology', 'MetricSpace', 'CauSeqFilter'): Unknown flag `--module`.
Run `jixia -h` for further information.

ERROR:jixia.run:error while processing ('Mathlib', 'Topology', 'MetricSpace', 'Equicontinuity'): Unknown flag `--module`.
Run `jixia -h` for further information.

ERROR:jixia.run:error while processing ('Mathlib', 'Topology', 'Sheaves', 'SheafCondition', 'Sites'): Unknown flag `--module`.
Run `jixia -h` for further information.

ERROR:jixia.run:error while processing ('Mathlib', 'Topology', 'MetricSpace', 'Bounded'): Unknown flag `--module`.
Run `jixia -h` for further information.

ERROR:jixia.run:error while processing ('Mathlib', 'Topology', 'MetricSpace', 'Cauchy'): Unknown flag `--module`.
Run `jixia -h` for further information.

ERROR:jixia.run:error while processing ('Mathlib', 'Topology', 'MetricSpace', 'MetricSeparated'): Unknown flag `--module`.
Run `jixia -h` for further information.

ERROR:jixia.run:error while processing ('Mathlib', 'Topology', 'MetricSpace', 'HausdorffDimension'): Unknown flag `--module`.
Run `jixia -h` for further information.

ERROR:jixia.run:error while processing ('Mathlib', 'Topology', 'Sheaves', 'LocalPredicate'): Unknown flag `--module`.
Run `jixia -h` for further information.

ERROR:jixia.run:error while processing ('Mathlib', 'Topology', 'MetricSpace', 'GromovHausdorff'): Unknown flag `--module`.
Run `jixia -h` for further information.

ERROR:jixia.run:error while processing ('Mathlib', 'Topology', 'MetricSpace', 'Kuratowski'): Unknown flag `--module`.
Run `jixia -h` for further information.

ERROR:jixia.run:error while processing ('Mathlib', 'Topology', 'Sheaves', 'Skyscraper'): Unknown flag `--module`.
Run `jixia -h` for further information.

ERROR:jixia.run:error while processing ('Mathlib', 'Topology', 'MetricSpace', 'HausdorffDistance'): Unknown flag `--module`.
Run `jixia -h` for further information.

ERROR:jixia.run:error while processing ('Mathlib', 'Topology', 'MetricSpace', 'Contracting'): Unknown flag `--module`.
Run `jixia -h` for further information.

ERROR:jixia.run:error while processing ('Mathlib', 'Topology', 'MetricSpace', 'Closeds'): Unknown flag `--module`.
Run `jixia -h` for further information.

ERROR:jixia.run:error while processing ('Mathlib', 'Topology', 'MetricSpace', 'Infsep'): Unknown flag `--module`.
Run `jixia -h` for further information.

ERROR:jixia.run:error while processing ('Mathlib', 'Topology', 'MetricSpace', 'Algebra'): Unknown flag `--module`.
Run `jixia -h` for further information.

ERROR:jixia.run:error while processing ('Mathlib', 'Topology', 'MetricSpace', 'DilationEquiv'): Unknown flag `--module`.
Run `jixia -h` for further information.

ERROR:jixia.run:error while processing ('Mathlib', 'Topology', 'MetricSpace', 'Perfect'): Unknown flag `--module`.
Run `jixia -h` for further information.

ERROR:jixia.run:error while processing ('Mathlib', 'Topology', 'MetricSpace', 'ThickenedIndicator'): Unknown flag `--module`.
Run `jixia -h` for further information.

ERROR:jixia.run:error while processing ('Mathlib', 'Topology', 'MetricSpace', 'ProperSpace'): Unknown flag `--module`.
Run `jixia -h` for further information.

ERROR:jixia.run:error while processing ('Mathlib', 'Topology', 'MetricSpace', 'Lipschitz'): Unknown flag `--module`.
Run `jixia -h` for further information.

ERROR:jixia.run:error while processing ('Mathlib', 'Topology', 'MetricSpace', 'Gluing'): Unknown flag `--module`.
Run `jixia -h` for further information.

ERROR:jixia.run:error while processing ('Mathlib', 'Topology', 'MetricSpace', 'Isometry'): Unknown flag `--module`.
Run `jixia -h` for further information.

ERROR:jixia.run:error while processing ('Mathlib', 'Topology', 'MetricSpace', 'Dilation'): Unknown flag `--module`.
Run `jixia -h` for further information.

ERROR:jixia.run:error while processing ('Mathlib', 'Topology', 'Order', 'IsLUB'): Unknown flag `--module`.
Run `jixia -h` for further information.

ERROR:jixia.run:error while processing ('Mathlib', 'Topology', 'VectorBundle', 'Basic'): Unknown flag `--module`.
Run `jixia -h` for further information.

ERROR:jixia.run:error while processing ('Mathlib', 'Topology', 'Order', 'Category', 'FrameAdjunction'): Unknown flag `--module`.
Run `jixia -h` for further information.

ERROR:jixia.run:error while processing ('Mathlib', 'Topology', 'Hom', 'Open'): Unknown flag `--module`.
Run `jixia -h` for further information.

ERROR:jixia.run:error while processing ('Mathlib', 'Topology', 'Order', 'MonotoneContinuity'): Unknown flag `--module`.
Run `jixia -h` for further information.

ERROR:jixia.run:error while processing ('Mathlib', 'Topology', 'Sets', 'Closeds'): Unknown flag `--module`.
Run `jixia -h` for further information.

ERROR:jixia.run:error while processing ('Mathlib', 'Topology', 'MetricSpace', 'Basic'): Unknown flag `--module`.
Run `jixia -h` for further information.

ERROR:jixia.run:error while processing ('Mathlib', 'Topology', 'Order', 'LowerUpperTopology'): Unknown flag `--module`.
Run `jixia -h` for further information.

ERROR:jixia.run:error while processing ('Mathlib', 'Topology', 'Order', 'LeftRightLim'): Unknown flag `--module`.
Run `jixia -h` for further information.

ERROR:jixia.run:error while processing ('Mathlib', 'Topology', 'MetricSpace', 'Thickening'): Unknown flag `--module`.
Run `jixia -h` for further information.

ERROR:jixia.run:error while processing ('Mathlib', 'Topology', 'Order', 'UpperLowerSetTopology'): Unknown flag `--module`.
Run `jixia -h` for further information.

ERROR:jixia.run:error while processing ('Mathlib', 'Topology', 'MetricSpace', 'Pseudo', 'Lemmas'): Unknown flag `--module`.
Run `jixia -h` for further information.

ERROR:jixia.run:error while processing ('Mathlib', 'Topology', 'MetricSpace', 'GromovHausdorffRealized'): Unknown flag `--module`.
Run `jixia -h` for further information.

ERROR:jixia.run:error while processing ('Mathlib', 'Topology', 'MetricSpace', 'Pseudo', 'Defs'): Unknown flag `--module`.
Run `jixia -h` for further information.

ERROR:jixia.run:error while processing ('Mathlib', 'Topology', 'Order', 'ScottTopology'): Unknown flag `--module`.
Run `jixia -h` for further information.

ERROR:jixia.run:error while processing ('Mathlib', 'Topology', 'UniformSpace', 'Pi'): Unknown flag `--module`.
Run `jixia -h` for further information.

ERROR:jixia.run:error while processing ('Mathlib', 'Topology', 'Sets', 'Order'): Unknown flag `--module`.
Run `jixia -h` for further information.

ERROR:jixia.run:error while processing ('Mathlib', 'Topology', 'UniformSpace', 'Equiv'): Unknown flag `--module`.
Run `jixia -h` for further information.

ERROR:jixia.run:error while processing ('Mathlib', 'Topology', 'MetricSpace', 'Sequences'): Unknown flag `--module`.
Run `jixia -h` for further information.

ERROR:jixia.run:error while processing ('Mathlib', 'Topology', 'Order', 'Basic'): Unknown flag `--module`.
Run `jixia -h` for further information.

ERROR:jixia.run:error while processing ('Mathlib', 'Topology', 'Sets', 'Opens'): Unknown flag `--module`.
Run `jixia -h` for further information.

ERROR:jixia.run:error while processing ('Mathlib', 'Topology', 'UniformSpace', 'UniformConvergenceTopology'): Unknown flag `--module`.
Run `jixia -h` for further information.

ERROR:jixia.run:error while processing ('Mathlib', 'Topology', 'Defs', 'Induced'): Unknown flag `--module`.
Run `jixia -h` for further information.

ERROR:jixia.run:error while processing ('Mathlib', 'Topology', 'MetricSpace', 'ShrinkingLemma'): Unknown flag `--module`.
Run `jixia -h` for further information.

ERROR:jixia.run:error while processing ('Mathlib', 'Topology', 'Order', 'Bounded'): Unknown flag `--module`.
Run `jixia -h` for further information.

ERROR:jixia.run:error while processing ('Mathlib', 'Topology', 'UniformSpace', 'Basic'): Unknown flag `--module`.
Run `jixia -h` for further information.

ERROR:jixia.run:error while processing ('Mathlib', 'Topology', 'Order', 'Monotone'): Unknown flag `--module`.
Run `jixia -h` for further information.

ERROR:jixia.run:error while processing ('Mathlib', 'Topology', 'MetricSpace', 'Holder'): Unknown flag `--module`.
Run `jixia -h` for further information.

ERROR:jixia.run:error while processing ('Mathlib', 'Topology', 'Sets', 'Compacts'): Unknown flag `--module`.
Run `jixia -h` for further information.

ERROR:jixia.run:error while processing ('Mathlib', 'Topology', 'Order', 'MonotoneConvergence'): Unknown flag `--module`.
Run `jixia -h` for further information.

ERROR:jixia.run:error while processing ('Mathlib', 'Topology', 'VectorBundle', 'Hom'): Unknown flag `--module`.
Run `jixia -h` for further information.

ERROR:jixia.run:error while processing ('Mathlib', 'Topology', 'Order', 'LeftRight'): Unknown flag `--module`.
Run `jixia -h` for further information.

ERROR:jixia.run:error while processing ('Mathlib', 'Topology', 'MetricSpace', 'Antilipschitz'): Unknown flag `--module`.
Run `jixia -h` for further information.

ERROR:jixia.run:error while processing ('Mathlib', 'Topology', 'Compactification', 'OnePoint'): Unknown flag `--module`.
Run `jixia -h` for further information.

ERROR:jixia.run:error while processing ('Mathlib', 'Topology', 'MetricSpace', 'PartitionOfUnity'): Unknown flag `--module`.
Run `jixia -h` for further information.

ERROR:jixia.run:error while processing ('Mathlib', 'Topology', 'Bornology', 'Hom'): Unknown flag `--module`.
Run `jixia -h` for further information.

ERROR:jixia.run:error while processing ('Mathlib', 'Topology', 'Order', 'LawsonTopology'): Unknown flag `--module`.
Run `jixia -h` for further information.

ERROR:jixia.run:error while processing ('Mathlib', 'Topology', 'MetricSpace', 'Completion'): Unknown flag `--module`.
Run `jixia -h` for further information.

ERROR:jixia.run:error while processing ('Mathlib', 'Topology', 'Order', 'OrderClosed'): Unknown flag `--module`.
Run `jixia -h` for further information.

ERROR:jixia.run:error while processing ('Mathlib', 'Topology', 'Order', 'LocalExtr'): Unknown flag `--module`.
Run `jixia -h` for further information.

ERROR:jixia.run:error while processing ('Mathlib', 'Topology', 'Metrizable', 'Urysohn'): Unknown flag `--module`.
Run `jixia -h` for further information.

ERROR:jixia.run:error while processing ('Mathlib', 'Topology', 'Order', 'DenselyOrdered'): Unknown flag `--module`.
Run `jixia -h` for further information.

ERROR:jixia.run:error while processing ('Mathlib', 'Topology', 'Metrizable', 'ContinuousMap'): Unknown flag `--module`.
Run `jixia -h` for further information.

ERROR:jixia.run:error while processing ('Mathlib', 'Topology', 'MetricSpace', 'PiNat'): Unknown flag `--module`.
Run `jixia -h` for further information.

ERROR:jixia.run:error while processing ('Mathlib', 'Topology', 'Order', 'PartialSups'): Unknown flag `--module`.
Run `jixia -h` for further information.

ERROR:jixia.run:error while processing ('Mathlib', 'Topology', 'Order', 'Hom', 'Basic'): Unknown flag `--module`.
Run `jixia -h` for further information.

ERROR:jixia.run:error while processing ('Mathlib', 'Topology', 'Order', 'Priestley'): Unknown flag `--module`.
Run `jixia -h` for further information.

ERROR:jixia.run:error while processing ('Mathlib', 'Topology', 'Defs', 'Sequences'): Unknown flag `--module`.
Run `jixia -h` for further information.

ERROR:jixia.run:error while processing ('Mathlib', 'Topology', 'Bornology', 'Absorbs'): Unknown flag `--module`.
Run `jixia -h` for further information.

ERROR:jixia.run:error while processing ('Mathlib', 'Topology', 'UniformSpace', 'Ascoli'): Unknown flag `--module`.
Run `jixia -h` for further information.

ERROR:jixia.run:error while processing ('Mathlib', 'Topology', 'UniformSpace', 'AbsoluteValue'): Unknown flag `--module`.
Run `jixia -h` for further information.

ERROR:jixia.run:error while processing ('Mathlib', 'Topology', 'UniformSpace', 'UniformConvergence'): Unknown flag `--module`.
Run `jixia -h` for further information.

ERROR:jixia.run:error while processing ('Mathlib', 'Topology', 'Order', 'NhdsSet'): Unknown flag `--module`.
Run `jixia -h` for further information.

ERROR:jixia.run:error while processing ('Mathlib', 'Topology', 'UniformSpace', 'AbstractCompletion'): Unknown flag `--module`.
Run `jixia -h` for further information.

ERROR:jixia.run:error while processing ('Mathlib', 'Topology', 'MetricSpace', 'IsometricSMul'): Unknown flag `--module`.
Run `jixia -h` for further information.

ERROR:jixia.run:error while processing ('Mathlib', 'Topology', 'Order', 'Lattice'): Unknown flag `--module`.
Run `jixia -h` for further information.

ERROR:jixia.run:error while processing ('Mathlib', 'Topology', 'MetricSpace', 'Pseudo', 'Constructions'): Unknown flag `--module`.
Run `jixia -h` for further information.

ERROR:jixia.run:error while processing ('Mathlib', 'Topology', 'Order', 'ExtrClosure'): Unknown flag `--module`.
Run `jixia -h` for further information.

ERROR:jixia.run:error while processing ('Mathlib', 'Topology', 'Order', 'IntermediateValue'): Unknown flag `--module`.
Run `jixia -h` for further information.

ERROR:jixia.run:error while processing ('Mathlib', 'Topology', 'Spectral', 'Hom'): Unknown flag `--module`.
Run `jixia -h` for further information.

ERROR:jixia.run:error while processing ('Mathlib', 'Topology', 'Order', 'ExtendFrom'): Unknown flag `--module`.
Run `jixia -h` for further information.

ERROR:jixia.run:error while processing ('Mathlib', 'Topology', 'Metrizable', 'Basic'): Unknown flag `--module`.
Run `jixia -h` for further information.

ERROR:jixia.run:error while processing ('Mathlib', 'Topology', 'UniformSpace', 'Equicontinuity'): Unknown flag `--module`.
Run `jixia -h` for further information.

ERROR:jixia.run:error while processing ('Mathlib', 'Topology', 'Order', 'T5'): Unknown flag `--module`.
Run `jixia -h` for further information.

ERROR:jixia.run:error while processing ('Mathlib', 'Topology', 'Separation', 'NotNormal'): Unknown flag `--module`.
Run `jixia -h` for further information.

ERROR:jixia.run:error while processing ('Mathlib', 'Topology', 'Order', 'Filter'): Unknown flag `--module`.
Run `jixia -h` for further information.

ERROR:jixia.run:error while processing ('Mathlib', 'Topology', 'Defs', 'Basic'): Unknown flag `--module`.
Run `jixia -h` for further information.

ERROR:jixia.run:error while processing ('Mathlib', 'Topology', 'FiberBundle', 'Basic'): Unknown flag `--module`.
Run `jixia -h` for further information.

ERROR:jixia.run:error while processing ('Mathlib', 'Topology', 'Order', 'LeftRightNhds'): Unknown flag `--module`.
Run `jixia -h` for further information.

ERROR:jixia.run:error while processing ('Mathlib', 'Topology', 'Bornology', 'Constructions'): Unknown flag `--module`.
Run `jixia -h` for further information.

ERROR:jixia.run:error while processing ('Mathlib', 'Topology', 'FiberBundle', 'IsHomeomorphicTrivialBundle'): Unknown flag `--module`.
Run `jixia -h` for further information.

ERROR:jixia.run:error while processing ('Mathlib', 'Topology', 'Compactness', 'SigmaCompact'): Unknown flag `--module`.
Run `jixia -h` for further information.

ERROR:jixia.run:error while processing ('Mathlib', 'Topology', 'UniformSpace', 'Completion'): Unknown flag `--module`.
Run `jixia -h` for further information.

ERROR:jixia.run:error while processing ('Mathlib', 'Topology', 'UniformSpace', 'Separation'): Unknown flag `--module`.
Run `jixia -h` for further information.

ERROR:jixia.run:error while processing ('Mathlib', 'Topology', 'UniformSpace', 'CompareReals'): Unknown flag `--module`.
Run `jixia -h` for further information.

ERROR:jixia.run:error while processing ('Mathlib', 'Topology', 'FiberBundle', 'Trivialization'): Unknown flag `--module`.
Run `jixia -h` for further information.

ERROR:jixia.run:error while processing ('Mathlib', 'Topology', 'Defs', 'Filter'): Unknown flag `--module`.
Run `jixia -h` for further information.

ERROR:jixia.run:error while processing ('Mathlib', 'Topology', 'UniformSpace', 'Compact'): Unknown flag `--module`.
Run `jixia -h` for further information.

ERROR:jixia.run:error while processing ('Mathlib', 'Topology', 'UniformSpace', 'CompleteSeparated'): Unknown flag `--module`.
Run `jixia -h` for further information.

ERROR:jixia.run:error while processing ('Mathlib', 'Topology', 'Order', 'ProjIcc'): Unknown flag `--module`.
Run `jixia -h` for further information.

ERROR:jixia.run:error while processing ('Mathlib', 'Topology', 'VectorBundle', 'Constructions'): Unknown flag `--module`.
Run `jixia -h` for further information.

ERROR:jixia.run:error while processing ('Mathlib', 'Topology', 'FiberBundle', 'Constructions'): Unknown flag `--module`.
Run `jixia -h` for further information.

ERROR:jixia.run:error while processing ('Mathlib', 'Topology', 'UniformSpace', 'CompactConvergence'): Unknown flag `--module`.
Run `jixia -h` for further information.

ERROR:jixia.run:error while processing ('Mathlib', 'Topology', 'UniformSpace', 'UniformEmbedding'): Unknown flag `--module`.
Run `jixia -h` for further information.

ERROR:jixia.run:error while processing ('Mathlib', 'Topology', 'Order', 'Hom', 'Esakia'): Unknown flag `--module`.
Run `jixia -h` for further information.

ERROR:jixia.run:error while processing ('Mathlib', 'Topology', 'MetricSpace', 'Polish'): Unknown flag `--module`.
Run `jixia -h` for further information.

ERROR:jixia.run:error while processing ('Mathlib', 'Topology', 'Compactness', 'Lindelof'): Unknown flag `--module`.
Run `jixia -h` for further information.

ERROR:jixia.run:error while processing ('Mathlib', 'Topology', 'Order', 'Category', 'AlexDisc'): Unknown flag `--module`.
Run `jixia -h` for further information.

ERROR:jixia.run:error while processing ('Mathlib', 'Topology', 'Bornology', 'BoundedOperation'): Unknown flag `--module`.
Run `jixia -h` for further information.

ERROR:jixia.run:error while processing ('Mathlib', 'Topology', 'Metrizable', 'Uniformity'): Unknown flag `--module`.
Run `jixia -h` for further information.

ERROR:jixia.run:error while processing ('Mathlib', 'Topology', 'Order', 'Bornology'): Unknown flag `--module`.
Run `jixia -h` for further information.

ERROR:jixia.run:error while processing ('Mathlib', 'Topology', 'UniformSpace', 'Cauchy'): Unknown flag `--module`.
Run `jixia -h` for further information.

ERROR:jixia.run:error while processing ('Mathlib', 'Topology', 'Bornology', 'Basic'): Unknown flag `--module`.
Run `jixia -h` for further information.

ERROR:jixia.run:error while processing ('Mathlib', 'Topology', 'UniformSpace', 'Matrix'): Unknown flag `--module`.
Run `jixia -h` for further information.

ERROR:jixia.run:error while processing ('Mathlib', 'Topology', 'Compactness', 'PseudometrizableLindelof'): Unknown flag `--module`.
Run `jixia -h` for further information.

ERROR:jixia.run:error while processing ('Mathlib', 'Topology', 'Compactness', 'Compact'): Unknown flag `--module`.
Run `jixia -h` for further information.

ERROR:jixia.run:error while processing ('Mathlib', 'Topology', 'Compactness', 'LocallyCompact'): Unknown flag `--module`.
Run `jixia -h` for further information.

ERROR:jixia.run:error while processing ('Mathlib', 'Topology', 'Baire', 'Lemmas'): Unknown flag `--module`.
Run `jixia -h` for further information.

ERROR:jixia.run:error while processing ('Mathlib', 'Topology', 'Baire', 'LocallyCompactRegular'): Unknown flag `--module`.
Run `jixia -h` for further information.

ERROR:jixia.run:error while processing ('Mathlib', 'Topology', 'Connected', 'TotallyDisconnected'): Unknown flag `--module`.
Run `jixia -h` for further information.

ERROR:jixia.run:error while processing ('Mathlib', 'Topology', 'Connected', 'LocallyConnected'): Unknown flag `--module`.
Run `jixia -h` for further information.

ERROR:jixia.run:error while processing ('Mathlib', 'Topology', 'Baire', 'CompleteMetrizable'): Unknown flag `--module`.
Run `jixia -h` for further information.

ERROR:jixia.run:error while processing ('Mathlib', 'Topology', 'Compactness', 'Paracompact'): Unknown flag `--module`.
Run `jixia -h` for further information.

ERROR:jixia.run:error while processing ('Mathlib', 'Topology', 'Connected', 'Basic'): Unknown flag `--module`.
Run `jixia -h` for further information.

ERROR:jixia.run:error while processing ('Mathlib', 'Topology', 'Connected', 'Separation'): Unknown flag `--module`.
Run `jixia -h` for further information.

ERROR:jixia.run:error while processing ('Mathlib', 'Topology', 'Algebra', 'OpenSubgroup'): Unknown flag `--module`.
Run `jixia -h` for further information.

ERROR:jixia.run:error while processing ('Mathlib', 'Topology', 'Connected', 'PathConnected'): Unknown flag `--module`.
Run `jixia -h` for further information.

ERROR:jixia.run:error while processing ('Mathlib', 'Topology', 'Algebra', 'ConstMulAction'): Unknown flag `--module`.
Run `jixia -h` for further information.

ERROR:jixia.run:error while processing ('Mathlib', 'Topology', 'Algebra', 'Algebra'): Unknown flag `--module`.
Run `jixia -h` for further information.

ERROR:jixia.run:error while processing ('Mathlib', 'Topology', 'Algebra', 'Localization'): Unknown flag `--module`.
Run `jixia -h` for further information.

ERROR:jixia.run:error while processing ('Mathlib', 'Topology', 'Algebra', 'Field'): Unknown flag `--module`.
Run `jixia -h` for further information.

ERROR:jixia.run:error while processing ('Mathlib', 'Topology', 'Algebra', 'Monoid'): Unknown flag `--module`.
Run `jixia -h` for further information.

ERROR:jixia.run:error while processing ('Mathlib', 'Topology', 'Algebra', 'UniformMulAction'): Unknown flag `--module`.
Run `jixia -h` for further information.

ERROR:jixia.run:error while processing ('Mathlib', 'Topology', 'Algebra', 'Star'): Unknown flag `--module`.
Run `jixia -h` for further information.

ERROR:jixia.run:error while processing ('Mathlib', 'Topology', 'Algebra', 'ContinuousMonoidHom'): Unknown flag `--module`.
Run `jixia -h` for further information.

ERROR:jixia.run:error while processing ('Mathlib', 'Topology', 'Algebra', 'UniformRing'): Unknown flag `--module`.
Run `jixia -h` for further information.

ERROR:jixia.run:error while processing ('Mathlib', 'Topology', 'Algebra', 'Module', 'Alternating', 'Basic'): Unknown flag `--module`.
Run `jixia -h` for further information.

ERROR:jixia.run:error while processing ('Mathlib', 'Topology', 'Algebra', 'UniformFilterBasis'): Unknown flag `--module`.
Run `jixia -h` for further information.

ERROR:jixia.run:error while processing ('Mathlib', 'Topology', 'Algebra', 'NormedValued'): Unknown flag `--module`.
Run `jixia -h` for further information.

ERROR:jixia.run:error while processing ('Mathlib', 'Topology', 'Algebra', 'MulAction'): Unknown flag `--module`.
Run `jixia -h` for further information.

ERROR:jixia.run:error while processing ('Mathlib', 'Topology', 'Algebra', 'ProperConstSMul'): Unknown flag `--module`.
Run `jixia -h` for further information.

ERROR:jixia.run:error while processing ('Mathlib', 'Topology', 'Algebra', 'GroupCompletion'): Unknown flag `--module`.
Run `jixia -h` for further information.

ERROR:jixia.run:error while processing ('Mathlib', 'Topology', 'Algebra', 'GroupWithZero'): Unknown flag `--module`.
Run `jixia -h` for further information.

ERROR:jixia.run:error while processing ('Mathlib', 'Topology', 'Algebra', 'UniformField'): Unknown flag `--module`.
Run `jixia -h` for further information.

ERROR:jixia.run:error while processing ('Mathlib', 'Topology', 'Algebra', 'FilterBasis'): Unknown flag `--module`.
Run `jixia -h` for further information.

ERROR:jixia.run:error while processing ('Mathlib', 'Topology', 'Algebra', 'PontryaginDual'): Unknown flag `--module`.
Run `jixia -h` for further information.

ERROR:jixia.run:error while processing ('Mathlib', 'Topology', 'Algebra', 'Affine'): Unknown flag `--module`.
Run `jixia -h` for further information.

ERROR:jixia.run:error while processing ('Mathlib', 'Topology', 'Algebra', 'Module', 'Simple'): Unknown flag `--module`.
Run `jixia -h` for further information.

ERROR:jixia.run:error while processing ('Mathlib', 'Topology', 'Algebra', 'UniformConvergence'): Unknown flag `--module`.
Run `jixia -h` for further information.

ERROR:jixia.run:error while processing ('Mathlib', 'Topology', 'Algebra', 'Order', 'Field'): Unknown flag `--module`.
Run `jixia -h` for further information.

ERROR:jixia.run:error while processing ('Mathlib', 'Topology', 'Algebra', 'Module', 'WeakDual'): Unknown flag `--module`.
Run `jixia -h` for further information.

ERROR:jixia.run:error while processing ('Mathlib', 'Topology', 'Algebra', 'Module', 'CharacterSpace'): Unknown flag `--module`.
Run `jixia -h` for further information.

ERROR:jixia.run:error while processing ('Mathlib', 'Topology', 'Algebra', 'Group', 'TopologicalAbelianization'): Unknown flag `--module`.
Run `jixia -h` for further information.

ERROR:jixia.run:error while processing ('Mathlib', 'Topology', 'Algebra', 'Module', 'StrongTopology'): Unknown flag `--module`.
Run `jixia -h` for further information.

ERROR:jixia.run:error while processing ('Mathlib', 'Topology', 'Algebra', 'Module', 'FiniteDimension'): Unknown flag `--module`.
Run `jixia -h` for further information.

ERROR:jixia.run:error while processing ('Mathlib', 'Topology', 'Algebra', 'Nonarchimedean', 'AdicTopology'): Unknown flag `--module`.
Run `jixia -h` for further information.

ERROR:jixia.run:error while processing ('Mathlib', 'Topology', 'Algebra', 'Constructions'): Unknown flag `--module`.
Run `jixia -h` for further information.

ERROR:jixia.run:error while processing ('Mathlib', 'Topology', 'Algebra', 'ValuedField'): Unknown flag `--module`.
Run `jixia -h` for further information.

ERROR:jixia.run:error while processing ('Mathlib', 'Topology', 'Algebra', 'StarSubalgebra'): Unknown flag `--module`.
Run `jixia -h` for further information.

ERROR:jixia.run:error while processing ('Mathlib', 'Topology', 'Algebra', 'Nonarchimedean', 'Bases'): Unknown flag `--module`.
Run `jixia -h` for further information.

ERROR:jixia.run:error while processing ('Mathlib', 'Topology', 'Algebra', 'InfiniteSum', 'GroupCompletion'): Unknown flag `--module`.
Run `jixia -h` for further information.

ERROR:jixia.run:error while processing ('Mathlib', 'Topology', 'Algebra', 'Group', 'Basic'): Unknown flag `--module`.
Run `jixia -h` for further information.

ERROR:jixia.run:error while processing ('Mathlib', 'Topology', 'Algebra', 'ContinuousAffineMap'): Unknown flag `--module`.
Run `jixia -h` for further information.

ERROR:jixia.run:error while processing ('Mathlib', 'Topology', 'Algebra', 'Module', 'LinearPMap'): Unknown flag `--module`.
Run `jixia -h` for further information.

ERROR:jixia.run:error while processing ('Mathlib', 'Topology', 'Algebra', 'MvPolynomial'): Unknown flag `--module`.
Run `jixia -h` for further information.

ERROR:jixia.run:error while processing ('Mathlib', 'Topology', 'Algebra', 'Module', 'Cardinality'): Unknown flag `--module`.
Run `jixia -h` for further information.

ERROR:jixia.run:error while processing ('Mathlib', 'Topology', 'Algebra', 'Ring', 'Basic'): Unknown flag `--module`.
Run `jixia -h` for further information.

ERROR:jixia.run:error while processing ('Mathlib', 'Topology', 'Algebra', 'Module', 'Determinant'): Unknown flag `--module`.
Run `jixia -h` for further information.

ERROR:jixia.run:error while processing ('Mathlib', 'Topology', 'Algebra', 'InfiniteSum', 'Module'): Unknown flag `--module`.
Run `jixia -h` for further information.

ERROR:jixia.run:error while processing ('Mathlib', 'Topology', 'ContinuousFunction', 'Compact'): Unknown flag `--module`.
Run `jixia -h` for further information.

ERROR:jixia.run:error while processing ('Mathlib', 'Topology', 'Algebra', 'WithZeroTopology'): Unknown flag `--module`.
Run `jixia -h` for further information.

ERROR:jixia.run:error while processing ('Mathlib', 'Topology', 'Algebra', 'Order', 'Rolle'): Unknown flag `--module`.
Run `jixia -h` for further information.

ERROR:jixia.run:error while processing ('Mathlib', 'Topology', 'Algebra', 'Polynomial'): Unknown flag `--module`.
Run `jixia -h` for further information.

ERROR:jixia.run:error while processing ('Mathlib', 'Topology', 'Algebra', 'Module', 'Multilinear', 'Basic'): Unknown flag `--module`.
Run `jixia -h` for further information.

ERROR:jixia.run:error while processing ('Mathlib', 'Topology', 'Algebra', 'Group', 'Compact'): Unknown flag `--module`.
Run `jixia -h` for further information.

ERROR:jixia.run:error while processing ('Mathlib', 'Topology', 'Algebra', 'Valuation'): Unknown flag `--module`.
Run `jixia -h` for further information.

ERROR:jixia.run:error while processing ('Mathlib', 'Topology', 'Algebra', 'InfiniteSum', 'Real'): Unknown flag `--module`.
Run `jixia -h` for further information.

ERROR:jixia.run:error while processing ('Mathlib', 'Topology', 'Algebra', 'Semigroup'): Unknown flag `--module`.
Run `jixia -h` for further information.

ERROR:jixia.run:error while processing ('Mathlib', 'Topology', 'ContinuousFunction', 'LocallyConstant'): Unknown flag `--module`.
Run `jixia -h` for further information.

ERROR:jixia.run:error while processing ('Mathlib', 'Topology', 'Algebra', 'Equicontinuity'): Unknown flag `--module`.
Run `jixia -h` for further information.

ERROR:jixia.run:error while processing ('Mathlib', 'Topology', 'Algebra', 'Ring', 'Ideal'): Unknown flag `--module`.
Run `jixia -h` for further information.

ERROR:jixia.run:error while processing ('Mathlib', 'Topology', 'Algebra', 'InfiniteSum', 'Nonarchimedean'): Unknown flag `--module`.
Run `jixia -h` for further information.

ERROR:jixia.run:error while processing ('Mathlib', 'Topology', 'Algebra', 'Module', 'LocallyConvex'): Unknown flag `--module`.
Run `jixia -h` for further information.

ERROR:jixia.run:error while processing ('Mathlib', 'Topology', 'Algebra', 'Order', 'LiminfLimsup'): Unknown flag `--module`.
Run `jixia -h` for further information.

ERROR:jixia.run:error while processing ('Mathlib', 'Topology', 'Algebra', 'InfiniteSum', 'NatInt'): Unknown flag `--module`.
Run `jixia -h` for further information.

ERROR:jixia.run:error while processing ('Mathlib', 'Topology', 'Algebra', 'Nonarchimedean', 'Basic'): Unknown flag `--module`.
Run `jixia -h` for further information.

ERROR:jixia.run:error while processing ('Mathlib', 'Topology', 'Algebra', 'Order', 'Group'): Unknown flag `--module`.
Run `jixia -h` for further information.

ERROR:jixia.run:error while processing ('Mathlib', 'Topology', 'Algebra', 'Module', 'Multilinear', 'Bounded'): Unknown flag `--module`.
Run `jixia -h` for further information.

ERROR:jixia.run:error while processing ('Mathlib', 'Topology', 'LocallyConstant', 'Algebra'): Unknown flag `--module`.
Run `jixia -h` for further information.

ERROR:jixia.run:error while processing ('Mathlib', 'Topology', 'ContinuousFunction', 'NonUnitalFunctionalCalculus'): Unknown flag `--module`.
Run `jixia -h` for further information.

ERROR:jixia.run:error while processing ('Mathlib', 'Topology', 'Algebra', 'InfiniteSum', 'Ring'): Unknown flag `--module`.
Run `jixia -h` for further information.

ERROR:jixia.run:error while processing ('Mathlib', 'Topology', 'ContinuousFunction', 'FunctionalCalculus'): Unknown flag `--module`.
Run `jixia -h` for further information.

ERROR:jixia.run:error while processing ('Mathlib', 'Topology', 'ContinuousFunction', 'ZeroAtInfty'): Unknown flag `--module`.
Run `jixia -h` for further information.

ERROR:jixia.run:error while processing ('Mathlib', 'Topology', 'Algebra', 'Order', 'Archimedean'): Unknown flag `--module`.
Run `jixia -h` for further information.

ERROR:jixia.run:error while processing ('Mathlib', 'Topology', 'Homotopy', 'Product'): Unknown flag `--module`.
Run `jixia -h` for further information.

ERROR:jixia.run:error while processing ('Mathlib', 'Topology', 'ContinuousFunction', 'UniqueCFC'): Unknown flag `--module`.
Run `jixia -h` for further information.

ERROR:jixia.run:error while processing ('Mathlib', 'Topology', 'ContinuousFunction', 'Weierstrass'): Unknown flag `--module`.
Run `jixia -h` for further information.

ERROR:jixia.run:error while processing ('Mathlib', 'Topology', 'Algebra', 'InfiniteSum', 'Order'): Unknown flag `--module`.
Run `jixia -h` for further information.

ERROR:jixia.run:error while processing ('Mathlib', 'Topology', 'ContinuousFunction', 'CompactlySupported'): Unknown flag `--module`.
Run `jixia -h` for further information.

ERROR:jixia.run:error while processing ('Mathlib', 'Topology', 'Algebra', 'Module', 'Multilinear', 'Topology'): Unknown flag `--module`.
Run `jixia -h` for further information.

ERROR:jixia.run:error while processing ('Mathlib', 'Topology', 'ContinuousFunction', 'Algebra'): Unknown flag `--module`.
Run `jixia -h` for further information.

ERROR:jixia.run:error while processing ('Mathlib', 'Topology', 'ContinuousFunction', 'Bounded'): Unknown flag `--module`.
Run `jixia -h` for further information.

ERROR:jixia.run:error while processing ('Mathlib', 'Topology', 'Algebra', 'InfiniteSum', 'Group'): Unknown flag `--module`.
Run `jixia -h` for further information.

ERROR:jixia.run:error while processing ('Mathlib', 'Topology', 'Algebra', 'Module', 'UniformConvergence'): Unknown flag `--module`.
Run `jixia -h` for further information.

ERROR:jixia.run:error while processing ('Mathlib', 'Topology', 'Algebra', 'InfiniteSum', 'Basic'): Unknown flag `--module`.
Run `jixia -h` for further information.

ERROR:jixia.run:error while processing ('Mathlib', 'Topology', 'Algebra', 'Module', 'Basic'): Unknown flag `--module`.
Run `jixia -h` for further information.

ERROR:jixia.run:error while processing ('Mathlib', 'Topology', 'ContinuousFunction', 'Sigma'): Unknown flag `--module`.
Run `jixia -h` for further information.

ERROR:jixia.run:error while processing ('Mathlib', 'Topology', 'Algebra', 'Module', 'Star'): Unknown flag `--module`.
Run `jixia -h` for further information.

ERROR:jixia.run:error while processing ('Mathlib', 'Topology', 'Algebra', 'UniformGroup'): Unknown flag `--module`.
Run `jixia -h` for further information.

ERROR:jixia.run:error while processing ('Mathlib', 'Topology', 'ContinuousFunction', 'StoneWeierstrass'): Unknown flag `--module`.
Run `jixia -h` for further information.

ERROR:jixia.run:error while processing ('Mathlib', 'Topology', 'Algebra', 'Nonarchimedean', 'Completion'): Unknown flag `--module`.
Run `jixia -h` for further information.

ERROR:jixia.run:error while processing ('Mathlib', 'Topology', 'Algebra', 'Group', 'OpenMapping'): Unknown flag `--module`.
Run `jixia -h` for further information.

ERROR:jixia.run:error while processing ('Mathlib', 'Topology', 'Algebra', 'InfiniteSum', 'Constructions'): Unknown flag `--module`.
Run `jixia -h` for further information.

ERROR:jixia.run:error while processing ('Mathlib', 'Topology', 'ContinuousFunction', 'Polynomial'): Unknown flag `--module`.
Run `jixia -h` for further information.

ERROR:jixia.run:error while processing ('Mathlib', 'Topology', 'Algebra', 'Order', 'Compact'): Unknown flag `--module`.
Run `jixia -h` for further information.

ERROR:jixia.run:error while processing ('Mathlib', 'Topology', 'Algebra', 'Order', 'UpperLower'): Unknown flag `--module`.
Run `jixia -h` for further information.

ERROR:jixia.run:error while processing ('Mathlib', 'Topology', 'ContinuousFunction', 'ContinuousMapZero'): Unknown flag `--module`.
Run `jixia -h` for further information.

ERROR:jixia.run:error while processing ('Mathlib', 'Topology', 'ContinuousFunction', 'StarOrdered'): Unknown flag `--module`.
Run `jixia -h` for further information.

ERROR:jixia.run:error while processing ('Mathlib', 'Topology', 'Homotopy', 'HSpaces'): Unknown flag `--module`.
Run `jixia -h` for further information.

ERROR:jixia.run:error while processing ('Mathlib', 'Topology', 'Algebra', 'InfiniteSum', 'Defs'): Unknown flag `--module`.
Run `jixia -h` for further information.

ERROR:jixia.run:error while processing ('Mathlib', 'Topology', 'ContinuousFunction', 'Ideals'): Unknown flag `--module`.
Run `jixia -h` for further information.

ERROR:jixia.run:error while processing ('Mathlib', 'Topology', 'ContinuousFunction', 'T0Sierpinski'): Unknown flag `--module`.
Run `jixia -h` for further information.

ERROR:jixia.run:error while processing ('Mathlib', 'Topology', 'LocallyConstant', 'Basic'): Unknown flag `--module`.
Run `jixia -h` for further information.

ERROR:jixia.run:error while processing ('Mathlib', 'Topology', 'ContinuousFunction', 'Ordered'): Unknown flag `--module`.
Run `jixia -h` for further information.

ERROR:jixia.run:error while processing ('Mathlib', 'Topology', 'ContinuousFunction', 'Units'): Unknown flag `--module`.
Run `jixia -h` for further information.

ERROR:jixia.run:error while processing ('Mathlib', 'Topology', 'ContinuousFunction', 'Basic'): Unknown flag `--module`.
Run `jixia -h` for further information.

ERROR:jixia.run:error while processing ('Mathlib', 'Topology', 'Homotopy', 'Basic'): Unknown flag `--module`.
Run `jixia -h` for further information.

ERROR:jixia.run:error while processing ('Mathlib', 'Topology', 'Algebra', 'Order', 'Floor'): Unknown flag `--module`.
Run `jixia -h` for further information.

ERROR:jixia.run:error while processing ('Mathlib', 'Topology', 'ContinuousFunction', 'CocompactMap'): Unknown flag `--module`.
Run `jixia -h` for further information.

ERROR:jixia.run:error while processing ('Mathlib', 'Topology', 'Homotopy', 'Path'): Unknown flag `--module`.
Run `jixia -h` for further information.

ERROR:jixia.run:error while processing ('Mathlib', 'Topology', 'Instances', 'TrivSqZeroExt'): Unknown flag `--module`.
Run `jixia -h` for further information.

ERROR:jixia.run:error while processing ('Mathlib', 'Topology', 'Homotopy', 'Equiv'): Unknown flag `--module`.
Run `jixia -h` for further information.

ERROR:jixia.run:error while processing ('Mathlib', 'Topology', 'Homotopy', 'HomotopyGroup'): Unknown flag `--module`.
Run `jixia -h` for further information.

ERROR:jixia.run:error while processing ('Mathlib', 'Topology', 'Homotopy', 'Contractible'): Unknown flag `--module`.
Run `jixia -h` for further information.

ERROR:jixia.run:error while processing ('Mathlib', 'Topology', 'Instances', 'EReal'): Unknown flag `--module`.
Run `jixia -h` for further information.

ERROR:jixia.run:error while processing ('Mathlib', 'Topology', 'Instances', 'Matrix'): Unknown flag `--module`.
Run `jixia -h` for further information.

ERROR:jixia.run:error while processing ('Mathlib', 'Topology', 'Instances', 'Complex'): Unknown flag `--module`.
Run `jixia -h` for further information.

ERROR:jixia.run:error while processing ('Mathlib', 'Topology', 'Instances', 'Real'): Unknown flag `--module`.
Run `jixia -h` for further information.

ERROR:jixia.run:error while processing ('Mathlib', 'Topology', 'Instances', 'Rat'): Unknown flag `--module`.
Run `jixia -h` for further information.

ERROR:jixia.run:error while processing ('Mathlib', 'Topology', 'Instances', 'AddCircle'): Unknown flag `--module`.
Run `jixia -h` for further information.

ERROR:jixia.run:error while processing ('Mathlib', 'Topology', 'Instances', 'Int'): Unknown flag `--module`.
Run `jixia -h` for further information.

ERROR:jixia.run:error while processing ('Mathlib', 'Mathport', 'Syntax'): Unknown flag `--module`.
Run `jixia -h` for further information.

ERROR:jixia.run:error while processing ('Mathlib', 'GroupTheory', 'Coset'): Unknown flag `--module`.
Run `jixia -h` for further information.

ERROR:jixia.run:error while processing ('Mathlib', 'Topology', 'Instances', 'Discrete'): Unknown flag `--module`.
Run `jixia -h` for further information.

ERROR:jixia.run:error while processing ('Mathlib', 'Topology', 'Instances', 'NNReal'): Unknown flag `--module`.
Run `jixia -h` for further information.

ERROR:jixia.run:error while processing ('Mathlib', 'GroupTheory', 'Schreier'): Unknown flag `--module`.
Run `jixia -h` for further information.

ERROR:jixia.run:error while processing ('Mathlib', 'GroupTheory', 'Frattini'): Unknown flag `--module`.
Run `jixia -h` for further information.

ERROR:jixia.run:error while processing ('Mathlib', 'GroupTheory', 'SchurZassenhaus'): Unknown flag `--module`.
Run `jixia -h` for further information.

ERROR:jixia.run:error while processing ('Mathlib', 'GroupTheory', 'OrderOfElement'): Unknown flag `--module`.
Run `jixia -h` for further information.

ERROR:jixia.run:error while processing ('Mathlib', 'GroupTheory', 'NoncommPiCoprod'): Unknown flag `--module`.
Run `jixia -h` for further information.

ERROR:jixia.run:error while processing ('Mathlib', 'GroupTheory', 'Finiteness'): Unknown flag `--module`.
Run `jixia -h` for further information.

ERROR:jixia.run:error while processing ('Mathlib', 'GroupTheory', 'FreeAbelianGroupFinsupp'): Unknown flag `--module`.
Run `jixia -h` for further information.

ERROR:jixia.run:error while processing ('Mathlib', 'GroupTheory', 'Perm', 'ClosureSwap'): Unknown flag `--module`.
Run `jixia -h` for further information.

ERROR:jixia.run:error while processing ('Mathlib', 'GroupTheory', 'Solvable'): Unknown flag `--module`.
Run `jixia -h` for further information.

ERROR:jixia.run:error while processing ('Mathlib', 'GroupTheory', 'FreeAbelianGroup'): Unknown flag `--module`.
Run `jixia -h` for further information.

ERROR:jixia.run:error while processing ('Mathlib', 'GroupTheory', 'Perm', 'Cycle', 'Type'): Unknown flag `--module`.
Run `jixia -h` for further information.

ERROR:jixia.run:error while processing ('Mathlib', 'GroupTheory', 'Commensurable'): Unknown flag `--module`.
Run `jixia -h` for further information.

ERROR:jixia.run:error while processing ('Mathlib', 'GroupTheory', 'PGroup'): Unknown flag `--module`.
Run `jixia -h` for further information.

ERROR:jixia.run:error while processing ('Mathlib', 'GroupTheory', 'Sylow'): Unknown flag `--module`.
Run `jixia -h` for further information.

ERROR:jixia.run:error while processing ('Mathlib', 'GroupTheory', 'SemidirectProduct'): Unknown flag `--module`.
Run `jixia -h` for further information.

ERROR:jixia.run:error while processing ('Mathlib', 'GroupTheory', 'Submonoid', 'Centralizer'): Unknown flag `--module`.
Run `jixia -h` for further information.

ERROR:jixia.run:error while processing ('Mathlib', 'GroupTheory', 'SpecificGroups', 'Cyclic'): Unknown flag `--module`.
Run `jixia -h` for further information.

ERROR:jixia.run:error while processing ('Mathlib', 'GroupTheory', 'FreeGroup', 'IsFreeGroup'): Unknown flag `--module`.
Run `jixia -h` for further information.

ERROR:jixia.run:error while processing ('Mathlib', 'GroupTheory', 'Transfer'): Unknown flag `--module`.
Run `jixia -h` for further information.

ERROR:jixia.run:error while processing ('Mathlib', 'GroupTheory', 'SpecificGroups', 'Alternating'): Unknown flag `--module`.
Run `jixia -h` for further information.

ERROR:jixia.run:error while processing ('Mathlib', 'GroupTheory', 'PushoutI'): Unknown flag `--module`.
Run `jixia -h` for further information.

ERROR:jixia.run:error while processing ('Mathlib', 'GroupTheory', 'Perm', 'Option'): Unknown flag `--module`.
Run `jixia -h` for further information.

ERROR:jixia.run:error while processing ('Mathlib', 'GroupTheory', 'Divisible'): Unknown flag `--module`.
Run `jixia -h` for further information.

ERROR:jixia.run:error while processing ('Mathlib', 'GroupTheory', 'ClassEquation'): Unknown flag `--module`.
Run `jixia -h` for further information.

ERROR:jixia.run:error while processing ('Mathlib', 'GroupTheory', 'Subgroup', 'Saturated'): Unknown flag `--module`.
Run `jixia -h` for further information.

ERROR:jixia.run:error while processing ('Mathlib', 'Topology', 'Instances', 'RealVectorSpace'): Unknown flag `--module`.
Run `jixia -h` for further information.

ERROR:jixia.run:error while processing ('Mathlib', 'GroupTheory', 'Subgroup', 'Center'): Unknown flag `--module`.
Run `jixia -h` for further information.

ERROR:jixia.run:error while processing ('Mathlib', 'GroupTheory', 'Perm', 'Subgroup'): Unknown flag `--module`.
Run `jixia -h` for further information.

ERROR:jixia.run:error while processing ('Mathlib', 'GroupTheory', 'Perm', 'Cycle', 'Basic'): Unknown flag `--module`.
Run `jixia -h` for further information.

ERROR:jixia.run:error while processing ('Mathlib', 'GroupTheory', 'Perm', 'Cycle', 'PossibleTypes'): Unknown flag `--module`.
Run `jixia -h` for further information.

ERROR:jixia.run:error while processing ('Mathlib', 'GroupTheory', 'SpecificGroups', 'Dihedral'): Unknown flag `--module`.
Run `jixia -h` for further information.

ERROR:jixia.run:error while processing ('Mathlib', 'GroupTheory', 'Perm', 'Closure'): Unknown flag `--module`.
Run `jixia -h` for further information.

ERROR:jixia.run:error while processing ('Mathlib', 'GroupTheory', 'Perm', 'List'): Unknown flag `--module`.
Run `jixia -h` for further information.

ERROR:jixia.run:error while processing ('Mathlib', 'Topology', 'Instances', 'CantorSet'): Unknown flag `--module`.
Run `jixia -h` for further information.

ERROR:jixia.run:error while processing ('Mathlib', 'Topology', 'Instances', 'Irrational'): Unknown flag `--module`.
Run `jixia -h` for further information.

ERROR:jixia.run:error while processing ('Mathlib', 'GroupTheory', 'Coxeter', 'Inversion'): Unknown flag `--module`.
Run `jixia -h` for further information.

ERROR:jixia.run:error while processing ('Mathlib', 'GroupTheory', 'Perm', 'Sign'): Unknown flag `--module`.
Run `jixia -h` for further information.

ERROR:jixia.run:error while processing ('Mathlib', 'GroupTheory', 'SpecificGroups', 'Quaternion'): Unknown flag `--module`.
Run `jixia -h` for further information.

ERROR:jixia.run:error while processing ('Mathlib', 'Topology', 'Instances', 'ENNReal'): Unknown flag `--module`.
Run `jixia -h` for further information.

ERROR:jixia.run:error while processing ('Mathlib', 'GroupTheory', 'EckmannHilton'): Unknown flag `--module`.
Run `jixia -h` for further information.

ERROR:jixia.run:error while processing ('Mathlib', 'Topology', 'Instances', 'RatLemmas'): Unknown flag `--module`.
Run `jixia -h` for further information.

ERROR:jixia.run:error while processing ('Mathlib', 'GroupTheory', 'PresentedGroup'): Unknown flag `--module`.
Run `jixia -h` for further information.

ERROR:jixia.run:error while processing ('Mathlib', 'Mathport', 'Attributes'): Unknown flag `--module`.
Run `jixia -h` for further information.

ERROR:jixia.run:error while processing ('Mathlib', 'GroupTheory', 'Coxeter', 'Matrix'): Unknown flag `--module`.
Run `jixia -h` for further information.

ERROR:jixia.run:error while processing ('Mathlib', 'GroupTheory', 'Coxeter', 'Length'): Unknown flag `--module`.
Run `jixia -h` for further information.

ERROR:jixia.run:error while processing ('Mathlib', 'GroupTheory', 'Congruence', 'Opposite'): Unknown flag `--module`.
Run `jixia -h` for further information.

ERROR:jixia.run:error while processing ('Mathlib', 'Topology', 'Instances', 'Nat'): Unknown flag `--module`.
Run `jixia -h` for further information.

ERROR:jixia.run:error while processing ('Mathlib', 'GroupTheory', 'Perm', 'Cycle', 'Factors'): Unknown flag `--module`.
Run `jixia -h` for further information.

ERROR:jixia.run:error while processing ('Mathlib', 'Topology', 'Instances', 'PNat'): Unknown flag `--module`.
Run `jixia -h` for further information.

ERROR:jixia.run:error while processing ('Mathlib', 'Mathport', 'Notation'): Unknown flag `--module`.
Run `jixia -h` for further information.

ERROR:jixia.run:error while processing ('Mathlib', 'GroupTheory', 'MonoidLocalization'): Unknown flag `--module`.
Run `jixia -h` for further information.

ERROR:jixia.run:error while processing ('Mathlib', 'GroupTheory', 'GroupAction', 'Group'): Unknown flag `--module`.
Run `jixia -h` for further information.

ERROR:jixia.run:error while processing ('Mathlib', 'GroupTheory', 'Congruence', 'Basic'): Unknown flag `--module`.
Run `jixia -h` for further information.

ERROR:jixia.run:error while processing ('Mathlib', 'GroupTheory', 'Abelianization'): Unknown flag `--module`.
Run `jixia -h` for further information.

ERROR:jixia.run:error while processing ('Mathlib', 'Topology', 'Instances', 'Sign'): Unknown flag `--module`.
Run `jixia -h` for further information.

ERROR:jixia.run:error while processing ('Mathlib', 'GroupTheory', 'Coxeter', 'Basic'): Unknown flag `--module`.
Run `jixia -h` for further information.

ERROR:jixia.run:error while processing ('Mathlib', 'GroupTheory', 'GroupAction', 'ConjAct'): Unknown flag `--module`.
Run `jixia -h` for further information.

ERROR:jixia.run:error while processing ('Mathlib', 'GroupTheory', 'GroupAction', 'Opposite'): Unknown flag `--module`.
Run `jixia -h` for further information.

ERROR:jixia.run:error while processing ('Mathlib', 'GroupTheory', 'HNNExtension'): Unknown flag `--module`.
Run `jixia -h` for further information.

ERROR:jixia.run:error while processing ('Mathlib', 'GroupTheory', 'FreeGroup', 'NielsenSchreier'): Unknown flag `--module`.
Run `jixia -h` for further information.

ERROR:jixia.run:error while processing ('Mathlib', 'GroupTheory', 'Subgroup', 'Centralizer'): Unknown flag `--module`.
Run `jixia -h` for further information.

ERROR:jixia.run:error while processing ('Mathlib', 'GroupTheory', 'NoncommCoprod'): Unknown flag `--module`.
Run `jixia -h` for further information.

ERROR:jixia.run:error while processing ('Mathlib', 'GroupTheory', 'FiniteAbelian'): Unknown flag `--module`.
Run `jixia -h` for further information.

ERROR:jixia.run:error while processing ('Mathlib', 'GroupTheory', 'Nilpotent'): Unknown flag `--module`.
Run `jixia -h` for further information.

ERROR:jixia.run:error while processing ('Mathlib', 'GroupTheory', 'DoubleCoset'): Unknown flag `--module`.
Run `jixia -h` for further information.

ERROR:jixia.run:error while processing ('Mathlib', 'GroupTheory', 'GroupAction', 'Ring'): Unknown flag `--module`.
Run `jixia -h` for further information.

ERROR:jixia.run:error while processing ('Mathlib', 'GroupTheory', 'Subgroup', 'Simple'): Unknown flag `--module`.
Run `jixia -h` for further information.

ERROR:jixia.run:error while processing ('Mathlib', 'GroupTheory', 'FixedPointFree'): Unknown flag `--module`.
Run `jixia -h` for further information.

ERROR:jixia.run:error while processing ('Mathlib', 'Mathport', 'Rename'): Unknown flag `--module`.
Run `jixia -h` for further information.

ERROR:jixia.run:error while processing ('Mathlib', 'GroupTheory', 'Complement'): Unknown flag `--module`.
Run `jixia -h` for further information.

ERROR:jixia.run:error while processing ('Mathlib', 'GroupTheory', 'CommutingProbability'): Unknown flag `--module`.
Run `jixia -h` for further information.

ERROR:jixia.run:error while processing ('Mathlib', 'GroupTheory', 'FreeGroup', 'Basic'): Unknown flag `--module`.
Run `jixia -h` for further information.

ERROR:jixia.run:error while processing ('Mathlib', 'GroupTheory', 'Subsemigroup', 'Center'): Unknown flag `--module`.
Run `jixia -h` for further information.

ERROR:jixia.run:error while processing ('Mathlib', 'GroupTheory', 'Subsemigroup', 'Centralizer'): Unknown flag `--module`.
Run `jixia -h` for further information.

ERROR:jixia.run:error while processing ('Mathlib', 'GroupTheory', 'Perm', 'Basic'): Unknown flag `--module`.
Run `jixia -h` for further information.

ERROR:jixia.run:error while processing ('Mathlib', 'GroupTheory', 'Commutator'): Unknown flag `--module`.
Run `jixia -h` for further information.

ERROR:jixia.run:error while processing ('Mathlib', 'GroupTheory', 'Exponent'): Unknown flag `--module`.
Run `jixia -h` for further information.

ERROR:jixia.run:error while processing ('Mathlib', 'GroupTheory', 'Perm', 'Support'): Unknown flag `--module`.
Run `jixia -h` for further information.

ERROR:jixia.run:error while processing ('Mathlib', 'GroupTheory', 'Index'): Unknown flag `--module`.
Run `jixia -h` for further information.

ERROR:jixia.run:error while processing ('Mathlib', 'GroupTheory', 'Torsion'): Unknown flag `--module`.
Run `jixia -h` for further information.

ERROR:jixia.run:error while processing ('Mathlib', 'GroupTheory', 'CoprodI'): Unknown flag `--module`.
Run `jixia -h` for further information.

ERROR:jixia.run:error while processing ('Mathlib', 'GroupTheory', 'Submonoid', 'Center'): Unknown flag `--module`.
Run `jixia -h` for further information.

ERROR:jixia.run:error while processing ('Mathlib', 'GroupTheory', 'Archimedean'): Unknown flag `--module`.
Run `jixia -h` for further information.

ERROR:jixia.run:error while processing ('Mathlib', 'GroupTheory', 'QuotientGroup'): Unknown flag `--module`.
Run `jixia -h` for further information.

ERROR:jixia.run:error while processing ('Mathlib', 'GroupTheory', 'Coprod', 'Basic'): Unknown flag `--module`.
Run `jixia -h` for further information.

ERROR:jixia.run:error while processing ('Mathlib', 'GroupTheory', 'Order', 'Min'): Unknown flag `--module`.
Run `jixia -h` for further information.

ERROR:jixia.run:error while processing ('Mathlib', 'GroupTheory', 'Perm', 'ViaEmbedding'): Unknown flag `--module`.
Run `jixia -h` for further information.

ERROR:jixia.run:error while processing ('Mathlib', 'GroupTheory', 'Perm', 'DomMulAct'): Unknown flag `--module`.
Run `jixia -h` for further information.

ERROR:jixia.run:error while processing ('Mathlib', 'GroupTheory', 'Perm', 'Fin'): Unknown flag `--module`.
Run `jixia -h` for further information.

ERROR:jixia.run:error while processing ('Mathlib', 'GroupTheory', 'Submonoid', 'Inverses'): Unknown flag `--module`.
Run `jixia -h` for further information.

ERROR:jixia.run:error while processing ('Mathlib', 'GroupTheory', 'Perm', 'Finite'): Unknown flag `--module`.
Run `jixia -h` for further information.

ERROR:jixia.run:error while processing ('Mathlib', 'GroupTheory', 'Perm', 'Cycle', 'Concrete'): Unknown flag `--module`.
Run `jixia -h` for further information.

ERROR:jixia.run:error while processing ('Mathlib', 'GroupTheory', 'SpecificGroups', 'KleinFour'): Unknown flag `--module`.
Run `jixia -h` for further information.

ERROR:jixia.run:error while processing ('Mathlib', 'GroupTheory', 'GroupAction', 'BigOperators'): Unknown flag `--module`.
Run `jixia -h` for further information.

ERROR:jixia.run:error while processing ('Mathlib', 'GroupTheory', 'Congruence', 'BigOperators'): Unknown flag `--module`.
Run `jixia -h` for further information.

ERROR:jixia.run:error while processing ('Mathlib', 'GroupTheory', 'GroupAction', 'FixingSubgroup'): Unknown flag `--module`.
Run `jixia -h` for further information.

ERROR:jixia.run:error while processing ('Mathlib', 'GroupTheory', 'GroupAction', 'Sum'): Unknown flag `--module`.
Run `jixia -h` for further information.

ERROR:jixia.run:error while processing ('Mathlib', 'GroupTheory', 'GroupAction', 'Prod'): Unknown flag `--module`.
Run `jixia -h` for further information.

ERROR:jixia.run:error while processing ('Mathlib', 'GroupTheory', 'GroupAction', 'Embedding'): Unknown flag `--module`.
Run `jixia -h` for further information.

ERROR:jixia.run:error while processing ('Mathlib', 'GroupTheory', 'GroupAction', 'Period'): Unknown flag `--module`.
Run `jixia -h` for further information.

ERROR:jixia.run:error while processing ('Mathlib', 'GroupTheory', 'GroupAction', 'Quotient'): Unknown flag `--module`.
Run `jixia -h` for further information.

ERROR:jixia.run:error while processing ('Mathlib', 'GroupTheory', 'GroupAction', 'Defs'): Unknown flag `--module`.
Run `jixia -h` for further information.

ERROR:jixia.run:error while processing ('Mathlib', 'GroupTheory', 'GroupAction', 'Pointwise'): Unknown flag `--module`.
Run `jixia -h` for further information.

ERROR:jixia.run:error while processing ('Mathlib', 'GroupTheory', 'GroupAction', 'Sigma'): Unknown flag `--module`.
Run `jixia -h` for further information.

ERROR:jixia.run:error while processing ('Mathlib', 'GroupTheory', 'GroupAction', 'Basic'): Unknown flag `--module`.
Run `jixia -h` for further information.

ERROR:jixia.run:error while processing ('Mathlib', 'GroupTheory', 'GroupAction', 'SubMulAction'): Unknown flag `--module`.
Run `jixia -h` for further information.

ERROR:jixia.run:error while processing ('Mathlib', 'ModelTheory', 'Fraisse'): Unknown flag `--module`.
Run `jixia -h` for further information.

ERROR:jixia.run:error while processing ('Mathlib', 'ModelTheory', 'Quotients'): Unknown flag `--module`.
Run `jixia -h` for further information.

ERROR:jixia.run:error while processing ('Mathlib', 'GroupTheory', 'GroupAction', 'Pi'): Unknown flag `--module`.
Run `jixia -h` for further information.

ERROR:jixia.run:error while processing ('Mathlib', 'ModelTheory', 'Algebra', 'Ring', 'Basic'): Unknown flag `--module`.
Run `jixia -h` for further information.

ERROR:jixia.run:error while processing ('Mathlib', 'ModelTheory', 'Satisfiability'): Unknown flag `--module`.
Run `jixia -h` for further information.

ERROR:jixia.run:error while processing ('Mathlib', 'LinearAlgebra', 'SesquilinearForm'): Unknown flag `--module`.
Run `jixia -h` for further information.

ERROR:jixia.run:error while processing ('Mathlib', 'ModelTheory', 'Ultraproducts'): Unknown flag `--module`.
Run `jixia -h` for further information.

ERROR:jixia.run:error while processing ('Mathlib', 'LinearAlgebra', 'Semisimple'): Unknown flag `--module`.
Run `jixia -h` for further information.

ERROR:jixia.run:error while processing ('Mathlib', 'LinearAlgebra', 'TensorPower'): Unknown flag `--module`.
Run `jixia -h` for further information.

ERROR:jixia.run:error while processing ('Mathlib', 'GroupTheory', 'GroupAction', 'FixedPoints'): Unknown flag `--module`.
Run `jixia -h` for further information.

ERROR:jixia.run:error while processing ('Mathlib', 'ModelTheory', 'LanguageMap'): Unknown flag `--module`.
Run `jixia -h` for further information.

ERROR:jixia.run:error while processing ('Mathlib', 'LinearAlgebra', 'FiniteSpan'): Unknown flag `--module`.
Run `jixia -h` for further information.

ERROR:jixia.run:error while processing ('Mathlib', 'ModelTheory', 'Algebra', 'Ring', 'FreeCommRing'): Unknown flag `--module`.
Run `jixia -h` for further information.

ERROR:jixia.run:error while processing ('Mathlib', 'LinearAlgebra', 'JordanChevalley'): Unknown flag `--module`.
Run `jixia -h` for further information.

ERROR:jixia.run:error while processing ('Mathlib', 'ModelTheory', 'Bundled'): Unknown flag `--module`.
Run `jixia -h` for further information.

ERROR:jixia.run:error while processing ('Mathlib', 'ModelTheory', 'Syntax'): Unknown flag `--module`.
Run `jixia -h` for further information.

ERROR:jixia.run:error while processing ('Mathlib', 'GroupTheory', 'GroupAction', 'Units'): Unknown flag `--module`.
Run `jixia -h` for further information.

ERROR:jixia.run:error while processing ('Mathlib', 'LinearAlgebra', 'BilinearMap'): Unknown flag `--module`.
Run `jixia -h` for further information.

ERROR:jixia.run:error while processing ('Mathlib', 'ModelTheory', 'Algebra', 'Field', 'CharP'): Unknown flag `--module`.
Run `jixia -h` for further information.

ERROR:jixia.run:error while processing ('Mathlib', 'LinearAlgebra', 'Contraction'): Unknown flag `--module`.
Run `jixia -h` for further information.

ERROR:jixia.run:error while processing ('Mathlib', 'ModelTheory', 'Algebra', 'Field', 'Basic'): Unknown flag `--module`.
Run `jixia -h` for further information.

ERROR:jixia.run:error while processing ('Mathlib', 'GroupTheory', 'GroupAction', 'Hom'): Unknown flag `--module`.
Run `jixia -h` for further information.

ERROR:jixia.run:error while processing ('Mathlib', 'GroupTheory', 'GroupAction', 'SubMulAction', 'Pointwise'): Unknown flag `--module`.
Run `jixia -h` for further information.

ERROR:jixia.run:error while processing ('Mathlib', 'GroupTheory', 'GroupAction', 'Support'): Unknown flag `--module`.
Run `jixia -h` for further information.

ERROR:jixia.run:error while processing ('Mathlib', 'ModelTheory', 'ElementaryMaps'): Unknown flag `--module`.
Run `jixia -h` for further information.

ERROR:jixia.run:error while processing ('Mathlib', 'ModelTheory', 'Substructures'): Unknown flag `--module`.
Run `jixia -h` for further information.

ERROR:jixia.run:error while processing ('Mathlib', 'LinearAlgebra', 'CrossProduct'): Unknown flag `--module`.
Run `jixia -h` for further information.

ERROR:jixia.run:error while processing ('Mathlib', 'LinearAlgebra', 'Quotient'): Unknown flag `--module`.
Run `jixia -h` for further information.

ERROR:jixia.run:error while processing ('Mathlib', 'LinearAlgebra', 'PerfectPairing'): Unknown flag `--module`.
Run `jixia -h` for further information.

ERROR:jixia.run:error while processing ('Mathlib', 'LinearAlgebra', 'InvariantBasisNumber'): Unknown flag `--module`.
Run `jixia -h` for further information.

ERROR:jixia.run:error while processing ('Mathlib', 'LinearAlgebra', 'Orientation'): Unknown flag `--module`.
Run `jixia -h` for further information.

ERROR:jixia.run:error while processing ('Mathlib', 'GroupTheory', 'GroupAction', 'Blocks'): Unknown flag `--module`.
Run `jixia -h` for further information.

ERROR:jixia.run:error while processing ('Mathlib', 'LinearAlgebra', 'FinsuppVectorSpace'): Unknown flag `--module`.
Run `jixia -h` for further information.

ERROR:jixia.run:error while processing ('Mathlib', 'LinearAlgebra', 'Projection'): Unknown flag `--module`.
Run `jixia -h` for further information.

ERROR:jixia.run:error while processing ('Mathlib', 'LinearAlgebra', 'Finsupp'): Unknown flag `--module`.
Run `jixia -h` for further information.

ERROR:jixia.run:error while processing ('Mathlib', 'GroupTheory', 'GroupAction', 'DomAct', 'Basic'): Unknown flag `--module`.
Run `jixia -h` for further information.

ERROR:jixia.run:error while processing ('Mathlib', 'LinearAlgebra', 'GeneralLinearGroup'): Unknown flag `--module`.
Run `jixia -h` for further information.

ERROR:jixia.run:error while processing ('Mathlib', 'GroupTheory', 'GroupAction', 'Option'): Unknown flag `--module`.
Run `jixia -h` for further information.

ERROR:jixia.run:error while processing ('Mathlib', 'LinearAlgebra', 'LinearPMap'): Unknown flag `--module`.
Run `jixia -h` for further information.

ERROR:jixia.run:error while processing ('Mathlib', 'LinearAlgebra', 'Trace'): Unknown flag `--module`.
Run `jixia -h` for further information.

ERROR:jixia.run:error while processing ('Mathlib', 'ModelTheory', 'Basic'): Unknown flag `--module`.
Run `jixia -h` for further information.

ERROR:jixia.run:error while processing ('Mathlib', 'LinearAlgebra', 'Determinant'): Unknown flag `--module`.
Run `jixia -h` for further information.

ERROR:jixia.run:error while processing ('Mathlib', 'ModelTheory', 'Graph'): Unknown flag `--module`.
Run `jixia -h` for further information.

ERROR:jixia.run:error while processing ('Mathlib', 'LinearAlgebra', 'AffineSpace', 'Combination'): Unknown flag `--module`.
Run `jixia -h` for further information.

ERROR:jixia.run:error while processing ('Mathlib', 'LinearAlgebra', 'Ray'): Unknown flag `--module`.
Run `jixia -h` for further information.

ERROR:jixia.run:error while processing ('Mathlib', 'LinearAlgebra', 'QuotientPi'): Unknown flag `--module`.
Run `jixia -h` for further information.

ERROR:jixia.run:error while processing ('Mathlib', 'LinearAlgebra', 'AnnihilatingPolynomial'): Unknown flag `--module`.
Run `jixia -h` for further information.

ERROR:jixia.run:error while processing ('Mathlib', 'LinearAlgebra', 'AffineSpace', 'Pointwise'): Unknown flag `--module`.
Run `jixia -h` for further information.

ERROR:jixia.run:error while processing ('Mathlib', 'LinearAlgebra', 'PID'): Unknown flag `--module`.
Run `jixia -h` for further information.

ERROR:jixia.run:error while processing ('Mathlib', 'GroupTheory', 'GroupAction', 'DomAct', 'ActionHom'): Unknown flag `--module`.
Run `jixia -h` for further information.

ERROR:jixia.run:error while processing ('Mathlib', 'LinearAlgebra', 'Coevaluation'): Unknown flag `--module`.
Run `jixia -h` for further information.

ERROR:jixia.run:error while processing ('Mathlib', 'ModelTheory', 'Types'): Unknown flag `--module`.
Run `jixia -h` for further information.

ERROR:jixia.run:error while processing ('Mathlib', 'LinearAlgebra', 'SymplecticGroup'): Unknown flag `--module`.
Run `jixia -h` for further information.

ERROR:jixia.run:error while processing ('Mathlib', 'ModelTheory', 'Skolem'): Unknown flag `--module`.
Run `jixia -h` for further information.

ERROR:jixia.run:error while processing ('Mathlib', 'ModelTheory', 'FinitelyGenerated'): Unknown flag `--module`.
Run `jixia -h` for further information.

ERROR:jixia.run:error while processing ('Mathlib', 'ModelTheory', 'Semantics'): Unknown flag `--module`.
Run `jixia -h` for further information.

ERROR:jixia.run:error while processing ('Mathlib', 'LinearAlgebra', 'Prod'): Unknown flag `--module`.
Run `jixia -h` for further information.

ERROR:jixia.run:error while processing ('Mathlib', 'LinearAlgebra', 'FiniteDimensional'): Unknown flag `--module`.
Run `jixia -h` for further information.

ERROR:jixia.run:error while processing ('Mathlib', 'LinearAlgebra', 'AffineSpace', 'AffineEquiv'): Unknown flag `--module`.
Run `jixia -h` for further information.

ERROR:jixia.run:error while processing ('Mathlib', 'LinearAlgebra', 'AffineSpace', 'AffineMap'): Unknown flag `--module`.
Run `jixia -h` for further information.

ERROR:jixia.run:error while processing ('Mathlib', 'ModelTheory', 'DirectLimit'): Unknown flag `--module`.
Run `jixia -h` for further information.

ERROR:jixia.run:error while processing ('Mathlib', 'LinearAlgebra', 'AffineSpace', 'Ordered'): Unknown flag `--module`.
Run `jixia -h` for further information.

ERROR:jixia.run:error while processing ('Mathlib', 'LinearAlgebra', 'Dual'): Unknown flag `--module`.
Run `jixia -h` for further information.

ERROR:jixia.run:error while processing ('Mathlib', 'ModelTheory', 'ElementarySubstructures'): Unknown flag `--module`.
Run `jixia -h` for further information.

ERROR:jixia.run:error while processing ('Mathlib', 'LinearAlgebra', 'Isomorphisms'): Unknown flag `--module`.
Run `jixia -h` for further information.

ERROR:jixia.run:error while processing ('Mathlib', 'LinearAlgebra', 'ExteriorAlgebra', 'OfAlternating'): Unknown flag `--module`.
Run `jixia -h` for further information.

ERROR:jixia.run:error while processing ('Mathlib', 'ModelTheory', 'Order'): Unknown flag `--module`.
Run `jixia -h` for further information.

ERROR:jixia.run:error while processing ('Mathlib', 'LinearAlgebra', 'TensorProduct', 'Opposite'): Unknown flag `--module`.
Run `jixia -h` for further information.

ERROR:jixia.run:error while processing ('Mathlib', 'LinearAlgebra', 'Reflection'): Unknown flag `--module`.
Run `jixia -h` for further information.

ERROR:jixia.run:error while processing ('Mathlib', 'LinearAlgebra', 'Basis'): Unknown flag `--module`.
Run `jixia -h` for further information.

ERROR:jixia.run:error while processing ('Mathlib', 'LinearAlgebra', 'AffineSpace', 'Matrix'): Unknown flag `--module`.
Run `jixia -h` for further information.

ERROR:jixia.run:error while processing ('Mathlib', 'ModelTheory', 'Encoding'): Unknown flag `--module`.
Run `jixia -h` for further information.

ERROR:jixia.run:error while processing ('Mathlib', 'LinearAlgebra', 'Vandermonde'): Unknown flag `--module`.
Run `jixia -h` for further information.

ERROR:jixia.run:error while processing ('Mathlib', 'LinearAlgebra', 'AffineSpace', 'AffineSubspace'): Unknown flag `--module`.
Run `jixia -h` for further information.

ERROR:jixia.run:error while processing ('Mathlib', 'ModelTheory', 'Definability'): Unknown flag `--module`.
Run `jixia -h` for further information.

ERROR:jixia.run:error while processing ('Mathlib', 'LinearAlgebra', 'Span'): Unknown flag `--module`.
Run `jixia -h` for further information.

ERROR:jixia.run:error while processing ('Mathlib', 'LinearAlgebra', 'TensorProduct', 'Prod'): Unknown flag `--module`.
Run `jixia -h` for further information.

ERROR:jixia.run:error while processing ('Mathlib', 'LinearAlgebra', 'ExteriorAlgebra', 'Grading'): Unknown flag `--module`.
Run `jixia -h` for further information.

ERROR:jixia.run:error while processing ('Mathlib', 'LinearAlgebra', 'FreeAlgebra'): Unknown flag `--module`.
Run `jixia -h` for further information.

ERROR:jixia.run:error while processing ('Mathlib', 'LinearAlgebra', 'PiTensorProduct'): Unknown flag `--module`.
Run `jixia -h` for further information.

ERROR:jixia.run:error while processing ('Mathlib', 'LinearAlgebra', 'DFinsupp'): Unknown flag `--module`.
Run `jixia -h` for further information.

ERROR:jixia.run:error while processing ('Mathlib', 'LinearAlgebra', 'LinearIndependent'): Unknown flag `--module`.
Run `jixia -h` for further information.

ERROR:jixia.run:error while processing ('Mathlib', 'LinearAlgebra', 'SModEq'): Unknown flag `--module`.
Run `jixia -h` for further information.

ERROR:jixia.run:error while processing ('Mathlib', 'LinearAlgebra', 'Pi'): Unknown flag `--module`.
Run `jixia -h` for further information.

ERROR:jixia.run:error while processing ('Mathlib', 'LinearAlgebra', 'StdBasis'): Unknown flag `--module`.
Run `jixia -h` for further information.

ERROR:jixia.run:error while processing ('Mathlib', 'LinearAlgebra', 'UnitaryGroup'): Unknown flag `--module`.
Run `jixia -h` for further information.

ERROR:jixia.run:error while processing ('Mathlib', 'LinearAlgebra', 'ExteriorAlgebra', 'Basic'): Unknown flag `--module`.
Run `jixia -h` for further information.

ERROR:jixia.run:error while processing ('Mathlib', 'LinearAlgebra', 'AffineSpace', 'FiniteDimensional'): Unknown flag `--module`.
Run `jixia -h` for further information.

ERROR:jixia.run:error while processing ('Mathlib', 'LinearAlgebra', 'AffineSpace', 'Basis'): Unknown flag `--module`.
Run `jixia -h` for further information.

ERROR:jixia.run:error while processing ('Mathlib', 'LinearAlgebra', 'TensorProduct', 'Basic'): Unknown flag `--module`.
Run `jixia -h` for further information.

ERROR:jixia.run:error while processing ('Mathlib', 'LinearAlgebra', 'AffineSpace', 'Restrict'): Unknown flag `--module`.
Run `jixia -h` for further information.

ERROR:jixia.run:error while processing ('Mathlib', 'LinearAlgebra', 'Lagrange'): Unknown flag `--module`.
Run `jixia -h` for further information.

ERROR:jixia.run:error while processing ('Mathlib', 'LinearAlgebra', 'AffineSpace', 'ContinuousAffineEquiv'): Unknown flag `--module`.
Run `jixia -h` for further information.

ERROR:jixia.run:error while processing ('Mathlib', 'LinearAlgebra', 'TensorProduct', 'Vanishing'): Unknown flag `--module`.
Run `jixia -h` for further information.

ERROR:jixia.run:error while processing ('Mathlib', 'LinearAlgebra', 'AffineSpace', 'Basic'): Unknown flag `--module`.
Run `jixia -h` for further information.

ERROR:jixia.run:error while processing ('Mathlib', 'LinearAlgebra', 'AffineSpace', 'Independent'): Unknown flag `--module`.
Run `jixia -h` for further information.

ERROR:jixia.run:error while processing ('Mathlib', 'LinearAlgebra', 'AffineSpace', 'Midpoint'): Unknown flag `--module`.
Run `jixia -h` for further information.

ERROR:jixia.run:error while processing ('Mathlib', 'LinearAlgebra', 'TensorProduct', 'Finiteness'): Unknown flag `--module`.
Run `jixia -h` for further information.

ERROR:jixia.run:error while processing ('Mathlib', 'LinearAlgebra', 'AffineSpace', 'Slope'): Unknown flag `--module`.
Run `jixia -h` for further information.

ERROR:jixia.run:error while processing ('Mathlib', 'LinearAlgebra', 'TensorProduct', 'Basis'): Unknown flag `--module`.
Run `jixia -h` for further information.

ERROR:jixia.run:error while processing ('Mathlib', 'LinearAlgebra', 'AffineSpace', 'MidpointZero'): Unknown flag `--module`.
Run `jixia -h` for further information.

ERROR:jixia.run:error while processing ('Mathlib', 'LinearAlgebra', 'TensorProduct', 'DirectLimit'): Unknown flag `--module`.
Run `jixia -h` for further information.

ERROR:jixia.run:error while processing ('Mathlib', 'LinearAlgebra', 'TensorProduct', 'Tower'): Unknown flag `--module`.
Run `jixia -h` for further information.

ERROR:jixia.run:error while processing ('Mathlib', 'LinearAlgebra', 'TensorProduct', 'Submodule'): Unknown flag `--module`.
Run `jixia -h` for further information.

ERROR:jixia.run:error while processing ('Mathlib', 'LinearAlgebra', 'TensorProduct', 'Graded', 'External'): Unknown flag `--module`.
Run `jixia -h` for further information.

ERROR:jixia.run:error while processing ('Mathlib', 'LinearAlgebra', 'TensorProduct', 'Matrix'): Unknown flag `--module`.
Run `jixia -h` for further information.

ERROR:jixia.run:error while processing ('Mathlib', 'LinearAlgebra', 'TensorProduct', 'RightExactness'): Unknown flag `--module`.
Run `jixia -h` for further information.

ERROR:jixia.run:error while processing ('Mathlib', 'LinearAlgebra', 'TensorProduct', 'Graded', 'Internal'): Unknown flag `--module`.
Run `jixia -h` for further information.

ERROR:jixia.run:error while processing ('Mathlib', 'LinearAlgebra', 'Projectivization', 'Subspace'): Unknown flag `--module`.
Run `jixia -h` for further information.

ERROR:jixia.run:error while processing ('Mathlib', 'LinearAlgebra', 'Matrix', 'FiniteDimensional'): Unknown flag `--module`.
Run `jixia -h` for further information.

ERROR:jixia.run:error while processing ('Mathlib', 'LinearAlgebra', 'Matrix', 'Polynomial'): Unknown flag `--module`.
Run `jixia -h` for further information.

ERROR:jixia.run:error while processing ('Mathlib', 'LinearAlgebra', 'Matrix', 'Reindex'): Unknown flag `--module`.
Run `jixia -h` for further information.

ERROR:jixia.run:error while processing ('Mathlib', 'LinearAlgebra', 'Matrix', 'Permutation'): Unknown flag `--module`.
Run `jixia -h` for further information.

ERROR:jixia.run:error while processing ('Mathlib', 'LinearAlgebra', 'Matrix', 'Determinant', 'Basic'): Unknown flag `--module`.
Run `jixia -h` for further information.

ERROR:jixia.run:error while processing ('Mathlib', 'LinearAlgebra', 'Matrix', 'LDL'): Unknown flag `--module`.
Run `jixia -h` for further information.

ERROR:jixia.run:error while processing ('Mathlib', 'LinearAlgebra', 'Matrix', 'NonsingularInverse'): Unknown flag `--module`.
Run `jixia -h` for further information.

ERROR:jixia.run:error while processing ('Mathlib', 'LinearAlgebra', 'Matrix', 'MvPolynomial'): Unknown flag `--module`.
Run `jixia -h` for further information.

ERROR:jixia.run:error while processing ('Mathlib', 'LinearAlgebra', 'Matrix', 'Dual'): Unknown flag `--module`.
Run `jixia -h` for further information.

ERROR:jixia.run:error while processing ('Mathlib', 'LinearAlgebra', 'Matrix', 'Block'): Unknown flag `--module`.
Run `jixia -h` for further information.

ERROR:jixia.run:error while processing ('Mathlib', 'LinearAlgebra', 'Matrix', 'Determinant', 'Misc'): Unknown flag `--module`.
Run `jixia -h` for further information.

ERROR:jixia.run:error while processing ('Mathlib', 'LinearAlgebra', 'Matrix', 'Basis'): Unknown flag `--module`.
Run `jixia -h` for further information.

ERROR:jixia.run:error while processing ('Mathlib', 'LinearAlgebra', 'Matrix', 'BilinearForm'): Unknown flag `--module`.
Run `jixia -h` for further information.

ERROR:jixia.run:error while processing ('Mathlib', 'LinearAlgebra', 'Matrix', 'ProjectiveSpecialLinearGroup'): Unknown flag `--module`.
Run `jixia -h` for further information.

ERROR:jixia.run:error while processing ('Mathlib', 'LinearAlgebra', 'Matrix', 'Charpoly', 'FiniteField'): Unknown flag `--module`.
Run `jixia -h` for further information.

ERROR:jixia.run:error while processing ('Mathlib', 'LinearAlgebra', 'Matrix', 'Trace'): Unknown flag `--module`.
Run `jixia -h` for further information.

ERROR:jixia.run:error while processing ('Mathlib', 'LinearAlgebra', 'Matrix', 'Symmetric'): Unknown flag `--module`.
Run `jixia -h` for further information.

ERROR:jixia.run:error while processing ('Mathlib', 'LinearAlgebra', 'Matrix', 'Charpoly', 'Eigs'): Unknown flag `--module`.
Run `jixia -h` for further information.

ERROR:jixia.run:error while processing ('Mathlib', 'LinearAlgebra', 'Matrix', 'Nondegenerate'): Unknown flag `--module`.
Run `jixia -h` for further information.

ERROR:jixia.run:error while processing ('Mathlib', 'LinearAlgebra', 'Matrix', 'SpecialLinearGroup'): Unknown flag `--module`.
Run `jixia -h` for further information.

ERROR:jixia.run:error while processing ('Mathlib', 'LinearAlgebra', 'Projectivization', 'Independence'): Unknown flag `--module`.
Run `jixia -h` for further information.

ERROR:jixia.run:error while processing ('Mathlib', 'LinearAlgebra', 'Matrix', 'Charpoly', 'Coeff'): Unknown flag `--module`.
Run `jixia -h` for further information.

ERROR:jixia.run:error while processing ('Mathlib', 'LinearAlgebra', 'CliffordAlgebra', 'EvenEquiv'): Unknown flag `--module`.
Run `jixia -h` for further information.

ERROR:jixia.run:error while processing ('Mathlib', 'LinearAlgebra', 'Matrix', 'Orthogonal'): Unknown flag `--module`.
Run `jixia -h` for further information.

ERROR:jixia.run:error while processing ('Mathlib', 'LinearAlgebra', 'Matrix', 'Transvection'): Unknown flag `--module`.
Run `jixia -h` for further information.

ERROR:jixia.run:error while processing ('Mathlib', 'LinearAlgebra', 'Matrix', 'ToLin'): Unknown flag `--module`.
Run `jixia -h` for further information.

ERROR:jixia.run:error while processing ('Mathlib', 'LinearAlgebra', 'Matrix', 'Charpoly', 'Minpoly'): Unknown flag `--module`.
Run `jixia -h` for further information.

ERROR:jixia.run:error while processing ('Mathlib', 'LinearAlgebra', 'Matrix', 'Spectrum'): Unknown flag `--module`.
Run `jixia -h` for further information.

ERROR:jixia.run:error while processing ('Mathlib', 'LinearAlgebra', 'Matrix', 'DotProduct'): Unknown flag `--module`.
Run `jixia -h` for further information.

ERROR:jixia.run:error while processing ('Mathlib', 'LinearAlgebra', 'TensorAlgebra', 'ToTensorPower'): Unknown flag `--module`.
Run `jixia -h` for further information.

ERROR:jixia.run:error while processing ('Mathlib', 'LinearAlgebra', 'Matrix', 'Charpoly', 'Basic'): Unknown flag `--module`.
Run `jixia -h` for further information.

ERROR:jixia.run:error while processing ('Mathlib', 'LinearAlgebra', 'DirectSum', 'TensorProduct'): Unknown flag `--module`.
Run `jixia -h` for further information.

ERROR:jixia.run:error while processing ('Mathlib', 'LinearAlgebra', 'CliffordAlgebra', 'Grading'): Unknown flag `--module`.
Run `jixia -h` for further information.

ERROR:jixia.run:error while processing ('Mathlib', 'LinearAlgebra', 'CliffordAlgebra', 'Prod'): Unknown flag `--module`.
Run `jixia -h` for further information.

ERROR:jixia.run:error while processing ('Mathlib', 'LinearAlgebra', 'CliffordAlgebra', 'Contraction'): Unknown flag `--module`.
Run `jixia -h` for further information.

ERROR:jixia.run:error while processing ('Mathlib', 'LinearAlgebra', 'CliffordAlgebra', 'Basic'): Unknown flag `--module`.
Run `jixia -h` for further information.

ERROR:jixia.run:error while processing ('Mathlib', 'LinearAlgebra', 'Matrix', 'AbsoluteValue'): Unknown flag `--module`.
Run `jixia -h` for further information.

ERROR:jixia.run:error while processing ('Mathlib', 'LinearAlgebra', 'CliffordAlgebra', 'Fold'): Unknown flag `--module`.
Run `jixia -h` for further information.

ERROR:jixia.run:error while processing ('Mathlib', 'LinearAlgebra', 'Matrix', 'ZPow'): Unknown flag `--module`.
Run `jixia -h` for further information.

ERROR:jixia.run:error while processing ('Mathlib', 'LinearAlgebra', 'Projectivization', 'Basic'): Unknown flag `--module`.
Run `jixia -h` for further information.

ERROR:jixia.run:error while processing ('Mathlib', 'LinearAlgebra', 'Matrix', 'Circulant'): Unknown flag `--module`.
Run `jixia -h` for further information.

ERROR:jixia.run:error while processing ('Mathlib', 'LinearAlgebra', 'Matrix', 'Charpoly', 'Univ'): Unknown flag `--module`.
Run `jixia -h` for further information.

ERROR:jixia.run:error while processing ('Mathlib', 'LinearAlgebra', 'Matrix', 'Gershgorin'): Unknown flag `--module`.
Run `jixia -h` for further information.

ERROR:jixia.run:error while processing ('Mathlib', 'LinearAlgebra', 'Matrix', 'Diagonal'): Unknown flag `--module`.
Run `jixia -h` for further information.

ERROR:jixia.run:error while processing ('Mathlib', 'LinearAlgebra', 'Matrix', 'GeneralLinearGroup'): Unknown flag `--module`.
Run `jixia -h` for further information.

ERROR:jixia.run:error while processing ('Mathlib', 'LinearAlgebra', 'TensorAlgebra', 'Grading'): Unknown flag `--module`.
Run `jixia -h` for further information.

ERROR:jixia.run:error while processing ('Mathlib', 'LinearAlgebra', 'Matrix', 'Hermitian'): Unknown flag `--module`.
Run `jixia -h` for further information.

ERROR:jixia.run:error while processing ('Mathlib', 'LinearAlgebra', 'Matrix', 'Charpoly', 'LinearMap'): Unknown flag `--module`.
Run `jixia -h` for further information.

ERROR:jixia.run:error while processing ('Mathlib', 'LinearAlgebra', 'CliffordAlgebra', 'Even'): Unknown flag `--module`.
Run `jixia -h` for further information.

ERROR:jixia.run:error while processing ('Mathlib', 'LinearAlgebra', 'Matrix', 'InvariantBasisNumber'): Unknown flag `--module`.
Run `jixia -h` for further information.

ERROR:jixia.run:error while processing ('Mathlib', 'LinearAlgebra', 'Matrix', 'SchurComplement'): Unknown flag `--module`.
Run `jixia -h` for further information.

ERROR:jixia.run:error while processing ('Mathlib', 'LinearAlgebra', 'BilinearForm', 'Hom'): Unknown flag `--module`.
Run `jixia -h` for further information.

ERROR:jixia.run:error while processing ('Mathlib', 'LinearAlgebra', 'Matrix', 'Adjugate'): Unknown flag `--module`.
Run `jixia -h` for further information.

ERROR:jixia.run:error while processing ('Mathlib', 'LinearAlgebra', 'Matrix', 'SesquilinearForm'): Unknown flag `--module`.
Run `jixia -h` for further information.

ERROR:jixia.run:error while processing ('Mathlib', 'LinearAlgebra', 'BilinearForm', 'Properties'): Unknown flag `--module`.
Run `jixia -h` for further information.

ERROR:jixia.run:error while processing ('Mathlib', 'LinearAlgebra', 'BilinearForm', 'TensorProduct'): Unknown flag `--module`.
Run `jixia -h` for further information.

ERROR:jixia.run:error while processing ('Mathlib', 'LinearAlgebra', 'CliffordAlgebra', 'Star'): Unknown flag `--module`.
Run `jixia -h` for further information.

ERROR:jixia.run:error while processing ('Mathlib', 'LinearAlgebra', 'Matrix', 'IsDiag'): Unknown flag `--module`.
Run `jixia -h` for further information.

ERROR:jixia.run:error while processing ('Mathlib', 'LinearAlgebra', 'Matrix', 'PosDef'): Unknown flag `--module`.
Run `jixia -h` for further information.

ERROR:jixia.run:error while processing ('Mathlib', 'LinearAlgebra', 'TensorAlgebra', 'Basis'): Unknown flag `--module`.
Run `jixia -h` for further information.

ERROR:jixia.run:error while processing ('Mathlib', 'LinearAlgebra', 'QuadraticForm', 'IsometryEquiv'): Unknown flag `--module`.
Run `jixia -h` for further information.

ERROR:jixia.run:error while processing ('Mathlib', 'LinearAlgebra', 'BilinearForm', 'Orthogonal'): Unknown flag `--module`.
Run `jixia -h` for further information.

ERROR:jixia.run:error while processing ('Mathlib', 'LinearAlgebra', 'Multilinear', 'FiniteDimensional'): Unknown flag `--module`.
Run `jixia -h` for further information.

ERROR:jixia.run:error while processing ('Mathlib', 'LinearAlgebra', 'Matrix', 'ToLinearEquiv'): Unknown flag `--module`.
Run `jixia -h` for further information.

ERROR:jixia.run:error while processing ('Mathlib', 'LinearAlgebra', 'CliffordAlgebra', 'BaseChange'): Unknown flag `--module`.
Run `jixia -h` for further information.

ERROR:jixia.run:error while processing ('Mathlib', 'LinearAlgebra', 'Multilinear', 'Basic'): Unknown flag `--module`.
Run `jixia -h` for further information.

ERROR:jixia.run:error while processing ('Mathlib', 'LinearAlgebra', 'Eigenspace', 'Triangularizable'): Unknown flag `--module`.
Run `jixia -h` for further information.

ERROR:jixia.run:error while processing ('Mathlib', 'LinearAlgebra', 'CliffordAlgebra', 'Equivs'): Unknown flag `--module`.
Run `jixia -h` for further information.

ERROR:jixia.run:error while processing ('Mathlib', 'LinearAlgebra', 'Eigenspace', 'Semisimple'): Unknown flag `--module`.
Run `jixia -h` for further information.

ERROR:jixia.run:error while processing ('Mathlib', 'LinearAlgebra', 'Multilinear', 'TensorProduct'): Unknown flag `--module`.
Run `jixia -h` for further information.

ERROR:jixia.run:error while processing ('Mathlib', 'LinearAlgebra', 'DirectSum', 'Finsupp'): Unknown flag `--module`.
Run `jixia -h` for further information.

ERROR:jixia.run:error while processing ('Mathlib', 'LinearAlgebra', 'CliffordAlgebra', 'Inversion'): Unknown flag `--module`.
Run `jixia -h` for further information.

ERROR:jixia.run:error while processing ('Mathlib', 'LinearAlgebra', 'CliffordAlgebra', 'CategoryTheory'): Unknown flag `--module`.
Run `jixia -h` for further information.

ERROR:jixia.run:error while processing ('Mathlib', 'LinearAlgebra', 'Multilinear', 'Basis'): Unknown flag `--module`.
Run `jixia -h` for further information.

ERROR:jixia.run:error while processing ('Mathlib', 'LinearAlgebra', 'CliffordAlgebra', 'Conjugation'): Unknown flag `--module`.
Run `jixia -h` for further information.

ERROR:jixia.run:error while processing ('Mathlib', 'LinearAlgebra', 'BilinearForm', 'Basic'): Unknown flag `--module`.
Run `jixia -h` for further information.

ERROR:jixia.run:error while processing ('Mathlib', 'LinearAlgebra', 'QuadraticForm', 'QuadraticModuleCat'): Unknown flag `--module`.
Run `jixia -h` for further information.

ERROR:jixia.run:error while processing ('Mathlib', 'LinearAlgebra', 'BilinearForm', 'DualLattice'): Unknown flag `--module`.
Run `jixia -h` for further information.

ERROR:jixia.run:error while processing ('Mathlib', 'LinearAlgebra', 'QuadraticForm', 'Complex'): Unknown flag `--module`.
Run `jixia -h` for further information.

ERROR:jixia.run:error while processing ('Mathlib', 'LinearAlgebra', 'Basis', 'Bilinear'): Unknown flag `--module`.
Run `jixia -h` for further information.

ERROR:jixia.run:error while processing ('Mathlib', 'LinearAlgebra', 'QuadraticForm', 'Isometry'): Unknown flag `--module`.
Run `jixia -h` for further information.

ERROR:jixia.run:error while processing ('Mathlib', 'LinearAlgebra', 'TensorAlgebra', 'Basic'): Unknown flag `--module`.
Run `jixia -h` for further information.

ERROR:jixia.run:error while processing ('Mathlib', 'LinearAlgebra', 'QuadraticForm', 'Prod'): Unknown flag `--module`.
Run `jixia -h` for further information.

ERROR:jixia.run:error while processing ('Mathlib', 'LinearAlgebra', 'QuadraticForm', 'TensorProduct'): Unknown flag `--module`.
Run `jixia -h` for further information.

ERROR:jixia.run:error while processing ('Mathlib', 'LinearAlgebra', 'QuadraticForm', 'TensorProduct', 'Isometries'): Unknown flag `--module`.
Run `jixia -h` for further information.

ERROR:jixia.run:error while processing ('Mathlib', 'LinearAlgebra', 'RootSystem', 'Basic'): Unknown flag `--module`.
Run `jixia -h` for further information.

ERROR:jixia.run:error while processing ('Mathlib', 'LinearAlgebra', 'QuadraticForm', 'Real'): Unknown flag `--module`.
Run `jixia -h` for further information.

ERROR:jixia.run:error while processing ('Mathlib', 'LinearAlgebra', 'QuadraticForm', 'Dual'): Unknown flag `--module`.
Run `jixia -h` for further information.

ERROR:jixia.run:error while processing ('Mathlib', 'LinearAlgebra', 'QuadraticForm', 'Basic'): Unknown flag `--module`.
Run `jixia -h` for further information.

ERROR:jixia.run:error while processing ('Mathlib', 'LinearAlgebra', 'Eigenspace', 'Basic'): Unknown flag `--module`.
Run `jixia -h` for further information.

ERROR:jixia.run:error while processing ('Mathlib', 'LinearAlgebra', 'Basis', 'Flag'): Unknown flag `--module`.
Run `jixia -h` for further information.

ERROR:jixia.run:error while processing ('Mathlib', 'LinearAlgebra', 'Eigenspace', 'Zero'): Unknown flag `--module`.
Run `jixia -h` for further information.

ERROR:jixia.run:error while processing ('Mathlib', 'LinearAlgebra', 'QuadraticForm', 'QuadraticModuleCat', 'Monoidal'): Unknown flag `--module`.
Run `jixia -h` for further information.

ERROR:jixia.run:error while processing ('Mathlib', 'LinearAlgebra', 'FreeModule', 'Basic'): Unknown flag `--module`.
Run `jixia -h` for further information.

ERROR:jixia.run:error while processing ('Mathlib', 'LinearAlgebra', 'QuadraticForm', 'QuadraticModuleCat', 'Symmetric'): Unknown flag `--module`.
Run `jixia -h` for further information.

ERROR:jixia.run:error while processing ('Mathlib', 'LinearAlgebra', 'RootSystem', 'Defs'): Unknown flag `--module`.
Run `jixia -h` for further information.

ERROR:jixia.run:error while processing ('Mathlib', 'LinearAlgebra', 'Basis', 'VectorSpace'): Unknown flag `--module`.
Run `jixia -h` for further information.

ERROR:jixia.run:error while processing ('Mathlib', 'LinearAlgebra', 'FreeModule', 'Norm'): Unknown flag `--module`.
Run `jixia -h` for further information.

ERROR:jixia.run:error while processing ('Mathlib', 'LinearAlgebra', 'Eigenspace', 'Matrix'): Unknown flag `--module`.
Run `jixia -h` for further information.

ERROR:jixia.run:error while processing ('Mathlib', 'LinearAlgebra', 'FreeModule', 'IdealQuotient'): Unknown flag `--module`.
Run `jixia -h` for further information.

ERROR:jixia.run:error while processing ('Mathlib', 'LinearAlgebra', 'FreeModule', 'StrongRankCondition'): Unknown flag `--module`.
Run `jixia -h` for further information.

ERROR:jixia.run:error while processing ('Mathlib', 'LinearAlgebra', 'Eigenspace', 'Minpoly'): Unknown flag `--module`.
Run `jixia -h` for further information.

ERROR:jixia.run:error while processing ('Mathlib', 'LinearAlgebra', 'FreeModule', 'Finite', 'Matrix'): Unknown flag `--module`.
Run `jixia -h` for further information.

ERROR:jixia.run:error while processing ('Mathlib', 'LinearAlgebra', 'Charpoly', 'ToMatrix'): Unknown flag `--module`.
Run `jixia -h` for further information.

ERROR:jixia.run:error while processing ('Mathlib', 'LinearAlgebra', 'FreeModule', 'Finite', 'Basic'): Unknown flag `--module`.
Run `jixia -h` for further information.

ERROR:jixia.run:error while processing ('Mathlib', 'LinearAlgebra', 'FreeModule', 'Determinant'): Unknown flag `--module`.
Run `jixia -h` for further information.

ERROR:jixia.run:error while processing ('Mathlib', 'LinearAlgebra', 'Charpoly', 'Basic'): Unknown flag `--module`.
Run `jixia -h` for further information.

ERROR:jixia.run:error while processing ('Mathlib', 'LinearAlgebra', 'FreeModule', 'PID'): Unknown flag `--module`.
Run `jixia -h` for further information.

ERROR:jixia.run:error while processing ('Mathlib', 'LinearAlgebra', 'Alternating', 'Basic'): Unknown flag `--module`.
Run `jixia -h` for further information.

ERROR:jixia.run:error while processing ('Mathlib', 'LinearAlgebra', 'Dimension', 'Basic'): Unknown flag `--module`.
Run `jixia -h` for further information.

ERROR:jixia.run:error while processing ('Mathlib', 'LinearAlgebra', 'Alternating', 'DomCoprod'): Unknown flag `--module`.
Run `jixia -h` for further information.

ERROR:jixia.run:error while processing ('Mathlib', 'LinearAlgebra', 'Dimension', 'Finite'): Unknown flag `--module`.
Run `jixia -h` for further information.

ERROR:jixia.run:error while processing ('Mathlib', 'LinearAlgebra', 'Dimension', 'Free'): Unknown flag `--module`.
Run `jixia -h` for further information.

ERROR:jixia.run:error while processing ('Mathlib', 'MeasureTheory', 'Constructions', 'BorelSpace', 'Order'): Unknown flag `--module`.
Run `jixia -h` for further information.

ERROR:jixia.run:error while processing ('Mathlib', 'MeasureTheory', 'Constructions', 'UnitInterval'): Unknown flag `--module`.
Run `jixia -h` for further information.

ERROR:jixia.run:error while processing ('Mathlib', 'MeasureTheory', 'Constructions', 'HaarToSphere'): Unknown flag `--module`.
Run `jixia -h` for further information.

ERROR:jixia.run:error while processing ('Mathlib', 'MeasureTheory', 'Constructions', 'BorelSpace', 'Metrizable'): Unknown flag `--module`.
Run `jixia -h` for further information.

ERROR:jixia.run:error while processing ('Mathlib', 'MeasureTheory', 'Constructions', 'BorelSpace', 'Complex'): Unknown flag `--module`.
Run `jixia -h` for further information.

ERROR:jixia.run:error while processing ('Mathlib', 'MeasureTheory', 'Constructions', 'Polish'): Unknown flag `--module`.
Run `jixia -h` for further information.

ERROR:jixia.run:error while processing ('Mathlib', 'MeasureTheory', 'Function', 'Jacobian'): Unknown flag `--module`.
Run `jixia -h` for further information.

ERROR:jixia.run:error while processing ('Mathlib', 'MeasureTheory', 'Constructions', 'BorelSpace', 'ContinuousLinearMap'): Unknown flag `--module`.
Run `jixia -h` for further information.

ERROR:jixia.run:error while processing ('Mathlib', 'LinearAlgebra', 'Dimension', 'LinearMap'): Unknown flag `--module`.
Run `jixia -h` for further information.

ERROR:jixia.run:error while processing ('Mathlib', 'LinearAlgebra', 'Dimension', 'FreeAndStrongRankCondition'): Unknown flag `--module`.
Run `jixia -h` for further information.

ERROR:jixia.run:error while processing ('Mathlib', 'MeasureTheory', 'SetSemiring'): Unknown flag `--module`.
Run `jixia -h` for further information.

ERROR:jixia.run:error while processing ('Mathlib', 'MeasureTheory', 'Category', 'MeasCat'): Unknown flag `--module`.
Run `jixia -h` for further information.

ERROR:jixia.run:error while processing ('Mathlib', 'MeasureTheory', 'Constructions', 'EventuallyMeasurable'): Unknown flag `--module`.
Run `jixia -h` for further information.

ERROR:jixia.run:error while processing ('Mathlib', 'MeasureTheory', 'Constructions', 'BorelSpace', 'Basic'): Unknown flag `--module`.
Run `jixia -h` for further information.

ERROR:jixia.run:error while processing ('Mathlib', 'MeasureTheory', 'SetAlgebra'): Unknown flag `--module`.
Run `jixia -h` for further information.

ERROR:jixia.run:error while processing ('Mathlib', 'MeasureTheory', 'Constructions', 'Cylinders'): Unknown flag `--module`.
Run `jixia -h` for further information.

ERROR:jixia.run:error while processing ('Mathlib', 'MeasureTheory', 'Function', 'ConvergenceInMeasure'): Unknown flag `--module`.
Run `jixia -h` for further information.

ERROR:jixia.run:error while processing ('Mathlib', 'MeasureTheory', 'Function', 'LpSeminorm', 'ChebyshevMarkov'): Unknown flag `--module`.
Run `jixia -h` for further information.

ERROR:jixia.run:error while processing ('Mathlib', 'MeasureTheory', 'Constructions', 'Prod', 'Basic'): Unknown flag `--module`.
Run `jixia -h` for further information.

ERROR:jixia.run:error while processing ('Mathlib', 'MeasureTheory', 'Function', 'LpOrder'): Unknown flag `--module`.
Run `jixia -h` for further information.

ERROR:jixia.run:error while processing ('Mathlib', 'MeasureTheory', 'Constructions', 'Pi'): Unknown flag `--module`.
Run `jixia -h` for further information.

ERROR:jixia.run:error while processing ('Mathlib', 'LinearAlgebra', 'Dimension', 'DivisionRing'): Unknown flag `--module`.
Run `jixia -h` for further information.

ERROR:jixia.run:error while processing ('Mathlib', 'MeasureTheory', 'Function', 'ConditionalExpectation', 'AEMeasurable'): Unknown flag `--module`.
Run `jixia -h` for further information.

ERROR:jixia.run:error while processing ('Mathlib', 'MeasureTheory', 'Function', 'SimpleFuncDenseLp'): Unknown flag `--module`.
Run `jixia -h` for further information.

ERROR:jixia.run:error while processing ('Mathlib', 'MeasureTheory', 'Function', 'LpSpace', 'DomAct', 'Basic'): Unknown flag `--module`.
Run `jixia -h` for further information.

ERROR:jixia.run:error while processing ('Mathlib', 'MeasureTheory', 'Function', 'ConditionalExpectation', 'Indicator'): Unknown flag `--module`.
Run `jixia -h` for further information.

ERROR:jixia.run:error while processing ('Mathlib', 'MeasureTheory', 'Function', 'EssSup'): Unknown flag `--module`.
Run `jixia -h` for further information.

ERROR:jixia.run:error while processing ('Mathlib', 'MeasureTheory', 'Function', 'StronglyMeasurable', 'Lp'): Unknown flag `--module`.
Run `jixia -h` for further information.

ERROR:jixia.run:error while processing ('Mathlib', 'MeasureTheory', 'Function', 'LocallyIntegrable'): Unknown flag `--module`.
Run `jixia -h` for further information.

ERROR:jixia.run:error while processing ('Mathlib', 'MeasureTheory', 'Function', 'SpecialFunctions', 'Basic'): Unknown flag `--module`.
Run `jixia -h` for further information.

ERROR:jixia.run:error while processing ('Mathlib', 'MeasureTheory', 'Function', 'L2Space'): Unknown flag `--module`.
Run `jixia -h` for further information.

ERROR:jixia.run:error while processing ('Mathlib', 'MeasureTheory', 'Function', 'ConditionalExpectation', 'CondexpL1'): Unknown flag `--module`.
Run `jixia -h` for further information.

ERROR:jixia.run:error while processing ('Mathlib', 'MeasureTheory', 'Function', 'SpecialFunctions', 'Inner'): Unknown flag `--module`.
Run `jixia -h` for further information.

ERROR:jixia.run:error while processing ('Mathlib', 'MeasureTheory', 'Function', 'Floor'): Unknown flag `--module`.
Run `jixia -h` for further information.

ERROR:jixia.run:error while processing ('Mathlib', 'MeasureTheory', 'Tactic'): Unknown flag `--module`.
Run `jixia -h` for further information.

ERROR:jixia.run:error while processing ('Mathlib', 'MeasureTheory', 'Function', 'ContinuousMapDense'): Unknown flag `--module`.
Run `jixia -h` for further information.

ERROR:jixia.run:error while processing ('Mathlib', 'MeasureTheory', 'Function', 'ConditionalExpectation', 'Real'): Unknown flag `--module`.
Run `jixia -h` for further information.

ERROR:jixia.run:error while processing ('Mathlib', 'MeasureTheory', 'Function', 'SpecialFunctions', 'Arctan'): Unknown flag `--module`.
Run `jixia -h` for further information.

ERROR:jixia.run:error while processing ('Mathlib', 'MeasureTheory', 'Function', 'LpSpace'): Unknown flag `--module`.
Run `jixia -h` for further information.

ERROR:jixia.run:error while processing ('Mathlib', 'LinearAlgebra', 'Dimension', 'StrongRankCondition'): Unknown flag `--module`.
Run `jixia -h` for further information.

ERROR:jixia.run:error while processing ('Mathlib', 'LinearAlgebra', 'Dimension', 'RankNullity'): Unknown flag `--module`.
Run `jixia -h` for further information.

ERROR:jixia.run:error while processing ('Mathlib', 'MeasureTheory', 'PiSystem'): Unknown flag `--module`.
Run `jixia -h` for further information.

ERROR:jixia.run:error while processing ('Mathlib', 'LinearAlgebra', 'Dimension', 'Finrank'): Unknown flag `--module`.
Run `jixia -h` for further information.

ERROR:jixia.run:error while processing ('Mathlib', 'LinearAlgebra', 'Dimension', 'Constructions'): Unknown flag `--module`.
Run `jixia -h` for further information.

ERROR:jixia.run:error while processing ('Mathlib', 'LinearAlgebra', 'Dimension', 'Localization'): Unknown flag `--module`.
Run `jixia -h` for further information.

ERROR:jixia.run:error while processing ('Mathlib', 'MeasureTheory', 'Covering', 'VitaliFamily'): Unknown flag `--module`.
Run `jixia -h` for further information.

ERROR:jixia.run:error while processing ('Mathlib', 'MeasureTheory', 'Constructions', 'Projective'): Unknown flag `--module`.
Run `jixia -h` for further information.

ERROR:jixia.run:error while processing ('Mathlib', 'MeasureTheory', 'Covering', 'OneDim'): Unknown flag `--module`.
Run `jixia -h` for further information.

ERROR:jixia.run:error while processing ('Mathlib', 'MeasureTheory', 'Function', 'LpSeminorm', 'Trim'): Unknown flag `--module`.
Run `jixia -h` for further information.

ERROR:jixia.run:error while processing ('Mathlib', 'MeasureTheory', 'Function', 'ConditionalExpectation', 'CondexpL2'): Unknown flag `--module`.
Run `jixia -h` for further information.

ERROR:jixia.run:error while processing ('Mathlib', 'MeasureTheory', 'Function', 'Egorov'): Unknown flag `--module`.
Run `jixia -h` for further information.

ERROR:jixia.run:error while processing ('Mathlib', 'MeasureTheory', 'Constructions', 'BorelSpace', 'Metric'): Unknown flag `--module`.
Run `jixia -h` for further information.

ERROR:jixia.run:error while processing ('Mathlib', 'MeasureTheory', 'Function', 'AEMeasurableOrder'): Unknown flag `--module`.
Run `jixia -h` for further information.

ERROR:jixia.run:error while processing ('Mathlib', 'MeasureTheory', 'Function', 'AEEqFun'): Unknown flag `--module`.
Run `jixia -h` for further information.

ERROR:jixia.run:error while processing ('Mathlib', 'MeasureTheory', 'Constructions', 'Prod', 'Integral'): Unknown flag `--module`.
Run `jixia -h` for further information.

ERROR:jixia.run:error while processing ('Mathlib', 'MeasureTheory', 'Function', 'UniformIntegrable'): Unknown flag `--module`.
Run `jixia -h` for further information.

ERROR:jixia.run:error while processing ('Mathlib', 'MeasureTheory', 'Function', 'LpSeminorm', 'TriangleInequality'): Unknown flag `--module`.
Run `jixia -h` for further information.

ERROR:jixia.run:error while processing ('Mathlib', 'MeasureTheory', 'Covering', 'Vitali'): Unknown flag `--module`.
Run `jixia -h` for further information.

ERROR:jixia.run:error while processing ('Mathlib', 'MeasureTheory', 'Constructions', 'BorelSpace', 'Real'): Unknown flag `--module`.
Run `jixia -h` for further information.

ERROR:jixia.run:error while processing ('Mathlib', 'MeasureTheory', 'Function', 'AEEqOfIntegral'): Unknown flag `--module`.
Run `jixia -h` for further information.

ERROR:jixia.run:error while processing ('Mathlib', 'MeasureTheory', 'Covering', 'BesicovitchVectorSpace'): Unknown flag `--module`.
Run `jixia -h` for further information.

ERROR:jixia.run:error while processing ('Mathlib', 'MeasureTheory', 'Function', 'SimpleFunc'): Unknown flag `--module`.
Run `jixia -h` for further information.

ERROR:jixia.run:error while processing ('Mathlib', 'MeasureTheory', 'Function', 'AEMeasurableSequence'): Unknown flag `--module`.
Run `jixia -h` for further information.

ERROR:jixia.run:error while processing ('Mathlib', 'MeasureTheory', 'Function', 'SimpleFuncDense'): Unknown flag `--module`.
Run `jixia -h` for further information.

ERROR:jixia.run:error while processing ('Mathlib', 'MeasureTheory', 'Function', 'ConditionalExpectation', 'Unique'): Unknown flag `--module`.
Run `jixia -h` for further information.

ERROR:jixia.run:error while processing ('Mathlib', 'MeasureTheory', 'Function', 'StronglyMeasurable', 'Inner'): Unknown flag `--module`.
Run `jixia -h` for further information.

ERROR:jixia.run:error while processing ('Mathlib', 'MeasureTheory', 'Function', 'SpecialFunctions', 'RCLike'): Unknown flag `--module`.
Run `jixia -h` for further information.

ERROR:jixia.run:error while processing ('Mathlib', 'MeasureTheory', 'Function', 'ConditionalExpectation', 'Basic'): Unknown flag `--module`.
Run `jixia -h` for further information.

ERROR:jixia.run:error while processing ('Mathlib', 'MeasureTheory', 'Function', 'LpSeminorm', 'CompareExp'): Unknown flag `--module`.
Run `jixia -h` for further information.

ERROR:jixia.run:error while processing ('Mathlib', 'MeasureTheory', 'Function', 'LpSeminorm', 'Basic'): Unknown flag `--module`.
Run `jixia -h` for further information.

ERROR:jixia.run:error while processing ('Mathlib', 'MeasureTheory', 'Function', 'StronglyMeasurable', 'Basic'): Unknown flag `--module`.
Run `jixia -h` for further information.

ERROR:jixia.run:error while processing ('Mathlib', 'MeasureTheory', 'OuterMeasure', 'Operations'): Unknown flag `--module`.
Run `jixia -h` for further information.

ERROR:jixia.run:error while processing ('Mathlib', 'MeasureTheory', 'MeasurableSpace', 'Basic'): Unknown flag `--module`.
Run `jixia -h` for further information.

ERROR:jixia.run:error while processing ('Mathlib', 'MeasureTheory', 'Function', 'L1Space'): Unknown flag `--module`.
Run `jixia -h` for further information.

ERROR:jixia.run:error while processing ('Mathlib', 'MeasureTheory', 'MeasurableSpace', 'CountablyGenerated'): Unknown flag `--module`.
Run `jixia -h` for further information.

ERROR:jixia.run:error while processing ('Mathlib', 'MeasureTheory', 'Function', 'StronglyMeasurable', 'Lemmas'): Unknown flag `--module`.
Run `jixia -h` for further information.

ERROR:jixia.run:error while processing ('Mathlib', 'MeasureTheory', 'Covering', 'DensityTheorem'): Unknown flag `--module`.
Run `jixia -h` for further information.

ERROR:jixia.run:error while processing ('Mathlib', 'MeasureTheory', 'MeasurableSpace', 'Defs'): Unknown flag `--module`.
Run `jixia -h` for further information.

ERROR:jixia.run:error while processing ('Mathlib', 'MeasureTheory', 'Covering', 'Differentiation'): Unknown flag `--module`.
Run `jixia -h` for further information.

ERROR:jixia.run:error while processing ('Mathlib', 'MeasureTheory', 'MeasurableSpace', 'Embedding'): Unknown flag `--module`.
Run `jixia -h` for further information.

ERROR:jixia.run:error while processing ('Mathlib', 'MeasureTheory', 'Covering', 'LiminfLimsup'): Unknown flag `--module`.
Run `jixia -h` for further information.

ERROR:jixia.run:error while processing ('Mathlib', 'MeasureTheory', 'Function', 'AEEqFun', 'DomAct'): Unknown flag `--module`.
Run `jixia -h` for further information.

ERROR:jixia.run:error while processing ('Mathlib', 'MeasureTheory', 'Covering', 'Besicovitch'): Unknown flag `--module`.
Run `jixia -h` for further information.

ERROR:jixia.run:error while processing ('Mathlib', 'MeasureTheory', 'MeasurableSpace', 'Invariants'): Unknown flag `--module`.
Run `jixia -h` for further information.

ERROR:jixia.run:error while processing ('Mathlib', 'MeasureTheory', 'OuterMeasure', 'Basic'): Unknown flag `--module`.
Run `jixia -h` for further information.

ERROR:jixia.run:error while processing ('Mathlib', 'MeasureTheory', 'OuterMeasure', 'Caratheodory'): Unknown flag `--module`.
Run `jixia -h` for further information.

ERROR:jixia.run:error while processing ('Mathlib', 'MeasureTheory', 'OuterMeasure', 'Defs'): Unknown flag `--module`.
Run `jixia -h` for further information.

ERROR:jixia.run:error while processing ('Mathlib', 'MeasureTheory', 'MeasurableSpace', 'Instances'): Unknown flag `--module`.
Run `jixia -h` for further information.

ERROR:jixia.run:error while processing ('Mathlib', 'MeasureTheory', 'OuterMeasure', 'Induced'): Unknown flag `--module`.
Run `jixia -h` for further information.

ERROR:jixia.run:error while processing ('Mathlib', 'MeasureTheory', 'Group', 'FundamentalDomain'): Unknown flag `--module`.
Run `jixia -h` for further information.

ERROR:jixia.run:error while processing ('Mathlib', 'MeasureTheory', 'OuterMeasure', 'OfFunction'): Unknown flag `--module`.
Run `jixia -h` for further information.

ERROR:jixia.run:error while processing ('Mathlib', 'MeasureTheory', 'Group', 'Prod'): Unknown flag `--module`.
Run `jixia -h` for further information.

ERROR:jixia.run:error while processing ('Mathlib', 'MeasureTheory', 'Group', 'GeometryOfNumbers'): Unknown flag `--module`.
Run `jixia -h` for further information.

ERROR:jixia.run:error while processing ('Mathlib', 'MeasureTheory', 'MeasurableSpace', 'Card'): Unknown flag `--module`.
Run `jixia -h` for further information.

ERROR:jixia.run:error while processing ('Mathlib', 'MeasureTheory', 'Group', 'AddCircle'): Unknown flag `--module`.
Run `jixia -h` for further information.

ERROR:jixia.run:error while processing ('Mathlib', 'MeasureTheory', 'Group', 'Arithmetic'): Unknown flag `--module`.
Run `jixia -h` for further information.

ERROR:jixia.run:error while processing ('Mathlib', 'MeasureTheory', 'Group', 'Action'): Unknown flag `--module`.
Run `jixia -h` for further information.

ERROR:jixia.run:error while processing ('Mathlib', 'MeasureTheory', 'OuterMeasure', 'AE'): Unknown flag `--module`.
Run `jixia -h` for further information.

ERROR:jixia.run:error while processing ('Mathlib', 'MeasureTheory', 'Group', 'Convolution'): Unknown flag `--module`.
Run `jixia -h` for further information.

ERROR:jixia.run:error while processing ('Mathlib', 'MeasureTheory', 'Group', 'Integral'): Unknown flag `--module`.
Run `jixia -h` for further information.

ERROR:jixia.run:error while processing ('Mathlib', 'MeasureTheory', 'Group', 'MeasurableEquiv'): Unknown flag `--module`.
Run `jixia -h` for further information.

ERROR:jixia.run:error while processing ('Mathlib', 'MeasureTheory', 'Integral', 'LebesgueNormedSpace'): Unknown flag `--module`.
Run `jixia -h` for further information.

ERROR:jixia.run:error while processing ('Mathlib', 'MeasureTheory', 'Group', 'Measure'): Unknown flag `--module`.
Run `jixia -h` for further information.

ERROR:jixia.run:error while processing ('Mathlib', 'MeasureTheory', 'Group', 'Pointwise'): Unknown flag `--module`.
Run `jixia -h` for further information.

ERROR:jixia.run:error while processing ('Mathlib', 'MeasureTheory', 'Integral', 'FundThmCalculus'): Unknown flag `--module`.
Run `jixia -h` for further information.

ERROR:jixia.run:error while processing ('Mathlib', 'MeasureTheory', 'Integral', 'Marginal'): Unknown flag `--module`.
Run `jixia -h` for further information.

ERROR:jixia.run:error while processing ('Mathlib', 'MeasureTheory', 'Integral', 'Average'): Unknown flag `--module`.
Run `jixia -h` for further information.

ERROR:jixia.run:error while processing ('Mathlib', 'MeasureTheory', 'Measure', 'Complex'): Unknown flag `--module`.
Run `jixia -h` for further information.

ERROR:jixia.run:error while processing ('Mathlib', 'MeasureTheory', 'Measure', 'LogLikelihoodRatio'): Unknown flag `--module`.
Run `jixia -h` for further information.

ERROR:jixia.run:error while processing ('Mathlib', 'MeasureTheory', 'Integral', 'SetToL1'): Unknown flag `--module`.
Run `jixia -h` for further information.

ERROR:jixia.run:error while processing ('Mathlib', 'MeasureTheory', 'Measure', 'WithDensity'): Unknown flag `--module`.
Run `jixia -h` for further information.

ERROR:jixia.run:error while processing ('Mathlib', 'MeasureTheory', 'Integral', 'ExpDecay'): Unknown flag `--module`.
Run `jixia -h` for further information.

ERROR:jixia.run:error while processing ('Mathlib', 'MeasureTheory', 'Measure', 'Portmanteau'): Unknown flag `--module`.
Run `jixia -h` for further information.

ERROR:jixia.run:error while processing ('Mathlib', 'MeasureTheory', 'Measure', 'Regular'): Unknown flag `--module`.
Run `jixia -h` for further information.

ERROR:jixia.run:error while processing ('Mathlib', 'MeasureTheory', 'Integral', 'IntervalAverage'): Unknown flag `--module`.
Run `jixia -h` for further information.

ERROR:jixia.run:error while processing ('Mathlib', 'MeasureTheory', 'Measure', 'Typeclasses'): Unknown flag `--module`.
Run `jixia -h` for further information.

ERROR:jixia.run:error while processing ('Mathlib', 'MeasureTheory', 'Integral', 'SetIntegral'): Unknown flag `--module`.
Run `jixia -h` for further information.

ERROR:jixia.run:error while processing ('Mathlib', 'MeasureTheory', 'Measure', 'WithDensityFinite'): Unknown flag `--module`.
Run `jixia -h` for further information.

ERROR:jixia.run:error while processing ('Mathlib', 'MeasureTheory', 'Measure', 'ProbabilityMeasure'): Unknown flag `--module`.
Run `jixia -h` for further information.

ERROR:jixia.run:error while processing ('Mathlib', 'MeasureTheory', 'Group', 'LIntegral'): Unknown flag `--module`.
Run `jixia -h` for further information.

ERROR:jixia.run:error while processing ('Mathlib', 'MeasureTheory', 'Integral', 'MeanInequalities'): Unknown flag `--module`.
Run `jixia -h` for further information.

ERROR:jixia.run:error while processing ('Mathlib', 'MeasureTheory', 'Measure', 'AEDisjoint'): Unknown flag `--module`.
Run `jixia -h` for further information.

ERROR:jixia.run:error while processing ('Mathlib', 'MeasureTheory', 'Measure', 'NullMeasurable'): Unknown flag `--module`.
Run `jixia -h` for further information.

ERROR:jixia.run:error while processing ('Mathlib', 'MeasureTheory', 'Measure', 'AEMeasurable'): Unknown flag `--module`.
Run `jixia -h` for further information.

ERROR:jixia.run:error while processing ('Mathlib', 'MeasureTheory', 'Measure', 'Doubling'): Unknown flag `--module`.
Run `jixia -h` for further information.

ERROR:jixia.run:error while processing ('Mathlib', 'MeasureTheory', 'Measure', 'AddContent'): Unknown flag `--module`.
Run `jixia -h` for further information.

ERROR:jixia.run:error while processing ('Mathlib', 'MeasureTheory', 'Integral', 'Periodic'): Unknown flag `--module`.
Run `jixia -h` for further information.

ERROR:jixia.run:error while processing ('Mathlib', 'MeasureTheory', 'Measure', 'EverywherePos'): Unknown flag `--module`.
Run `jixia -h` for further information.

ERROR:jixia.run:error while processing ('Mathlib', 'MeasureTheory', 'Measure', 'Dirac'): Unknown flag `--module`.
Run `jixia -h` for further information.

ERROR:jixia.run:error while processing ('Mathlib', 'MeasureTheory', 'Integral', 'Asymptotics'): Unknown flag `--module`.
Run `jixia -h` for further information.

ERROR:jixia.run:error while processing ('Mathlib', 'MeasureTheory', 'Measure', 'Count'): Unknown flag `--module`.
Run `jixia -h` for further information.

ERROR:jixia.run:error while processing ('Mathlib', 'MeasureTheory', 'Measure', 'WithDensityVectorMeasure'): Unknown flag `--module`.
Run `jixia -h` for further information.

ERROR:jixia.run:error while processing ('Mathlib', 'MeasureTheory', 'Integral', 'RieszMarkovKakutani'): Unknown flag `--module`.
Run `jixia -h` for further information.

ERROR:jixia.run:error while processing ('Mathlib', 'MeasureTheory', 'Integral', 'CircleIntegral'): Unknown flag `--module`.
Run `jixia -h` for further information.

ERROR:jixia.run:error while processing ('Mathlib', 'MeasureTheory', 'Integral', 'DominatedConvergence'): Unknown flag `--module`.
Run `jixia -h` for further information.

ERROR:jixia.run:error while processing ('Mathlib', 'MeasureTheory', 'Integral', 'PeakFunction'): Unknown flag `--module`.
Run `jixia -h` for further information.

ERROR:jixia.run:error while processing ('Mathlib', 'MeasureTheory', 'Integral', 'CircleTransform'): Unknown flag `--module`.
Run `jixia -h` for further information.

ERROR:jixia.run:error while processing ('Mathlib', 'MeasureTheory', 'Measure', 'Haar', 'NormedSpace'): Unknown flag `--module`.
Run `jixia -h` for further information.

ERROR:jixia.run:error while processing ('Mathlib', 'MeasureTheory', 'Order', 'Lattice'): Unknown flag `--module`.
Run `jixia -h` for further information.

ERROR:jixia.run:error while processing ('Mathlib', 'MeasureTheory', 'Integral', 'IntervalIntegral'): Unknown flag `--module`.
Run `jixia -h` for further information.

ERROR:jixia.run:error while processing ('Mathlib', 'MeasureTheory', 'Integral', 'DivergenceTheorem'): Unknown flag `--module`.
Run `jixia -h` for further information.

ERROR:jixia.run:error while processing ('Mathlib', 'MeasureTheory', 'Integral', 'Pi'): Unknown flag `--module`.
Run `jixia -h` for further information.

ERROR:jixia.run:error while processing ('Mathlib', 'MeasureTheory', 'Integral', 'IntegralEqImproper'): Unknown flag `--module`.
Run `jixia -h` for further information.

ERROR:jixia.run:error while processing ('Mathlib', 'MeasureTheory', 'Integral', 'BoundedContinuousFunction'): Unknown flag `--module`.
Run `jixia -h` for further information.

ERROR:jixia.run:error while processing ('Mathlib', 'MeasureTheory', 'Integral', 'Bochner'): Unknown flag `--module`.
Run `jixia -h` for further information.

ERROR:jixia.run:error while processing ('Mathlib', 'MeasureTheory', 'Integral', 'TorusIntegral'): Unknown flag `--module`.
Run `jixia -h` for further information.

ERROR:jixia.run:error while processing ('Mathlib', 'MeasureTheory', 'Measure', 'Haar', 'Basic'): Unknown flag `--module`.
Run `jixia -h` for further information.

ERROR:jixia.run:error while processing ('Mathlib', 'MeasureTheory', 'Measure', 'Haar', 'Quotient'): Unknown flag `--module`.
Run `jixia -h` for further information.

ERROR:jixia.run:error while processing ('Mathlib', 'MeasureTheory', 'Measure', 'Haar', 'InnerProductSpace'): Unknown flag `--module`.
Run `jixia -h` for further information.

ERROR:jixia.run:error while processing ('Mathlib', 'MeasureTheory', 'Integral', 'Layercake'): Unknown flag `--module`.
Run `jixia -h` for further information.

ERROR:jixia.run:error while processing ('Mathlib', 'MeasureTheory', 'Measure', 'Lebesgue', 'Complex'): Unknown flag `--module`.
Run `jixia -h` for further information.

ERROR:jixia.run:error while processing ('Mathlib', 'MeasureTheory', 'Integral', 'VitaliCaratheodory'): Unknown flag `--module`.
Run `jixia -h` for further information.

ERROR:jixia.run:error while processing ('Mathlib', 'MeasureTheory', 'Measure', 'GiryMonad'): Unknown flag `--module`.
Run `jixia -h` for further information.

ERROR:jixia.run:error while processing ('Mathlib', 'MeasureTheory', 'Integral', 'Indicator'): Unknown flag `--module`.
Run `jixia -h` for further information.

ERROR:jixia.run:error while processing ('Mathlib', 'MeasureTheory', 'Measure', 'Lebesgue', 'EqHaar'): Unknown flag `--module`.
Run `jixia -h` for further information.

ERROR:jixia.run:error while processing ('Mathlib', 'MeasureTheory', 'Integral', 'Gamma'): Unknown flag `--module`.
Run `jixia -h` for further information.

ERROR:jixia.run:error while processing ('Mathlib', 'MeasureTheory', 'Measure', 'OpenPos'): Unknown flag `--module`.
Run `jixia -h` for further information.

ERROR:jixia.run:error while processing ('Mathlib', 'MeasureTheory', 'Measure', 'FiniteMeasureProd'): Unknown flag `--module`.
Run `jixia -h` for further information.

ERROR:jixia.run:error while processing ('Mathlib', 'MeasureTheory', 'Measure', 'Stieltjes'): Unknown flag `--module`.
Run `jixia -h` for further information.

ERROR:jixia.run:error while processing ('Mathlib', 'MeasureTheory', 'Integral', 'IntegrableOn'): Unknown flag `--module`.
Run `jixia -h` for further information.

ERROR:jixia.run:error while processing ('Mathlib', 'MeasureTheory', 'Measure', 'Haar', 'OfBasis'): Unknown flag `--module`.
Run `jixia -h` for further information.

ERROR:jixia.run:error while processing ('Mathlib', 'MeasureTheory', 'Integral', 'Lebesgue'): Unknown flag `--module`.
Run `jixia -h` for further information.

ERROR:jixia.run:error while processing ('Mathlib', 'MeasureTheory', 'Order', 'UpperLower'): Unknown flag `--module`.
Run `jixia -h` for further information.

ERROR:jixia.run:error while processing ('Mathlib', 'MeasureTheory', 'Measure', 'Haar', 'Unique'): Unknown flag `--module`.
Run `jixia -h` for further information.

ERROR:jixia.run:error while processing ('Mathlib', 'MeasureTheory', 'Measure', 'MutuallySingular'): Unknown flag `--module`.
Run `jixia -h` for further information.

ERROR:jixia.run:error while processing ('Mathlib', 'MeasureTheory', 'Decomposition', 'SignedHahn'): Unknown flag `--module`.
Run `jixia -h` for further information.

ERROR:jixia.run:error while processing ('Mathlib', 'MeasureTheory', 'Measure', 'Trim'): Unknown flag `--module`.
Run `jixia -h` for further information.

ERROR:jixia.run:error while processing ('Mathlib', 'MeasureTheory', 'Measure', 'Content'): Unknown flag `--module`.
Run `jixia -h` for further information.

ERROR:jixia.run:error while processing ('Mathlib', 'MeasureTheory', 'Measure', 'LevyProkhorovMetric'): Unknown flag `--module`.
Run `jixia -h` for further information.

ERROR:jixia.run:error while processing ('Mathlib', 'MeasureTheory', 'Measure', 'VectorMeasure'): Unknown flag `--module`.
Run `jixia -h` for further information.

ERROR:jixia.run:error while processing ('Mathlib', 'MeasureTheory', 'Measure', 'MeasureSpaceDef'): Unknown flag `--module`.
Run `jixia -h` for further information.

ERROR:jixia.run:error while processing ('Mathlib', 'MeasureTheory', 'Measure', 'Hausdorff'): Unknown flag `--module`.
Run `jixia -h` for further information.

ERROR:jixia.run:error while processing ('Mathlib', 'MeasureTheory', 'Measure', 'MeasureSpace'): Unknown flag `--module`.
Run `jixia -h` for further information.

ERROR:jixia.run:error while processing ('Mathlib', 'MeasureTheory', 'Decomposition', 'Lebesgue'): Unknown flag `--module`.
Run `jixia -h` for further information.

ERROR:jixia.run:error while processing ('Mathlib', 'MeasureTheory', 'Measure', 'HasOuterApproxClosed'): Unknown flag `--module`.
Run `jixia -h` for further information.

ERROR:jixia.run:error while processing ('Mathlib', 'MeasureTheory', 'Measure', 'Restrict'): Unknown flag `--module`.
Run `jixia -h` for further information.

ERROR:jixia.run:error while processing ('Mathlib', 'MeasureTheory', 'Order', 'Group', 'Lattice'): Unknown flag `--module`.
Run `jixia -h` for further information.

ERROR:jixia.run:error while processing ('Mathlib', 'MeasureTheory', 'Measure', 'Sub'): Unknown flag `--module`.
Run `jixia -h` for further information.

ERROR:jixia.run:error while processing ('Mathlib', 'MeasureTheory', 'Measure', 'DiracProba'): Unknown flag `--module`.
Run `jixia -h` for further information.

ERROR:jixia.run:error while processing ('Mathlib', 'MeasureTheory', 'Measure', 'Tilted'): Unknown flag `--module`.
Run `jixia -h` for further information.

ERROR:jixia.run:error while processing ('Mathlib', 'MeasureTheory', 'Measure', 'Lebesgue', 'Integral'): Unknown flag `--module`.
Run `jixia -h` for further information.

ERROR:jixia.run:error while processing ('Mathlib', 'MeasureTheory', 'Decomposition', 'Jordan'): Unknown flag `--module`.
Run `jixia -h` for further information.

ERROR:jixia.run:error while processing ('Mathlib', 'MeasureTheory', 'Decomposition', 'UnsignedHahn'): Unknown flag `--module`.
Run `jixia -h` for further information.

ERROR:jixia.run:error while processing ('Mathlib', 'MeasureTheory', 'Measure', 'FiniteMeasure'): Unknown flag `--module`.
Run `jixia -h` for further information.

ERROR:jixia.run:error while processing ('Mathlib', 'MeasureTheory', 'Measure', 'Haar', 'Disintegration'): Unknown flag `--module`.
Run `jixia -h` for further information.

ERROR:jixia.run:error while processing ('Mathlib', 'MeasureTheory', 'Decomposition', 'RadonNikodym'): Unknown flag `--module`.
Run `jixia -h` for further information.

ERROR:jixia.run:error while processing ('Mathlib', 'MeasureTheory', 'Measure', 'Lebesgue', 'Basic'): Unknown flag `--module`.
Run `jixia -h` for further information.

ERROR:jixia.run:error while processing ('Mathlib', 'MeasureTheory', 'Measure', 'Lebesgue', 'VolumeOfBalls'): Unknown flag `--module`.
Run `jixia -h` for further information.

ERROR:jixia.run:error while processing ('Mathlib', 'Util', 'AtomM'): Unknown flag `--module`.
Run `jixia -h` for further information.

ERROR:jixia.run:error while processing ('Mathlib', 'Util', 'Export'): Unknown flag `--module`.
Run `jixia -h` for further information.

ERROR:jixia.run:error while processing ('Mathlib', 'Util', 'Time'): Unknown flag `--module`.
Run `jixia -h` for further information.

ERROR:jixia.run:error while processing ('Mathlib', 'Util', 'DischargerAsTactic'): Unknown flag `--module`.
Run `jixia -h` for further information.

ERROR:jixia.run:error while processing ('Mathlib', 'Util', 'AddRelatedDecl'): Unknown flag `--module`.
Run `jixia -h` for further information.

ERROR:jixia.run:error while processing ('Mathlib', 'MeasureTheory', 'Decomposition', 'SignedLebesgue'): Unknown flag `--module`.
Run `jixia -h` for further information.

ERROR:jixia.run:error while processing ('Mathlib', 'Util', 'IncludeStr'): Unknown flag `--module`.
Run `jixia -h` for further information.

ERROR:jixia.run:error while processing ('Mathlib', 'Util', 'SleepHeartbeats'): Unknown flag `--module`.
Run `jixia -h` for further information.

ERROR:jixia.run:error while processing ('Mathlib', 'Util', 'CompileInductive'): Unknown flag `--module`.
Run `jixia -h` for further information.

ERROR:jixia.run:error while processing ('Mathlib', 'Util', 'Qq'): Unknown flag `--module`.
Run `jixia -h` for further information.

ERROR:jixia.run:error while processing ('Mathlib', 'Util', 'LongNames'): Unknown flag `--module`.
Run `jixia -h` for further information.

ERROR:jixia.run:error while processing ('Mathlib', 'Util', 'TermBeta'): Unknown flag `--module`.
Run `jixia -h` for further information.

ERROR:jixia.run:error while processing ('Mathlib', 'Util', 'AssertExists'): Unknown flag `--module`.
Run `jixia -h` for further information.

ERROR:jixia.run:error while processing ('Mathlib', 'Util', 'FormatTable'): Unknown flag `--module`.
Run `jixia -h` for further information.

ERROR:jixia.run:error while processing ('Mathlib', 'Util', 'WithWeakNamespace'): Unknown flag `--module`.
Run `jixia -h` for further information.

ERROR:jixia.run:error while processing ('Mathlib', 'Util', 'Delaborators'): Unknown flag `--module`.
Run `jixia -h` for further information.

ERROR:jixia.run:error while processing ('Mathlib', 'Util', 'Tactic'): Unknown flag `--module`.
Run `jixia -h` for further information.

ERROR:jixia.run:error while processing ('Mathlib', 'Util', 'MemoFix'): Unknown flag `--module`.
Run `jixia -h` for further information.

ERROR:jixia.run:error while processing ('Mathlib', 'Util', 'AssertNoSorry'): Unknown flag `--module`.
Run `jixia -h` for further information.

ERROR:jixia.run:error while processing ('Mathlib', 'Util', 'CountHeartbeats'): Unknown flag `--module`.
Run `jixia -h` for further information.

ERROR:jixia.run:error while processing ('Mathlib', 'Util', 'SynthesizeUsing'): Unknown flag `--module`.
Run `jixia -h` for further information.

ERROR:jixia.run:error while processing ('Mathlib', 'Util', 'WhatsNew'): Unknown flag `--module`.
Run `jixia -h` for further information.

ERROR:jixia.run:error while processing ('Mathlib', 'RingTheory', 'LocalProperties'): Unknown flag `--module`.
Run `jixia -h` for further information.

ERROR:jixia.run:error while processing ('Mathlib', 'Util', 'Superscript'): Unknown flag `--module`.
Run `jixia -h` for further information.

ERROR:jixia.run:error while processing ('Mathlib', 'Util', 'GetAllModules'): Unknown flag `--module`.
Run `jixia -h` for further information.

ERROR:jixia.run:error while processing ('Mathlib', 'RingTheory', 'Filtration'): Unknown flag `--module`.
Run `jixia -h` for further information.

ERROR:jixia.run:error while processing ('Mathlib', 'RingTheory', 'PowerBasis'): Unknown flag `--module`.
Run `jixia -h` for further information.

ERROR:jixia.run:error while processing ('Mathlib', 'RingTheory', 'AlgebraicIndependent'): Unknown flag `--module`.
Run `jixia -h` for further information.

ERROR:jixia.run:error while processing ('Mathlib', 'RingTheory', 'Multiplicity'): Unknown flag `--module`.
Run `jixia -h` for further information.

ERROR:jixia.run:error while processing ('Mathlib', 'RingTheory', 'PiTensorProduct'): Unknown flag `--module`.
Run `jixia -h` for further information.

ERROR:jixia.run:error while processing ('Mathlib', 'RingTheory', 'JacobsonIdeal'): Unknown flag `--module`.
Run `jixia -h` for further information.

ERROR:jixia.run:error while processing ('Mathlib', 'RingTheory', 'Prime'): Unknown flag `--module`.
Run `jixia -h` for further information.

ERROR:jixia.run:error while processing ('Mathlib', 'RingTheory', 'Algebraic'): Unknown flag `--module`.
Run `jixia -h` for further information.

ERROR:jixia.run:error while processing ('Mathlib', 'RingTheory', 'EisensteinCriterion'): Unknown flag `--module`.
Run `jixia -h` for further information.

ERROR:jixia.run:error while processing ('Mathlib', 'RingTheory', 'Fintype'): Unknown flag `--module`.
Run `jixia -h` for further information.

ERROR:jixia.run:error while processing ('Mathlib', 'RingTheory', 'Nakayama'): Unknown flag `--module`.
Run `jixia -h` for further information.

ERROR:jixia.run:error while processing ('Mathlib', 'RingTheory', 'Norm'): Unknown flag `--module`.
Run `jixia -h` for further information.

ERROR:jixia.run:error while processing ('Mathlib', 'RingTheory', 'Generators'): Unknown flag `--module`.
Run `jixia -h` for further information.

ERROR:jixia.run:error while processing ('Mathlib', 'RingTheory', 'QuotientNoetherian'): Unknown flag `--module`.
Run `jixia -h` for further information.

ERROR:jixia.run:error while processing ('Mathlib', 'RingTheory', 'Noetherian'): Unknown flag `--module`.
Run `jixia -h` for further information.

ERROR:jixia.run:error while processing ('Mathlib', 'RingTheory', 'ZMod'): Unknown flag `--module`.
Run `jixia -h` for further information.

ERROR:jixia.run:error while processing ('Mathlib', 'RingTheory', 'IsTensorProduct'): Unknown flag `--module`.
Run `jixia -h` for further information.

ERROR:jixia.run:error while processing ('Mathlib', 'RingTheory', 'Artinian'): Unknown flag `--module`.
Run `jixia -h` for further information.

ERROR:jixia.run:error while processing ('Mathlib', 'RingTheory', 'UniqueFactorizationDomain'): Unknown flag `--module`.
Run `jixia -h` for further information.

ERROR:jixia.run:error while processing ('Mathlib', 'RingTheory', 'PrincipalIdealDomain'): Unknown flag `--module`.
Run `jixia -h` for further information.

ERROR:jixia.run:error while processing ('Mathlib', 'RingTheory', 'AdjoinRoot'): Unknown flag `--module`.
Run `jixia -h` for further information.

ERROR:jixia.run:error while processing ('Mathlib', 'RingTheory', 'IntegralDomain'): Unknown flag `--module`.
Run `jixia -h` for further information.

ERROR:jixia.run:error while processing ('Mathlib', 'RingTheory', 'Jacobson'): Unknown flag `--module`.
Run `jixia -h` for further information.

ERROR:jixia.run:error while processing ('Mathlib', 'RingTheory', 'EuclideanDomain'): Unknown flag `--module`.
Run `jixia -h` for further information.

ERROR:jixia.run:error while processing ('Mathlib', 'RingTheory', 'IntegrallyClosed'): Unknown flag `--module`.
Run `jixia -h` for further information.

ERROR:jixia.run:error while processing ('Mathlib', 'RingTheory', 'Complex'): Unknown flag `--module`.
Run `jixia -h` for further information.

ERROR:jixia.run:error while processing ('Mathlib', 'RingTheory', 'QuotSMulTop'): Unknown flag `--module`.
Run `jixia -h` for further information.

ERROR:jixia.run:error while processing ('Mathlib', 'RingTheory', 'MatrixAlgebra'): Unknown flag `--module`.
Run `jixia -h` for further information.

ERROR:jixia.run:error while processing ('Mathlib', 'RingTheory', 'OrzechProperty'): Unknown flag `--module`.
Run `jixia -h` for further information.

ERROR:jixia.run:error while processing ('Mathlib', 'RingTheory', 'RingInvo'): Unknown flag `--module`.
Run `jixia -h` for further information.

ERROR:jixia.run:error while processing ('Mathlib', 'RingTheory', 'IsAdjoinRoot'): Unknown flag `--module`.
Run `jixia -h` for further information.

ERROR:jixia.run:error while processing ('Mathlib', 'RingTheory', 'LittleWedderburn'): Unknown flag `--module`.
Run `jixia -h` for further information.

ERROR:jixia.run:error while processing ('Mathlib', 'RingTheory', 'FiniteStability'): Unknown flag `--module`.
Run `jixia -h` for further information.

ERROR:jixia.run:error while processing ('Mathlib', 'RingTheory', 'Finiteness'): Unknown flag `--module`.
Run `jixia -h` for further information.

ERROR:jixia.run:error while processing ('Mathlib', 'RingTheory', 'ChainOfDivisors'): Unknown flag `--module`.
Run `jixia -h` for further information.

ERROR:jixia.run:error while processing ('Mathlib', 'RingTheory', 'Ideal', 'IdempotentFG'): Unknown flag `--module`.
Run `jixia -h` for further information.

ERROR:jixia.run:error while processing ('Mathlib', 'RingTheory', 'Binomial'): Unknown flag `--module`.
Run `jixia -h` for further information.

ERROR:jixia.run:error while processing ('Mathlib', 'RingTheory', 'FreeRing'): Unknown flag `--module`.
Run `jixia -h` for further information.

ERROR:jixia.run:error while processing ('Mathlib', 'RingTheory', 'NormTrace'): Unknown flag `--module`.
Run `jixia -h` for further information.

ERROR:jixia.run:error while processing ('Mathlib', 'RingTheory', 'PolynomialAlgebra'): Unknown flag `--module`.
Run `jixia -h` for further information.

ERROR:jixia.run:error while processing ('Mathlib', 'RingTheory', 'MvPolynomial', 'NewtonIdentities'): Unknown flag `--module`.
Run `jixia -h` for further information.

ERROR:jixia.run:error while processing ('Mathlib', 'RingTheory', 'ClassGroup'): Unknown flag `--module`.
Run `jixia -h` for further information.

ERROR:jixia.run:error while processing ('Mathlib', 'RingTheory', 'IntegralClosure'): Unknown flag `--module`.
Run `jixia -h` for further information.

ERROR:jixia.run:error while processing ('Mathlib', 'RingTheory', 'Kaehler', 'Polynomial'): Unknown flag `--module`.
Run `jixia -h` for further information.

ERROR:jixia.run:error while processing ('Mathlib', 'RingTheory', 'Ideal', 'Basis'): Unknown flag `--module`.
Run `jixia -h` for further information.

ERROR:jixia.run:error while processing ('Mathlib', 'RingTheory', 'Ideal', 'MinimalPrime'): Unknown flag `--module`.
Run `jixia -h` for further information.

ERROR:jixia.run:error while processing ('Mathlib', 'RingTheory', 'HopfAlgebra'): Unknown flag `--module`.
Run `jixia -h` for further information.

ERROR:jixia.run:error while processing ('Mathlib', 'RingTheory', 'Henselian'): Unknown flag `--module`.
Run `jixia -h` for further information.

ERROR:jixia.run:error while processing ('Mathlib', 'RingTheory', 'Nullstellensatz'): Unknown flag `--module`.
Run `jixia -h` for further information.

ERROR:jixia.run:error while processing ('Mathlib', 'RingTheory', 'Bezout'): Unknown flag `--module`.
Run `jixia -h` for further information.

ERROR:jixia.run:error while processing ('Mathlib', 'RingTheory', 'ReesAlgebra'): Unknown flag `--module`.
Run `jixia -h` for further information.

ERROR:jixia.run:error while processing ('Mathlib', 'RingTheory', 'Int', 'Basic'): Unknown flag `--module`.
Run `jixia -h` for further information.

ERROR:jixia.run:error while processing ('Mathlib', 'RingTheory', 'FreeCommRing'): Unknown flag `--module`.
Run `jixia -h` for further information.

ERROR:jixia.run:error while processing ('Mathlib', 'RingTheory', 'MvPolynomial', 'Tower'): Unknown flag `--module`.
Run `jixia -h` for further information.

ERROR:jixia.run:error while processing ('Mathlib', 'RingTheory', 'Kaehler', 'Basic'): Unknown flag `--module`.
Run `jixia -h` for further information.

ERROR:jixia.run:error while processing ('Mathlib', 'RingTheory', 'Ideal', 'AssociatedPrime'): Unknown flag `--module`.
Run `jixia -h` for further information.

ERROR:jixia.run:error while processing ('Mathlib', 'RingTheory', 'Ideal', 'IsPrimary'): Unknown flag `--module`.
Run `jixia -h` for further information.

ERROR:jixia.run:error while processing ('Mathlib', 'RingTheory', 'Ideal', 'LocalRing'): Unknown flag `--module`.
Run `jixia -h` for further information.

ERROR:jixia.run:error while processing ('Mathlib', 'RingTheory', 'MvPolynomial', 'Ideal'): Unknown flag `--module`.
Run `jixia -h` for further information.

ERROR:jixia.run:error while processing ('Mathlib', 'RingTheory', 'Ideal', 'Prod'): Unknown flag `--module`.
Run `jixia -h` for further information.

ERROR:jixia.run:error while processing ('Mathlib', 'RingTheory', 'Trace'): Unknown flag `--module`.
Run `jixia -h` for further information.

ERROR:jixia.run:error while processing ('Mathlib', 'RingTheory', 'RingHomProperties'): Unknown flag `--module`.
Run `jixia -h` for further information.

ERROR:jixia.run:error while processing ('Mathlib', 'RingTheory', 'MvPolynomial', 'Basic'): Unknown flag `--module`.
Run `jixia -h` for further information.

ERROR:jixia.run:error while processing ('Mathlib', 'RingTheory', 'Discriminant'): Unknown flag `--module`.
Run `jixia -h` for further information.

ERROR:jixia.run:error while processing ('Mathlib', 'RingTheory', 'Derivation', 'Basic'): Unknown flag `--module`.
Run `jixia -h` for further information.

ERROR:jixia.run:error while processing ('Mathlib', 'RingTheory', 'LaurentSeries'): Unknown flag `--module`.
Run `jixia -h` for further information.

ERROR:jixia.run:error while processing ('Mathlib', 'RingTheory', 'Derivation', 'ToSquareZero'): Unknown flag `--module`.
Run `jixia -h` for further information.

ERROR:jixia.run:error while processing ('Mathlib', 'RingTheory', 'QuotientNilpotent'): Unknown flag `--module`.
Run `jixia -h` for further information.

ERROR:jixia.run:error while processing ('Mathlib', 'RingTheory', 'IntegralRestrict'): Unknown flag `--module`.
Run `jixia -h` for further information.

ERROR:jixia.run:error while processing ('Mathlib', 'RingTheory', 'MvPolynomial', 'Homogeneous'): Unknown flag `--module`.
Run `jixia -h` for further information.

ERROR:jixia.run:error while processing ('Mathlib', 'RingTheory', 'Ideal', 'IsPrincipal'): Unknown flag `--module`.
Run `jixia -h` for further information.

ERROR:jixia.run:error while processing ('Mathlib', 'RingTheory', 'FiniteType'): Unknown flag `--module`.
Run `jixia -h` for further information.

ERROR:jixia.run:error while processing ('Mathlib', 'RingTheory', 'Perfection'): Unknown flag `--module`.
Run `jixia -h` for further information.

ERROR:jixia.run:error while processing ('Mathlib', 'RingTheory', 'SimpleModule'): Unknown flag `--module`.
Run `jixia -h` for further information.

ERROR:jixia.run:error while processing ('Mathlib', 'RingTheory', 'AlgebraTower'): Unknown flag `--module`.
Run `jixia -h` for further information.

ERROR:jixia.run:error while processing ('Mathlib', 'RingTheory', 'Ideal', 'Quotient'): Unknown flag `--module`.
Run `jixia -h` for further information.

ERROR:jixia.run:error while processing ('Mathlib', 'RingTheory', 'Ideal', 'Cotangent'): Unknown flag `--module`.
Run `jixia -h` for further information.

ERROR:jixia.run:error while processing ('Mathlib', 'RingTheory', 'Ideal', 'Maps'): Unknown flag `--module`.
Run `jixia -h` for further information.

ERROR:jixia.run:error while processing ('Mathlib', 'RingTheory', 'Ideal', 'Operations'): Unknown flag `--module`.
Run `jixia -h` for further information.

ERROR:jixia.run:error while processing ('Mathlib', 'RingTheory', 'MvPolynomial', 'Localization'): Unknown flag `--module`.
Run `jixia -h` for further information.

ERROR:jixia.run:error while processing ('Mathlib', 'RingTheory', 'MvPolynomial', 'Symmetric'): Unknown flag `--module`.
Run `jixia -h` for further information.

ERROR:jixia.run:error while processing ('Mathlib', 'RingTheory', 'MvPolynomial', 'WeightedHomogeneous'): Unknown flag `--module`.
Run `jixia -h` for further information.

ERROR:jixia.run:error while processing ('Mathlib', 'RingTheory', 'FinitePresentation'): Unknown flag `--module`.
Run `jixia -h` for further information.

ERROR:jixia.run:error while processing ('Mathlib', 'RingTheory', 'Ideal', 'Basic'): Unknown flag `--module`.
Run `jixia -h` for further information.

ERROR:jixia.run:error while processing ('Mathlib', 'RingTheory', 'GradedAlgebra', 'Noetherian'): Unknown flag `--module`.
Run `jixia -h` for further information.

ERROR:jixia.run:error while processing ('Mathlib', 'RingTheory', 'TensorProduct', 'Basic'): Unknown flag `--module`.
Run `jixia -h` for further information.

ERROR:jixia.run:error while processing ('Mathlib', 'RingTheory', 'GradedAlgebra', 'Radical'): Unknown flag `--module`.
Run `jixia -h` for further information.

ERROR:jixia.run:error while processing ('Mathlib', 'RingTheory', 'Ideal', 'Norm'): Unknown flag `--module`.
Run `jixia -h` for further information.

ERROR:jixia.run:error while processing ('Mathlib', 'RingTheory', 'Derivation', 'Lie'): Unknown flag `--module`.
Run `jixia -h` for further information.

ERROR:jixia.run:error while processing ('Mathlib', 'RingTheory', 'GradedAlgebra', 'HomogeneousIdeal'): Unknown flag `--module`.
Run `jixia -h` for further information.

ERROR:jixia.run:error while processing ('Mathlib', 'RingTheory', 'Ideal', 'Colon'): Unknown flag `--module`.
Run `jixia -h` for further information.

ERROR:jixia.run:error while processing ('Mathlib', 'RingTheory', 'GradedAlgebra', 'HomogeneousLocalization'): Unknown flag `--module`.
Run `jixia -h` for further information.

ERROR:jixia.run:error while processing ('Mathlib', 'RingTheory', 'Ideal', 'Over'): Unknown flag `--module`.
Run `jixia -h` for further information.

ERROR:jixia.run:error while processing ('Mathlib', 'RingTheory', 'Ideal', 'QuotientOperations'): Unknown flag `--module`.
Run `jixia -h` for further information.

ERROR:jixia.run:error while processing ('Mathlib', 'RingTheory', 'HahnSeries', 'Summable'): Unknown flag `--module`.
Run `jixia -h` for further information.

ERROR:jixia.run:error while processing ('Mathlib', 'RingTheory', 'HahnSeries', 'Basic'): Unknown flag `--module`.
Run `jixia -h` for further information.

ERROR:jixia.run:error while processing ('Mathlib', 'RingTheory', 'HahnSeries', 'Multiplication'): Unknown flag `--module`.
Run `jixia -h` for further information.

ERROR:jixia.run:error while processing ('Mathlib', 'RingTheory', 'Adjoin', 'PowerBasis'): Unknown flag `--module`.
Run `jixia -h` for further information.

ERROR:jixia.run:error while processing ('Mathlib', 'RingTheory', 'HahnSeries', 'Addition'): Unknown flag `--module`.
Run `jixia -h` for further information.

ERROR:jixia.run:error while processing ('Mathlib', 'RingTheory', 'TensorProduct', 'MvPolynomial'): Unknown flag `--module`.
Run `jixia -h` for further information.

ERROR:jixia.run:error while processing ('Mathlib', 'RingTheory', 'GradedAlgebra', 'Basic'): Unknown flag `--module`.
Run `jixia -h` for further information.

ERROR:jixia.run:error while processing ('Mathlib', 'RingTheory', 'Adjoin', 'FG'): Unknown flag `--module`.
Run `jixia -h` for further information.

ERROR:jixia.run:error while processing ('Mathlib', 'RingTheory', 'Adjoin', 'Basic'): Unknown flag `--module`.
Run `jixia -h` for further information.

ERROR:jixia.run:error while processing ('Mathlib', 'RingTheory', 'Adjoin', 'Tower'): Unknown flag `--module`.
Run `jixia -h` for further information.

ERROR:jixia.run:error while processing ('Mathlib', 'RingTheory', 'HahnSeries', 'PowerSeries'): Unknown flag `--module`.
Run `jixia -h` for further information.

ERROR:jixia.run:error while processing ('Mathlib', 'RingTheory', 'Localization', 'Basic'): Unknown flag `--module`.
Run `jixia -h` for further information.

ERROR:jixia.run:error while processing ('Mathlib', 'RingTheory', 'Adjoin', 'Field'): Unknown flag `--module`.
Run `jixia -h` for further information.

ERROR:jixia.run:error while processing ('Mathlib', 'RingTheory', 'Localization', 'Finiteness'): Unknown flag `--module`.
Run `jixia -h` for further information.

ERROR:jixia.run:error while processing ('Mathlib', 'RingTheory', 'Localization', 'Integral'): Unknown flag `--module`.
Run `jixia -h` for further information.

ERROR:jixia.run:error while processing ('Mathlib', 'RingTheory', 'Localization', 'AtPrime'): Unknown flag `--module`.
Run `jixia -h` for further information.

ERROR:jixia.run:error while processing ('Mathlib', 'RingTheory', 'Localization', 'LocalizationLocalization'): Unknown flag `--module`.
Run `jixia -h` for further information.

ERROR:jixia.run:error while processing ('Mathlib', 'RingTheory', 'WittVector', 'IsPoly'): Unknown flag `--module`.
Run `jixia -h` for further information.

ERROR:jixia.run:error while processing ('Mathlib', 'RingTheory', 'WittVector', 'Frobenius'): Unknown flag `--module`.
Run `jixia -h` for further information.

ERROR:jixia.run:error while processing ('Mathlib', 'RingTheory', 'Localization', 'Cardinality'): Unknown flag `--module`.
Run `jixia -h` for further information.

ERROR:jixia.run:error while processing ('Mathlib', 'RingTheory', 'Localization', 'AsSubring'): Unknown flag `--module`.
Run `jixia -h` for further information.

ERROR:jixia.run:error while processing ('Mathlib', 'RingTheory', 'Localization', 'NormTrace'): Unknown flag `--module`.
Run `jixia -h` for further information.

ERROR:jixia.run:error while processing ('Mathlib', 'RingTheory', 'Localization', 'Away', 'AdjoinRoot'): Unknown flag `--module`.
Run `jixia -h` for further information.

ERROR:jixia.run:error while processing ('Mathlib', 'RingTheory', 'RootsOfUnity', 'Lemmas'): Unknown flag `--module`.
Run `jixia -h` for further information.

ERROR:jixia.run:error while processing ('Mathlib', 'RingTheory', 'RootsOfUnity', 'Minpoly'): Unknown flag `--module`.
Run `jixia -h` for further information.

ERROR:jixia.run:error while processing ('Mathlib', 'RingTheory', 'WittVector', 'WittPolynomial'): Unknown flag `--module`.
Run `jixia -h` for further information.

ERROR:jixia.run:error while processing ('Mathlib', 'RingTheory', 'Localization', 'Integer'): Unknown flag `--module`.
Run `jixia -h` for further information.

ERROR:jixia.run:error while processing ('Mathlib', 'RingTheory', 'Localization', 'Away', 'Basic'): Unknown flag `--module`.
Run `jixia -h` for further information.

ERROR:jixia.run:error while processing ('Mathlib', 'RingTheory', 'Localization', 'Module'): Unknown flag `--module`.
Run `jixia -h` for further information.

ERROR:jixia.run:error while processing ('Mathlib', 'RingTheory', 'WittVector', 'Identities'): Unknown flag `--module`.
Run `jixia -h` for further information.

ERROR:jixia.run:error while processing ('Mathlib', 'RingTheory', 'Localization', 'Submodule'): Unknown flag `--module`.
Run `jixia -h` for further information.

ERROR:jixia.run:error while processing ('Mathlib', 'RingTheory', 'Localization', 'BaseChange'): Unknown flag `--module`.
Run `jixia -h` for further information.

ERROR:jixia.run:error while processing ('Mathlib', 'RingTheory', 'Flat', 'Basic'): Unknown flag `--module`.
Run `jixia -h` for further information.

ERROR:jixia.run:error while processing ('Mathlib', 'RingTheory', 'WittVector', 'StructurePolynomial'): Unknown flag `--module`.
Run `jixia -h` for further information.

ERROR:jixia.run:error while processing ('Mathlib', 'RingTheory', 'WittVector', 'MulP'): Unknown flag `--module`.
Run `jixia -h` for further information.

ERROR:jixia.run:error while processing ('Mathlib', 'RingTheory', 'Flat', 'EquationalCriterion'): Unknown flag `--module`.
Run `jixia -h` for further information.

ERROR:jixia.run:error while processing ('Mathlib', 'RingTheory', 'Coprime', 'Ideal'): Unknown flag `--module`.
Run `jixia -h` for further information.

ERROR:jixia.run:error while processing ('Mathlib', 'RingTheory', 'RingHom', 'FiniteType'): Unknown flag `--module`.
Run `jixia -h` for further information.

ERROR:jixia.run:error while processing ('Mathlib', 'RingTheory', 'WittVector', 'MulCoeff'): Unknown flag `--module`.
Run `jixia -h` for further information.

ERROR:jixia.run:error while processing ('Mathlib', 'RingTheory', 'Flat', 'Stability'): Unknown flag `--module`.
Run `jixia -h` for further information.

ERROR:jixia.run:error while processing ('Mathlib', 'RingTheory', 'WittVector', 'Truncated'): Unknown flag `--module`.
Run `jixia -h` for further information.

ERROR:jixia.run:error while processing ('Mathlib', 'RingTheory', 'WittVector', 'FrobeniusFractionField'): Unknown flag `--module`.
Run `jixia -h` for further information.

ERROR:jixia.run:error while processing ('Mathlib', 'RingTheory', 'WittVector', 'InitTail'): Unknown flag `--module`.
Run `jixia -h` for further information.

ERROR:jixia.run:error while processing ('Mathlib', 'RingTheory', 'Localization', 'FractionRing'): Unknown flag `--module`.
Run `jixia -h` for further information.

ERROR:jixia.run:error while processing ('Mathlib', 'RingTheory', 'RingHom', 'Surjective'): Unknown flag `--module`.
Run `jixia -h` for further information.

ERROR:jixia.run:error while processing ('Mathlib', 'RingTheory', 'RingHom', 'Integral'): Unknown flag `--module`.
Run `jixia -h` for further information.

ERROR:jixia.run:error while processing ('Mathlib', 'RingTheory', 'DedekindDomain', 'IntegralClosure'): Unknown flag `--module`.
Run `jixia -h` for further information.

ERROR:jixia.run:error while processing ('Mathlib', 'RingTheory', 'WittVector', 'Verschiebung'): Unknown flag `--module`.
Run `jixia -h` for further information.

ERROR:jixia.run:error while processing ('Mathlib', 'RingTheory', 'Localization', 'Ideal'): Unknown flag `--module`.
Run `jixia -h` for further information.

ERROR:jixia.run:error while processing ('Mathlib', 'RingTheory', 'DedekindDomain', 'Ideal'): Unknown flag `--module`.
Run `jixia -h` for further information.

ERROR:jixia.run:error while processing ('Mathlib', 'RingTheory', 'WittVector', 'Compare'): Unknown flag `--module`.
Run `jixia -h` for further information.

ERROR:jixia.run:error while processing ('Mathlib', 'RingTheory', 'WittVector', 'DiscreteValuationRing'): Unknown flag `--module`.
Run `jixia -h` for further information.

ERROR:jixia.run:error while processing ('Mathlib', 'RingTheory', 'Localization', 'InvSubmonoid'): Unknown flag `--module`.
Run `jixia -h` for further information.

ERROR:jixia.run:error while processing ('Mathlib', 'RingTheory', 'WittVector', 'Teichmuller'): Unknown flag `--module`.
Run `jixia -h` for further information.

ERROR:jixia.run:error while processing ('Mathlib', 'RingTheory', 'DedekindDomain', 'SelmerGroup'): Unknown flag `--module`.
Run `jixia -h` for further information.

ERROR:jixia.run:error while processing ('Mathlib', 'RingTheory', 'Localization', 'NumDen'): Unknown flag `--module`.
Run `jixia -h` for further information.

ERROR:jixia.run:error while processing ('Mathlib', 'RingTheory', 'DedekindDomain', 'Dvr'): Unknown flag `--module`.
Run `jixia -h` for further information.

ERROR:jixia.run:error while processing ('Mathlib', 'RingTheory', 'RootsOfUnity', 'Basic'): Unknown flag `--module`.
Run `jixia -h` for further information.

ERROR:jixia.run:error while processing ('Mathlib', 'RingTheory', 'WittVector', 'Defs'): Unknown flag `--module`.
Run `jixia -h` for further information.

ERROR:jixia.run:error while processing ('Mathlib', 'RingTheory', 'Nilpotent', 'Lemmas'): Unknown flag `--module`.
Run `jixia -h` for further information.

ERROR:jixia.run:error while processing ('Mathlib', 'RingTheory', 'DedekindDomain', 'FiniteAdeleRing'): Unknown flag `--module`.
Run `jixia -h` for further information.

ERROR:jixia.run:error while processing ('Mathlib', 'RingTheory', 'Coprime', 'Lemmas'): Unknown flag `--module`.
Run `jixia -h` for further information.

ERROR:jixia.run:error while processing ('Mathlib', 'RingTheory', 'RingHom', 'Finite'): Unknown flag `--module`.
Run `jixia -h` for further information.

ERROR:jixia.run:error while processing ('Mathlib', 'RingTheory', 'DedekindDomain', 'Basic'): Unknown flag `--module`.
Run `jixia -h` for further information.

ERROR:jixia.run:error while processing ('Mathlib', 'RingTheory', 'WittVector', 'Domain'): Unknown flag `--module`.
Run `jixia -h` for further information.

ERROR:jixia.run:error while processing ('Mathlib', 'RingTheory', 'DedekindDomain', 'Factorization'): Unknown flag `--module`.
Run `jixia -h` for further information.

ERROR:jixia.run:error while processing ('Mathlib', 'RingTheory', 'DedekindDomain', 'SInteger'): Unknown flag `--module`.
Run `jixia -h` for further information.

ERROR:jixia.run:error while processing ('Mathlib', 'RingTheory', 'Coprime', 'Basic'): Unknown flag `--module`.
Run `jixia -h` for further information.

ERROR:jixia.run:error while processing ('Mathlib', 'RingTheory', 'Nilpotent', 'Defs'): Unknown flag `--module`.
Run `jixia -h` for further information.

ERROR:jixia.run:error while processing ('Mathlib', 'RingTheory', 'NonUnitalSubsemiring', 'Basic'): Unknown flag `--module`.
Run `jixia -h` for further information.

ERROR:jixia.run:error while processing ('Mathlib', 'RingTheory', 'DedekindDomain', 'PID'): Unknown flag `--module`.
Run `jixia -h` for further information.

ERROR:jixia.run:error while processing ('Mathlib', 'RingTheory', 'NonUnitalSubring', 'Basic'): Unknown flag `--module`.
Run `jixia -h` for further information.

ERROR:jixia.run:error while processing ('Mathlib', 'RingTheory', 'RootsOfUnity', 'Complex'): Unknown flag `--module`.
Run `jixia -h` for further information.

ERROR:jixia.run:error while processing ('Mathlib', 'RingTheory', 'WittVector', 'Basic'): Unknown flag `--module`.
Run `jixia -h` for further information.

ERROR:jixia.run:error while processing ('Mathlib', 'RingTheory', 'OreLocalization', 'Ring'): Unknown flag `--module`.
Run `jixia -h` for further information.

ERROR:jixia.run:error while processing ('Mathlib', 'RingTheory', 'Nilpotent', 'Basic'): Unknown flag `--module`.
Run `jixia -h` for further information.

ERROR:jixia.run:error while processing ('Mathlib', 'RingTheory', 'WittVector', 'Isocrystal'): Unknown flag `--module`.
Run `jixia -h` for further information.

ERROR:jixia.run:error while processing ('Mathlib', 'RingTheory', 'Congruence', 'BigOperators'): Unknown flag `--module`.
Run `jixia -h` for further information.

ERROR:jixia.run:error while processing ('Mathlib', 'RingTheory', 'DiscreteValuationRing', 'Basic'): Unknown flag `--module`.
Run `jixia -h` for further information.

ERROR:jixia.run:error while processing ('Mathlib', 'RingTheory', 'AdicCompletion', 'Algebra'): Unknown flag `--module`.
Run `jixia -h` for further information.

ERROR:jixia.run:error while processing ('Mathlib', 'RingTheory', 'Unramified', 'Basic'): Unknown flag `--module`.
Run `jixia -h` for further information.

ERROR:jixia.run:error while processing ('Mathlib', 'RingTheory', 'Flat', 'Algebra'): Unknown flag `--module`.
Run `jixia -h` for further information.

ERROR:jixia.run:error while processing ('Mathlib', 'RingTheory', 'Coalgebra', 'Hom'): Unknown flag `--module`.
Run `jixia -h` for further information.

ERROR:jixia.run:error while processing ('Mathlib', 'RingTheory', 'Congruence', 'Basic'): Unknown flag `--module`.
Run `jixia -h` for further information.

ERROR:jixia.run:error while processing ('Mathlib', 'RingTheory', 'Unramified', 'Derivations'): Unknown flag `--module`.
Run `jixia -h` for further information.

ERROR:jixia.run:error while processing ('Mathlib', 'RingTheory', 'Polynomial', 'Nilpotent'): Unknown flag `--module`.
Run `jixia -h` for further information.

ERROR:jixia.run:error while processing ('Mathlib', 'RingTheory', 'DedekindDomain', 'Different'): Unknown flag `--module`.
Run `jixia -h` for further information.

ERROR:jixia.run:error while processing ('Mathlib', 'RingTheory', 'MvPowerSeries', 'Basic'): Unknown flag `--module`.
Run `jixia -h` for further information.

ERROR:jixia.run:error while processing ('Mathlib', 'RingTheory', 'MvPowerSeries', 'Inverse'): Unknown flag `--module`.
Run `jixia -h` for further information.

ERROR:jixia.run:error while processing ('Mathlib', 'RingTheory', 'Polynomial', 'Chebyshev'): Unknown flag `--module`.
Run `jixia -h` for further information.

ERROR:jixia.run:error while processing ('Mathlib', 'RingTheory', 'Polynomial', 'Selmer'): Unknown flag `--module`.
Run `jixia -h` for further information.

ERROR:jixia.run:error while processing ('Mathlib', 'RingTheory', 'DedekindDomain', 'AdicValuation'): Unknown flag `--module`.
Run `jixia -h` for further information.

ERROR:jixia.run:error while processing ('Mathlib', 'RingTheory', 'Polynomial', 'Quotient'): Unknown flag `--module`.
Run `jixia -h` for further information.

ERROR:jixia.run:error while processing ('Mathlib', 'RingTheory', 'Regular', 'RegularSequence'): Unknown flag `--module`.
Run `jixia -h` for further information.

ERROR:jixia.run:error while processing ('Mathlib', 'RingTheory', 'OreLocalization', 'OreSet'): Unknown flag `--module`.
Run `jixia -h` for further information.

ERROR:jixia.run:error while processing ('Mathlib', 'RingTheory', 'OreLocalization', 'Basic'): Unknown flag `--module`.
Run `jixia -h` for further information.

ERROR:jixia.run:error while processing ('Mathlib', 'RingTheory', 'DiscreteValuationRing', 'TFAE'): Unknown flag `--module`.
Run `jixia -h` for further information.

ERROR:jixia.run:error while processing ('Mathlib', 'RingTheory', 'Coalgebra', 'Basic'): Unknown flag `--module`.
Run `jixia -h` for further information.

ERROR:jixia.run:error while processing ('Mathlib', 'RingTheory', 'Polynomial', 'Dickson'): Unknown flag `--module`.
Run `jixia -h` for further information.

ERROR:jixia.run:error while processing ('Mathlib', 'RingTheory', 'Etale', 'Basic'): Unknown flag `--module`.
Run `jixia -h` for further information.

ERROR:jixia.run:error while processing ('Mathlib', 'RingTheory', 'Polynomial', 'IrreducibleRing'): Unknown flag `--module`.
Run `jixia -h` for further information.

ERROR:jixia.run:error while processing ('Mathlib', 'RingTheory', 'Polynomial', 'RationalRoot'): Unknown flag `--module`.
Run `jixia -h` for further information.

ERROR:jixia.run:error while processing ('Mathlib', 'RingTheory', 'Congruence', 'Opposite'): Unknown flag `--module`.
Run `jixia -h` for further information.

ERROR:jixia.run:error while processing ('Mathlib', 'RingTheory', 'AdicCompletion', 'Functoriality'): Unknown flag `--module`.
Run `jixia -h` for further information.

ERROR:jixia.run:error while processing ('Mathlib', 'RingTheory', 'Polynomial', 'GaussLemma'): Unknown flag `--module`.
Run `jixia -h` for further information.

ERROR:jixia.run:error while processing ('Mathlib', 'RingTheory', 'Coalgebra', 'Equiv'): Unknown flag `--module`.
Run `jixia -h` for further information.

ERROR:jixia.run:error while processing ('Mathlib', 'RingTheory', 'AdicCompletion', 'Basic'): Unknown flag `--module`.
Run `jixia -h` for further information.

ERROR:jixia.run:error while processing ('Mathlib', 'RingTheory', 'Polynomial', 'Tower'): Unknown flag `--module`.
Run `jixia -h` for further information.

ERROR:jixia.run:error while processing ('Mathlib', 'RingTheory', 'Regular', 'IsSMulRegular'): Unknown flag `--module`.
Run `jixia -h` for further information.

ERROR:jixia.run:error while processing ('Mathlib', 'RingTheory', 'Polynomial', 'Content'): Unknown flag `--module`.
Run `jixia -h` for further information.

ERROR:jixia.run:error while processing ('Mathlib', 'RingTheory', 'Polynomial', 'Pochhammer'): Unknown flag `--module`.
Run `jixia -h` for further information.

ERROR:jixia.run:error while processing ('Mathlib', 'RingTheory', 'MvPowerSeries', 'Trunc'): Unknown flag `--module`.
Run `jixia -h` for further information.

ERROR:jixia.run:error while processing ('Mathlib', 'RingTheory', 'Polynomial', 'IntegralNormalization'): Unknown flag `--module`.
Run `jixia -h` for further information.

ERROR:jixia.run:error while processing ('Mathlib', 'RingTheory', 'Polynomial', 'Basic'): Unknown flag `--module`.
Run `jixia -h` for further information.

ERROR:jixia.run:error while processing ('Mathlib', 'RingTheory', 'Polynomial', 'Bernstein'): Unknown flag `--module`.
Run `jixia -h` for further information.

ERROR:jixia.run:error while processing ('Mathlib', 'RingTheory', 'Polynomial', 'Opposites'): Unknown flag `--module`.
Run `jixia -h` for further information.

ERROR:jixia.run:error while processing ('Mathlib', 'RingTheory', 'Polynomial', 'ScaleRoots'): Unknown flag `--module`.
Run `jixia -h` for further information.

ERROR:jixia.run:error while processing ('Mathlib', 'RingTheory', 'Polynomial', 'Eisenstein', 'Basic'): Unknown flag `--module`.
Run `jixia -h` for further information.

ERROR:jixia.run:error while processing ('Mathlib', 'RingTheory', 'Polynomial', 'Vieta'): Unknown flag `--module`.
Run `jixia -h` for further information.

ERROR:jixia.run:error while processing ('Mathlib', 'RingTheory', 'Polynomial', 'Eisenstein', 'IsIntegral'): Unknown flag `--module`.
Run `jixia -h` for further information.

ERROR:jixia.run:error while processing ('Mathlib', 'RingTheory', 'Polynomial', 'SeparableDegree'): Unknown flag `--module`.
Run `jixia -h` for further information.

ERROR:jixia.run:error while processing ('Mathlib', 'RingTheory', 'Polynomial', 'Cyclotomic', 'Roots'): Unknown flag `--module`.
Run `jixia -h` for further information.

ERROR:jixia.run:error while processing ('Mathlib', 'RingTheory', 'Polynomial', 'Cyclotomic', 'Expand'): Unknown flag `--module`.
Run `jixia -h` for further information.

ERROR:jixia.run:error while processing ('Mathlib', 'RingTheory', 'Polynomial', 'Cyclotomic', 'Eval'): Unknown flag `--module`.
Run `jixia -h` for further information.

ERROR:jixia.run:error while processing ('Mathlib', 'RingTheory', 'Polynomial', 'Hermite', 'Gaussian'): Unknown flag `--module`.
Run `jixia -h` for further information.

ERROR:jixia.run:error while processing ('Mathlib', 'RingTheory', 'Polynomial', 'Cyclotomic', 'Basic'): Unknown flag `--module`.
Run `jixia -h` for further information.

ERROR:jixia.run:error while processing ('Mathlib', 'RingTheory', 'Polynomial', 'Hermite', 'Basic'): Unknown flag `--module`.
Run `jixia -h` for further information.

ERROR:jixia.run:error while processing ('Mathlib', 'RingTheory', 'Valuation', 'Integers'): Unknown flag `--module`.
Run `jixia -h` for further information.

ERROR:jixia.run:error while processing ('Mathlib', 'RingTheory', 'Valuation', 'Quotient'): Unknown flag `--module`.
Run `jixia -h` for further information.

ERROR:jixia.run:error while processing ('Mathlib', 'RingTheory', 'Valuation', 'Basic'): Unknown flag `--module`.
Run `jixia -h` for further information.

ERROR:jixia.run:error while processing ('Mathlib', 'RingTheory', 'PowerSeries', 'Trunc'): Unknown flag `--module`.
Run `jixia -h` for further information.

ERROR:jixia.run:error while processing ('Mathlib', 'RingTheory', 'PowerSeries', 'Basic'): Unknown flag `--module`.
Run `jixia -h` for further information.

ERROR:jixia.run:error while processing ('Mathlib', 'FieldTheory', 'Adjoin'): Unknown flag `--module`.
Run `jixia -h` for further information.

ERROR:jixia.run:error while processing ('Mathlib', 'RingTheory', 'Valuation', 'Integral'): Unknown flag `--module`.
Run `jixia -h` for further information.

ERROR:jixia.run:error while processing ('Mathlib', 'RingTheory', 'Bialgebra', 'Basic'): Unknown flag `--module`.
Run `jixia -h` for further information.

ERROR:jixia.run:error while processing ('Mathlib', 'FieldTheory', 'Perfect'): Unknown flag `--module`.
Run `jixia -h` for further information.

ERROR:jixia.run:error while processing ('Mathlib', 'RingTheory', 'Valuation', 'PrimeMultiplicity'): Unknown flag `--module`.
Run `jixia -h` for further information.

ERROR:jixia.run:error while processing ('Mathlib', 'FieldTheory', 'AbsoluteGaloisGroup'): Unknown flag `--module`.
Run `jixia -h` for further information.

ERROR:jixia.run:error while processing ('Mathlib', 'FieldTheory', 'PerfectClosure'): Unknown flag `--module`.
Run `jixia -h` for further information.

ERROR:jixia.run:error while processing ('Mathlib', 'RingTheory', 'FractionalIdeal', 'Operations'): Unknown flag `--module`.
Run `jixia -h` for further information.

ERROR:jixia.run:error while processing ('Mathlib', 'RingTheory', 'FractionalIdeal', 'Basic'): Unknown flag `--module`.
Run `jixia -h` for further information.

ERROR:jixia.run:error while processing ('Mathlib', 'RingTheory', 'PowerSeries', 'Derivative'): Unknown flag `--module`.
Run `jixia -h` for further information.

ERROR:jixia.run:error while processing ('Mathlib', 'FieldTheory', 'IsAlgClosed', 'Basic'): Unknown flag `--module`.
Run `jixia -h` for further information.

ERROR:jixia.run:error while processing ('Mathlib', 'RingTheory', 'PowerSeries', 'Inverse'): Unknown flag `--module`.
Run `jixia -h` for further information.

ERROR:jixia.run:error while processing ('Mathlib', 'RingTheory', 'Smooth', 'Basic'): Unknown flag `--module`.
Run `jixia -h` for further information.

ERROR:jixia.run:error while processing ('Mathlib', 'FieldTheory', 'Minpoly', 'IsIntegrallyClosed'): Unknown flag `--module`.
Run `jixia -h` for further information.

ERROR:jixia.run:error while processing ('Mathlib', 'FieldTheory', 'ChevalleyWarning'): Unknown flag `--module`.
Run `jixia -h` for further information.

ERROR:jixia.run:error while processing ('Mathlib', 'FieldTheory', 'PrimitiveElement'): Unknown flag `--module`.
Run `jixia -h` for further information.

ERROR:jixia.run:error while processing ('Mathlib', 'FieldTheory', 'MvPolynomial'): Unknown flag `--module`.
Run `jixia -h` for further information.

ERROR:jixia.run:error while processing ('Mathlib', 'RingTheory', 'Bialgebra', 'Hom'): Unknown flag `--module`.
Run `jixia -h` for further information.

ERROR:jixia.run:error while processing ('Mathlib', 'FieldTheory', 'Laurent'): Unknown flag `--module`.
Run `jixia -h` for further information.

ERROR:jixia.run:error while processing ('Mathlib', 'FieldTheory', 'KrullTopology'): Unknown flag `--module`.
Run `jixia -h` for further information.

ERROR:jixia.run:error while processing ('Mathlib', 'FieldTheory', 'AbelRuffini'): Unknown flag `--module`.
Run `jixia -h` for further information.

ERROR:jixia.run:error while processing ('Mathlib', 'FieldTheory', 'Normal'): Unknown flag `--module`.
Run `jixia -h` for further information.

ERROR:jixia.run:error while processing ('Mathlib', 'FieldTheory', 'RatFunc', 'AsPolynomial'): Unknown flag `--module`.
Run `jixia -h` for further information.

ERROR:jixia.run:error while processing ('Mathlib', 'FieldTheory', 'IsAlgClosed', 'Spectrum'): Unknown flag `--module`.
Run `jixia -h` for further information.

ERROR:jixia.run:error while processing ('Mathlib', 'RingTheory', 'Valuation', 'ValuationSubring'): Unknown flag `--module`.
Run `jixia -h` for further information.

ERROR:jixia.run:error while processing ('Mathlib', 'FieldTheory', 'SeparableClosure'): Unknown flag `--module`.
Run `jixia -h` for further information.

ERROR:jixia.run:error while processing ('Mathlib', 'RingTheory', 'PowerSeries', 'WellKnown'): Unknown flag `--module`.
Run `jixia -h` for further information.

ERROR:jixia.run:error while processing ('Mathlib', 'FieldTheory', 'Finite', 'Polynomial'): Unknown flag `--module`.
Run `jixia -h` for further information.

ERROR:jixia.run:error while processing ('Mathlib', 'RingTheory', 'PowerSeries', 'Order'): Unknown flag `--module`.
Run `jixia -h` for further information.

ERROR:jixia.run:error while processing ('Mathlib', 'FieldTheory', 'Finite', 'Trace'): Unknown flag `--module`.
Run `jixia -h` for further information.

ERROR:jixia.run:error while processing ('Mathlib', 'FieldTheory', 'NormalClosure'): Unknown flag `--module`.
Run `jixia -h` for further information.

ERROR:jixia.run:error while processing ('Mathlib', 'FieldTheory', 'Tower'): Unknown flag `--module`.
Run `jixia -h` for further information.

ERROR:jixia.run:error while processing ('Mathlib', 'RingTheory', 'Valuation', 'ExtendToLocalization'): Unknown flag `--module`.
Run `jixia -h` for further information.

ERROR:jixia.run:error while processing ('Mathlib', 'FieldTheory', 'PurelyInseparable'): Unknown flag `--module`.
Run `jixia -h` for further information.

ERROR:jixia.run:error while processing ('Mathlib', 'FieldTheory', 'SplittingField', 'Construction'): Unknown flag `--module`.
Run `jixia -h` for further information.

ERROR:jixia.run:error while processing ('Mathlib', 'FieldTheory', 'IsSepClosed'): Unknown flag `--module`.
Run `jixia -h` for further information.

ERROR:jixia.run:error while processing ('Mathlib', 'FieldTheory', 'Finiteness'): Unknown flag `--module`.
Run `jixia -h` for further information.

ERROR:jixia.run:error while processing ('Mathlib', 'RingTheory', 'Valuation', 'RamificationGroup'): Unknown flag `--module`.
Run `jixia -h` for further information.

ERROR:jixia.run:error while processing ('Mathlib', 'RingTheory', 'Valuation', 'ValuationRing'): Unknown flag `--module`.
Run `jixia -h` for further information.

ERROR:jixia.run:error while processing ('Mathlib', 'FieldTheory', 'Extension'): Unknown flag `--module`.
Run `jixia -h` for further information.

ERROR:jixia.run:error while processing ('Mathlib', 'RingTheory', 'Bialgebra', 'Equiv'): Unknown flag `--module`.
Run `jixia -h` for further information.

ERROR:jixia.run:error while processing ('Mathlib', 'FieldTheory', 'RatFunc', 'Defs'): Unknown flag `--module`.
Run `jixia -h` for further information.

ERROR:jixia.run:error while processing ('Mathlib', 'FieldTheory', 'RatFunc', 'Degree'): Unknown flag `--module`.
Run `jixia -h` for further information.

ERROR:jixia.run:error while processing ('Mathlib', 'FieldTheory', 'IntermediateField'): Unknown flag `--module`.
Run `jixia -h` for further information.

ERROR:jixia.run:error while processing ('Mathlib', 'FieldTheory', 'IsAlgClosed', 'AlgebraicClosure'): Unknown flag `--module`.
Run `jixia -h` for further information.

ERROR:jixia.run:error while processing ('Mathlib', 'RingTheory', 'Valuation', 'RankOne'): Unknown flag `--module`.
Run `jixia -h` for further information.

ERROR:jixia.run:error while processing ('Mathlib', 'FieldTheory', 'SeparableDegree'): Unknown flag `--module`.
Run `jixia -h` for further information.

ERROR:jixia.run:error while processing ('Mathlib', 'FieldTheory', 'AxGrothendieck'): Unknown flag `--module`.
Run `jixia -h` for further information.

ERROR:jixia.run:error while processing ('Mathlib', 'FieldTheory', 'Fixed'): Unknown flag `--module`.
Run `jixia -h` for further information.

ERROR:jixia.run:error while processing ('Mathlib', 'FieldTheory', 'Cardinality'): Unknown flag `--module`.
Run `jixia -h` for further information.

ERROR:jixia.run:error while processing ('Mathlib', 'FieldTheory', 'SplittingField', 'IsSplittingField'): Unknown flag `--module`.
Run `jixia -h` for further information.

ERROR:jixia.run:error while processing ('Mathlib', 'FieldTheory', 'KummerExtension'): Unknown flag `--module`.
Run `jixia -h` for further information.

ERROR:jixia.run:error while processing ('Mathlib', 'FieldTheory', 'Finite', 'Basic'): Unknown flag `--module`.
Run `jixia -h` for further information.

ERROR:jixia.run:error while processing ('Mathlib', 'RingTheory', 'FractionalIdeal', 'Norm'): Unknown flag `--module`.
Run `jixia -h` for further information.

ERROR:jixia.run:error while processing ('Mathlib', 'FieldTheory', 'IsPerfectClosure'): Unknown flag `--module`.
Run `jixia -h` for further information.

ERROR:jixia.run:error while processing ('Mathlib', 'FieldTheory', 'Minpoly', 'Basic'): Unknown flag `--module`.
Run `jixia -h` for further information.

ERROR:jixia.run:error while processing ('Mathlib', 'FieldTheory', 'IsAlgClosed', 'Classification'): Unknown flag `--module`.
Run `jixia -h` for further information.

ERROR:jixia.run:error while processing ('Mathlib', 'FieldTheory', 'PolynomialGaloisGroup'): Unknown flag `--module`.
Run `jixia -h` for further information.

ERROR:jixia.run:error while processing ('Mathlib', 'FieldTheory', 'Separable'): Unknown flag `--module`.
Run `jixia -h` for further information.

ERROR:jixia.run:error while processing ('Mathlib', 'FieldTheory', 'Minpoly', 'MinpolyDiv'): Unknown flag `--module`.
Run `jixia -h` for further information.

ERROR:jixia.run:error while processing ('Mathlib', 'Geometry', 'Euclidean', 'PerpBisector'): Unknown flag `--module`.
Run `jixia -h` for further information.

ERROR:jixia.run:error while processing ('Mathlib', 'FieldTheory', 'Minpoly', 'Field'): Unknown flag `--module`.
Run `jixia -h` for further information.

ERROR:jixia.run:error while processing ('Mathlib', 'FieldTheory', 'Galois'): Unknown flag `--module`.
Run `jixia -h` for further information.

ERROR:jixia.run:error while processing ('Mathlib', 'FieldTheory', 'Finite', 'GaloisField'): Unknown flag `--module`.
Run `jixia -h` for further information.

ERROR:jixia.run:error while processing ('Mathlib', 'Geometry', 'Euclidean', 'MongePoint'): Unknown flag `--module`.
Run `jixia -h` for further information.

ERROR:jixia.run:error while processing ('Mathlib', 'Geometry', 'Euclidean', 'Circumcenter'): Unknown flag `--module`.
Run `jixia -h` for further information.

ERROR:jixia.run:error while processing ('Mathlib', 'Geometry', 'Euclidean', 'Triangle'): Unknown flag `--module`.
Run `jixia -h` for further information.

ERROR:jixia.run:error while processing ('Mathlib', 'FieldTheory', 'RatFunc', 'Basic'): Unknown flag `--module`.
Run `jixia -h` for further information.

ERROR:jixia.run:error while processing ('Mathlib', 'Geometry', 'Euclidean', 'Inversion', 'Basic'): Unknown flag `--module`.
Run `jixia -h` for further information.

ERROR:jixia.run:error while processing ('Mathlib', 'Geometry', 'Euclidean', 'Sphere', 'Power'): Unknown flag `--module`.
Run `jixia -h` for further information.

ERROR:jixia.run:error while processing ('Mathlib', 'Geometry', 'Euclidean', 'Sphere', 'Ptolemy'): Unknown flag `--module`.
Run `jixia -h` for further information.

ERROR:jixia.run:error while processing ('Mathlib', 'Geometry', 'Euclidean', 'Inversion', 'ImageHyperplane'): Unknown flag `--module`.
Run `jixia -h` for further information.

ERROR:jixia.run:error while processing ('Mathlib', 'Geometry', 'Euclidean', 'Basic'): Unknown flag `--module`.
Run `jixia -h` for further information.

ERROR:jixia.run:error while processing ('Mathlib', 'Geometry', 'Euclidean', 'Angle', 'Oriented', 'Rotation'): Unknown flag `--module`.
Run `jixia -h` for further information.

ERROR:jixia.run:error while processing ('Mathlib', 'Geometry', 'Euclidean', 'Angle', 'Oriented', 'Basic'): Unknown flag `--module`.
Run `jixia -h` for further information.

ERROR:jixia.run:error while processing ('Mathlib', 'Geometry', 'Euclidean', 'Sphere', 'SecondInter'): Unknown flag `--module`.
Run `jixia -h` for further information.

ERROR:jixia.run:error while processing ('Mathlib', 'Geometry', 'Euclidean', 'Angle', 'Unoriented', 'RightAngle'): Unknown flag `--module`.
Run `jixia -h` for further information.

ERROR:jixia.run:error while processing ('Mathlib', 'Geometry', 'Manifold', 'ConformalGroupoid'): Unknown flag `--module`.
Run `jixia -h` for further information.

ERROR:jixia.run:error while processing ('Mathlib', 'Geometry', 'Euclidean', 'Inversion', 'Calculus'): Unknown flag `--module`.
Run `jixia -h` for further information.

ERROR:jixia.run:error while processing ('Mathlib', 'Geometry', 'Euclidean', 'Sphere', 'Basic'): Unknown flag `--module`.
Run `jixia -h` for further information.

ERROR:jixia.run:error while processing ('Mathlib', 'Geometry', 'Manifold', 'InteriorBoundary'): Unknown flag `--module`.
Run `jixia -h` for further information.

ERROR:jixia.run:error while processing ('Mathlib', 'Geometry', 'Manifold', 'IntegralCurve'): Unknown flag `--module`.
Run `jixia -h` for further information.

ERROR:jixia.run:error while processing ('Mathlib', 'Geometry', 'Euclidean', 'Angle', 'Unoriented', 'Basic'): Unknown flag `--module`.
Run `jixia -h` for further information.

ERROR:jixia.run:error while processing ('Mathlib', 'Geometry', 'Manifold', 'ContMDiffMFDeriv'): Unknown flag `--module`.
Run `jixia -h` for further information.

ERROR:jixia.run:error while processing ('Mathlib', 'Geometry', 'Euclidean', 'Angle', 'Oriented', 'RightAngle'): Unknown flag `--module`.
Run `jixia -h` for further information.

ERROR:jixia.run:error while processing ('Mathlib', 'Geometry', 'Manifold', 'LocalDiffeomorph'): Unknown flag `--module`.
Run `jixia -h` for further information.

ERROR:jixia.run:error while processing ('Mathlib', 'Geometry', 'Euclidean', 'Angle', 'Unoriented', 'Affine'): Unknown flag `--module`.
Run `jixia -h` for further information.

ERROR:jixia.run:error while processing ('Mathlib', 'Geometry', 'Euclidean', 'Angle', 'Unoriented', 'Conformal'): Unknown flag `--module`.
Run `jixia -h` for further information.

ERROR:jixia.run:error while processing ('Mathlib', 'Geometry', 'Euclidean', 'Angle', 'Sphere'): Unknown flag `--module`.
Run `jixia -h` for further information.

ERROR:jixia.run:error while processing ('Mathlib', 'Geometry', 'Euclidean', 'Angle', 'Oriented', 'Affine'): Unknown flag `--module`.
Run `jixia -h` for further information.

ERROR:jixia.run:error while processing ('Mathlib', 'Geometry', 'Manifold', 'WhitneyEmbedding'): Unknown flag `--module`.
Run `jixia -h` for further information.

ERROR:jixia.run:error while processing ('Mathlib', 'Geometry', 'Manifold', 'BumpFunction'): Unknown flag `--module`.
Run `jixia -h` for further information.

ERROR:jixia.run:error while processing ('Mathlib', 'Geometry', 'Manifold', 'Complex'): Unknown flag `--module`.
Run `jixia -h` for further information.

ERROR:jixia.run:error while processing ('Mathlib', 'Geometry', 'Manifold', 'Metrizable'): Unknown flag `--module`.
Run `jixia -h` for further information.

ERROR:jixia.run:error while processing ('Mathlib', 'Geometry', 'Manifold', 'Diffeomorph'): Unknown flag `--module`.
Run `jixia -h` for further information.

ERROR:jixia.run:error while processing ('Mathlib', 'Geometry', 'Manifold', 'Algebra', 'LieGroup'): Unknown flag `--module`.
Run `jixia -h` for further information.

ERROR:jixia.run:error while processing ('Mathlib', 'Geometry', 'Manifold', 'AnalyticManifold'): Unknown flag `--module`.
Run `jixia -h` for further information.

ERROR:jixia.run:error while processing ('Mathlib', 'Geometry', 'Manifold', 'DerivationBundle'): Unknown flag `--module`.
Run `jixia -h` for further information.

ERROR:jixia.run:error while processing ('Mathlib', 'Geometry', 'Manifold', 'ChartedSpace'): Unknown flag `--module`.
Run `jixia -h` for further information.

ERROR:jixia.run:error while processing ('Mathlib', 'Geometry', 'Manifold', 'ContMDiffMap'): Unknown flag `--module`.
Run `jixia -h` for further information.

ERROR:jixia.run:error while processing ('Mathlib', 'Geometry', 'Manifold', 'LocalInvariantProperties'): Unknown flag `--module`.
Run `jixia -h` for further information.

ERROR:jixia.run:error while processing ('Mathlib', 'Geometry', 'Manifold', 'Algebra', 'Structures'): Unknown flag `--module`.
Run `jixia -h` for further information.

ERROR:jixia.run:error while processing ('Mathlib', 'Geometry', 'Manifold', 'SmoothManifoldWithCorners'): Unknown flag `--module`.
Run `jixia -h` for further information.

ERROR:jixia.run:error while processing ('Mathlib', 'Geometry', 'Manifold', 'Algebra', 'SmoothFunctions'): Unknown flag `--module`.
Run `jixia -h` for further information.

ERROR:jixia.run:error while processing ('Mathlib', 'Geometry', 'Manifold', 'ContMDiff', 'Defs'): Unknown flag `--module`.
Run `jixia -h` for further information.

ERROR:jixia.run:error while processing ('Mathlib', 'Geometry', 'Manifold', 'MFDeriv', 'FDeriv'): Unknown flag `--module`.
Run `jixia -h` for further information.

ERROR:jixia.run:error while processing ('Mathlib', 'Geometry', 'Manifold', 'Sheaf', 'LocallyRingedSpace'): Unknown flag `--module`.
Run `jixia -h` for further information.

ERROR:jixia.run:error while processing ('Mathlib', 'Geometry', 'Manifold', 'Instances', 'Real'): Unknown flag `--module`.
Run `jixia -h` for further information.

ERROR:jixia.run:error while processing ('Mathlib', 'Geometry', 'Manifold', 'MFDeriv', 'Defs'): Unknown flag `--module`.
Run `jixia -h` for further information.

ERROR:jixia.run:error while processing ('Mathlib', 'Geometry', 'Manifold', 'PartitionOfUnity'): Unknown flag `--module`.
Run `jixia -h` for further information.

ERROR:jixia.run:error while processing ('Mathlib', 'Geometry', 'Manifold', 'VectorBundle', 'FiberwiseLinear'): Unknown flag `--module`.
Run `jixia -h` for further information.

ERROR:jixia.run:error while processing ('Mathlib', 'Geometry', 'RingedSpace', 'PresheafedSpace', 'Gluing'): Unknown flag `--module`.
Run `jixia -h` for further information.

ERROR:jixia.run:error while processing ('Mathlib', 'Geometry', 'Manifold', 'Algebra', 'Monoid'): Unknown flag `--module`.
Run `jixia -h` for further information.

ERROR:jixia.run:error while processing ('Mathlib', 'Geometry', 'RingedSpace', 'PresheafedSpace', 'HasColimits'): Unknown flag `--module`.
Run `jixia -h` for further information.

ERROR:jixia.run:error while processing ('Mathlib', 'Geometry', 'Manifold', 'VectorBundle', 'SmoothSection'): Unknown flag `--module`.
Run `jixia -h` for further information.

ERROR:jixia.run:error while processing ('Mathlib', 'Geometry', 'Manifold', 'Sheaf', 'Basic'): Unknown flag `--module`.
Run `jixia -h` for further information.

ERROR:jixia.run:error while processing ('Mathlib', 'Geometry', 'Manifold', 'VectorBundle', 'Basic'): Unknown flag `--module`.
Run `jixia -h` for further information.

ERROR:jixia.run:error while processing ('Mathlib', 'Probability', 'ConditionalExpectation'): Unknown flag `--module`.
Run `jixia -h` for further information.

ERROR:jixia.run:error while processing ('Mathlib', 'Geometry', 'RingedSpace', 'LocallyRingedSpace', 'HasColimits'): Unknown flag `--module`.
Run `jixia -h` for further information.

ERROR:jixia.run:error while processing ('Mathlib', 'InformationTheory', 'Hamming'): Unknown flag `--module`.
Run `jixia -h` for further information.

ERROR:jixia.run:error while processing ('Mathlib', 'Testing', 'SlimCheck', 'Gen'): Unknown flag `--module`.
Run `jixia -h` for further information.

ERROR:jixia.run:error while processing ('Mathlib', 'Geometry', 'RingedSpace', 'Basic'): Unknown flag `--module`.
Run `jixia -h` for further information.

ERROR:jixia.run:error while processing ('Mathlib', 'Geometry', 'RingedSpace', 'LocallyRingedSpace'): Unknown flag `--module`.
Run `jixia -h` for further information.

ERROR:jixia.run:error while processing ('Mathlib', 'Geometry', 'Manifold', 'Algebra', 'LeftInvariantDerivation'): Unknown flag `--module`.
Run `jixia -h` for further information.

ERROR:jixia.run:error while processing ('Mathlib', 'Geometry', 'Manifold', 'Sheaf', 'Smooth'): Unknown flag `--module`.
Run `jixia -h` for further information.

ERROR:jixia.run:error while processing ('Mathlib', 'Probability', 'Density'): Unknown flag `--module`.
Run `jixia -h` for further information.

ERROR:jixia.run:error while processing ('Mathlib', 'Geometry', 'Manifold', 'VectorBundle', 'Hom'): Unknown flag `--module`.
Run `jixia -h` for further information.

ERROR:jixia.run:error while processing ('Mathlib', 'Probability', 'Moments'): Unknown flag `--module`.
Run `jixia -h` for further information.

ERROR:jixia.run:error while processing ('Mathlib', 'Geometry', 'RingedSpace', 'Stalks'): Unknown flag `--module`.
Run `jixia -h` for further information.

ERROR:jixia.run:error while processing ('Mathlib', 'Geometry', 'Manifold', 'Instances', 'Sphere'): Unknown flag `--module`.
Run `jixia -h` for further information.

ERROR:jixia.run:error while processing ('Mathlib', 'Geometry', 'Manifold', 'MFDeriv', 'Atlas'): Unknown flag `--module`.
Run `jixia -h` for further information.

ERROR:jixia.run:error while processing ('Mathlib', 'Probability', 'ConditionalProbability'): Unknown flag `--module`.
Run `jixia -h` for further information.

ERROR:jixia.run:error while processing ('Mathlib', 'Testing', 'SlimCheck', 'Testable'): Unknown flag `--module`.
Run `jixia -h` for further information.

ERROR:jixia.run:error while processing ('Mathlib', 'Geometry', 'Manifold', 'VectorBundle', 'Pullback'): Unknown flag `--module`.
Run `jixia -h` for further information.

ERROR:jixia.run:error while processing ('Mathlib', 'Geometry', 'Manifold', 'MFDeriv', 'SpecificFunctions'): Unknown flag `--module`.
Run `jixia -h` for further information.

ERROR:jixia.run:error while processing ('Mathlib', 'Geometry', 'Manifold', 'ContMDiff', 'Product'): Unknown flag `--module`.
Run `jixia -h` for further information.

ERROR:jixia.run:error while processing ('Mathlib', 'Testing', 'SlimCheck', 'Functions'): Unknown flag `--module`.
Run `jixia -h` for further information.

ERROR:jixia.run:error while processing ('Mathlib', 'Probability', 'Cdf'): Unknown flag `--module`.
Run `jixia -h` for further information.

ERROR:jixia.run:error while processing ('Mathlib', 'Geometry', 'Manifold', 'VectorBundle', 'Tangent'): Unknown flag `--module`.
Run `jixia -h` for further information.

ERROR:jixia.run:error while processing ('Mathlib', 'Geometry', 'Manifold', 'MFDeriv', 'Basic'): Unknown flag `--module`.
Run `jixia -h` for further information.

ERROR:jixia.run:error while processing ('Mathlib', 'Geometry', 'Manifold', 'ContMDiff', 'Atlas'): Unknown flag `--module`.
Run `jixia -h` for further information.

ERROR:jixia.run:error while processing ('Mathlib', 'Geometry', 'Manifold', 'ContMDiff', 'Basic'): Unknown flag `--module`.
Run `jixia -h` for further information.

ERROR:jixia.run:error while processing ('Mathlib', 'Geometry', 'RingedSpace', 'PresheafedSpace'): Unknown flag `--module`.
Run `jixia -h` for further information.

ERROR:jixia.run:error while processing ('Mathlib', 'Probability', 'IdentDistrib'): Unknown flag `--module`.
Run `jixia -h` for further information.

ERROR:jixia.run:error while processing ('Mathlib', 'Probability', 'Kernel', 'Disintegration', 'Integral'): Unknown flag `--module`.
Run `jixia -h` for further information.

ERROR:jixia.run:error while processing ('Mathlib', 'Probability', 'StrongLaw'): Unknown flag `--module`.
Run `jixia -h` for further information.

ERROR:jixia.run:error while processing ('Mathlib', 'Probability', 'Variance'): Unknown flag `--module`.
Run `jixia -h` for further information.

ERROR:jixia.run:error while processing ('Mathlib', 'Probability', 'Kernel', 'Disintegration', 'MeasurableStieltjes'): Unknown flag `--module`.
Run `jixia -h` for further information.

ERROR:jixia.run:error while processing ('Mathlib', 'Geometry', 'Manifold', 'MFDeriv', 'UniqueDifferential'): Unknown flag `--module`.
Run `jixia -h` for further information.

ERROR:jixia.run:error while processing ('Mathlib', 'Geometry', 'Manifold', 'ContMDiff', 'NormedSpace'): Unknown flag `--module`.
Run `jixia -h` for further information.

ERROR:jixia.run:error while processing ('Mathlib', 'Probability', 'Integration'): Unknown flag `--module`.
Run `jixia -h` for further information.

ERROR:jixia.run:error while processing ('Mathlib', 'Probability', 'Notation'): Unknown flag `--module`.
Run `jixia -h` for further information.

ERROR:jixia.run:error while processing ('Mathlib', 'Probability', 'Martingale', 'Basic'): Unknown flag `--module`.
Run `jixia -h` for further information.

ERROR:jixia.run:error while processing ('Mathlib', 'Probability', 'Martingale', 'Upcrossing'): Unknown flag `--module`.
Run `jixia -h` for further information.

ERROR:jixia.run:error while processing ('Mathlib', 'Geometry', 'RingedSpace', 'OpenImmersion'): Unknown flag `--module`.
Run `jixia -h` for further information.

ERROR:jixia.run:error while processing ('Mathlib', 'Probability', 'Kernel', 'Condexp'): Unknown flag `--module`.
Run `jixia -h` for further information.

ERROR:jixia.run:error while processing ('Mathlib', 'Probability', 'BorelCantelli'): Unknown flag `--module`.
Run `jixia -h` for further information.

ERROR:jixia.run:error while processing ('Mathlib', 'Geometry', 'Manifold', 'Instances', 'UnitsOfNormedAlgebra'): Unknown flag `--module`.
Run `jixia -h` for further information.

ERROR:jixia.run:error while processing ('Mathlib', 'Probability', 'Kernel', 'Disintegration', 'CdfToKernel'): Unknown flag `--module`.
Run `jixia -h` for further information.

ERROR:jixia.run:error while processing ('Mathlib', 'Testing', 'SlimCheck', 'Sampleable'): Unknown flag `--module`.
Run `jixia -h` for further information.

ERROR:jixia.run:error while processing ('Mathlib', 'Probability', 'Martingale', 'Centering'): Unknown flag `--module`.
Run `jixia -h` for further information.

ERROR:jixia.run:error while processing ('Mathlib', 'Geometry', 'RingedSpace', 'SheafedSpace'): Unknown flag `--module`.
Run `jixia -h` for further information.

ERROR:jixia.run:error while processing ('Mathlib', 'Probability', 'Kernel', 'RadonNikodym'): Unknown flag `--module`.
Run `jixia -h` for further information.

ERROR:jixia.run:error while processing ('Mathlib', 'Probability', 'CondCount'): Unknown flag `--module`.
Run `jixia -h` for further information.

ERROR:jixia.run:error while processing ('Mathlib', 'Probability', 'Kernel', 'Basic'): Unknown flag `--module`.
Run `jixia -h` for further information.

ERROR:jixia.run:error while processing ('Mathlib', 'Probability', 'Kernel', 'MeasurableIntegral'): Unknown flag `--module`.
Run `jixia -h` for further information.

ERROR:jixia.run:error while processing ('Mathlib', 'Probability', 'Kernel', 'MeasureCompProd'): Unknown flag `--module`.
Run `jixia -h` for further information.

ERROR:jixia.run:error while processing ('Mathlib', 'Probability', 'Kernel', 'WithDensity'): Unknown flag `--module`.
Run `jixia -h` for further information.

ERROR:jixia.run:error while processing ('Mathlib', 'Probability', 'Kernel', 'Invariance'): Unknown flag `--module`.
Run `jixia -h` for further information.

ERROR:jixia.run:error while processing ('Mathlib', 'Probability', 'Kernel', 'CondDistrib'): Unknown flag `--module`.
Run `jixia -h` for further information.

ERROR:jixia.run:error while processing ('Mathlib', 'Probability', 'Kernel', 'Disintegration', 'Density'): Unknown flag `--module`.
Run `jixia -h` for further information.

ERROR:jixia.run:error while processing ('Mathlib', 'Probability', 'Kernel', 'Disintegration', 'Unique'): Unknown flag `--module`.
Run `jixia -h` for further information.

ERROR:jixia.run:error while processing ('Mathlib', 'Probability', 'Kernel', 'Disintegration', 'CondCdf'): Unknown flag `--module`.
Run `jixia -h` for further information.

ERROR:jixia.run:error while processing ('Mathlib', 'Probability', 'Kernel', 'Composition'): Unknown flag `--module`.
Run `jixia -h` for further information.

ERROR:jixia.run:error while processing ('Mathlib', 'Probability', 'Process', 'Adapted'): Unknown flag `--module`.
Run `jixia -h` for further information.

ERROR:jixia.run:error while processing ('Mathlib', 'Probability', 'Kernel', 'IntegralCompProd'): Unknown flag `--module`.
Run `jixia -h` for further information.

ERROR:jixia.run:error while processing ('Mathlib', 'Probability', 'Kernel', 'Disintegration', 'Basic'): Unknown flag `--module`.
Run `jixia -h` for further information.

ERROR:jixia.run:error while processing ('Mathlib', 'Probability', 'Martingale', 'BorelCantelli'): Unknown flag `--module`.
Run `jixia -h` for further information.

ERROR:jixia.run:error while processing ('Mathlib', 'Probability', 'Martingale', 'OptionalSampling'): Unknown flag `--module`.
Run `jixia -h` for further information.

ERROR:jixia.run:error while processing ('Mathlib', 'Probability', 'Process', 'Filtration'): Unknown flag `--module`.
Run `jixia -h` for further information.

ERROR:jixia.run:error while processing ('Mathlib', 'Probability', 'Martingale', 'OptionalStopping'): Unknown flag `--module`.
Run `jixia -h` for further information.

ERROR:jixia.run:error while processing ('Mathlib', 'Probability', 'Distributions', 'Geometric'): Unknown flag `--module`.
Run `jixia -h` for further information.

ERROR:jixia.run:error while processing ('Mathlib', 'Probability', 'Process', 'Stopping'): Unknown flag `--module`.
Run `jixia -h` for further information.

ERROR:jixia.run:error while processing ('Mathlib', 'Probability', 'Distributions', 'Uniform'): Unknown flag `--module`.
Run `jixia -h` for further information.

ERROR:jixia.run:error while processing ('Mathlib', 'Probability', 'Distributions', 'Gaussian'): Unknown flag `--module`.
Run `jixia -h` for further information.

ERROR:jixia.run:error while processing ('Mathlib', 'Probability', 'Martingale', 'Convergence'): Unknown flag `--module`.
Run `jixia -h` for further information.

ERROR:jixia.run:error while processing ('Mathlib', 'Probability', 'ProbabilityMassFunction', 'Constructions'): Unknown flag `--module`.
Run `jixia -h` for further information.

ERROR:jixia.run:error while processing ('Mathlib', 'Probability', 'ProbabilityMassFunction', 'Integrals'): Unknown flag `--module`.
Run `jixia -h` for further information.

ERROR:jixia.run:error while processing ('Mathlib', 'Probability', 'ProbabilityMassFunction', 'Monad'): Unknown flag `--module`.
Run `jixia -h` for further information.

ERROR:jixia.run:error while processing ('Mathlib', 'Probability', 'Process', 'PartitionFiltration'): Unknown flag `--module`.
Run `jixia -h` for further information.

ERROR:jixia.run:error while processing ('Mathlib', 'Probability', 'Distributions', 'Poisson'): Unknown flag `--module`.
Run `jixia -h` for further information.

ERROR:jixia.run:error while processing ('Mathlib', 'Probability', 'Distributions', 'Gamma'): Unknown flag `--module`.
Run `jixia -h` for further information.

ERROR:jixia.run:error while processing ('Mathlib', 'Probability', 'Independence', 'Basic'): Unknown flag `--module`.
Run `jixia -h` for further information.

ERROR:jixia.run:error while processing ('Mathlib', 'Probability', 'Distributions', 'Exponential'): Unknown flag `--module`.
Run `jixia -h` for further information.

ERROR:jixia.run:error while processing ('Mathlib', 'Probability', 'Independence', 'Kernel'): Unknown flag `--module`.
Run `jixia -h` for further information.

ERROR:jixia.run:error while processing ('Mathlib', 'Probability', 'Process', 'HittingTime'): Unknown flag `--module`.
Run `jixia -h` for further information.

ERROR:jixia.run:error while processing ('Mathlib', 'Probability', 'Independence', 'ZeroOne'): Unknown flag `--module`.
Run `jixia -h` for further information.

ERROR:jixia.run:error while processing ('Mathlib', 'Probability', 'ProbabilityMassFunction', 'Basic'): Unknown flag `--module`.
Run `jixia -h` for further information.

ERROR:jixia.run:error while processing ('Mathlib', 'Order', 'Iterate'): Unknown flag `--module`.
Run `jixia -h` for further information.

ERROR:jixia.run:error while processing ('Mathlib', 'Probability', 'ProbabilityMassFunction', 'Binomial'): Unknown flag `--module`.
Run `jixia -h` for further information.

ERROR:jixia.run:error while processing ('Mathlib', 'Order', 'RelSeries'): Unknown flag `--module`.
Run `jixia -h` for further information.

ERROR:jixia.run:error while processing ('Mathlib', 'Order', 'GameAdd'): Unknown flag `--module`.
Run `jixia -h` for further information.

ERROR:jixia.run:error while processing ('Mathlib', 'Probability', 'Independence', 'Conditional'): Unknown flag `--module`.
Run `jixia -h` for further information.

ERROR:jixia.run:error while processing ('Mathlib', 'Order', 'Disjointed'): Unknown flag `--module`.
Run `jixia -h` for further information.

ERROR:jixia.run:error while processing ('Mathlib', 'Order', 'CompleteBooleanAlgebra'): Unknown flag `--module`.
Run `jixia -h` for further information.

ERROR:jixia.run:error while processing ('Mathlib', 'Order', 'ULift'): Unknown flag `--module`.
Run `jixia -h` for further information.

ERROR:jixia.run:error while processing ('Mathlib', 'Order', 'PrimeIdeal'): Unknown flag `--module`.
Run `jixia -h` for further information.

ERROR:jixia.run:error while processing ('Mathlib', 'Order', 'CountableDenseLinearOrder'): Unknown flag `--module`.
Run `jixia -h` for further information.

ERROR:jixia.run:error while processing ('Mathlib', 'Order', 'Concept'): Unknown flag `--module`.
Run `jixia -h` for further information.

ERROR:jixia.run:error while processing ('Mathlib', 'Order', 'Antisymmetrization'): Unknown flag `--module`.
Run `jixia -h` for further information.

ERROR:jixia.run:error while processing ('Mathlib', 'Order', 'ModularLattice'): Unknown flag `--module`.
Run `jixia -h` for further information.

ERROR:jixia.run:error while processing ('Mathlib', 'Order', 'OrderIsoNat'): Unknown flag `--module`.
Run `jixia -h` for further information.

ERROR:jixia.run:error while processing ('Mathlib', 'Order', 'Radical'): Unknown flag `--module`.
Run `jixia -h` for further information.

ERROR:jixia.run:error while processing ('Mathlib', 'Order', 'Max'): Unknown flag `--module`.
Run `jixia -h` for further information.

ERROR:jixia.run:error while processing ('Mathlib', 'Order', 'KrullDimension'): Unknown flag `--module`.
Run `jixia -h` for further information.

ERROR:jixia.run:error while processing ('Mathlib', 'Order', 'ZornAtoms'): Unknown flag `--module`.
Run `jixia -h` for further information.

ERROR:jixia.run:error while processing ('Mathlib', 'Order', 'OmegaCompletePartialOrder'): Unknown flag `--module`.
Run `jixia -h` for further information.

ERROR:jixia.run:error while processing ('Mathlib', 'Order', 'LatticeIntervals'): Unknown flag `--module`.
Run `jixia -h` for further information.

ERROR:jixia.run:error while processing ('Mathlib', 'Order', 'Grade'): Unknown flag `--module`.
Run `jixia -h` for further information.

ERROR:jixia.run:error while processing ('Mathlib', 'Order', 'Booleanisation'): Unknown flag `--module`.
Run `jixia -h` for further information.

ERROR:jixia.run:error while processing ('Mathlib', 'Order', 'SymmDiff'): Unknown flag `--module`.
Run `jixia -h` for further information.

ERROR:jixia.run:error while processing ('Mathlib', 'Order', 'SupClosed'): Unknown flag `--module`.
Run `jixia -h` for further information.

ERROR:jixia.run:error while processing ('Mathlib', 'Order', 'Height'): Unknown flag `--module`.
Run `jixia -h` for further information.

ERROR:jixia.run:error while processing ('Mathlib', 'Order', 'PiLex'): Unknown flag `--module`.
Run `jixia -h` for further information.

ERROR:jixia.run:error while processing ('Mathlib', 'Order', 'Copy'): Unknown flag `--module`.
Run `jixia -h` for further information.

ERROR:jixia.run:error while processing ('Mathlib', 'Order', 'BooleanAlgebra'): Unknown flag `--module`.
Run `jixia -h` for further information.

ERROR:jixia.run:error while processing ('Mathlib', 'Order', 'Chain'): Unknown flag `--module`.
Run `jixia -h` for further information.

ERROR:jixia.run:error while processing ('Mathlib', 'Order', 'Antichain'): Unknown flag `--module`.
Run `jixia -h` for further information.

ERROR:jixia.run:error while processing ('Mathlib', 'Order', 'InitialSeg'): Unknown flag `--module`.
Run `jixia -h` for further information.

ERROR:jixia.run:error while processing ('Mathlib', 'Order', 'Sublattice'): Unknown flag `--module`.
Run `jixia -h` for further information.

ERROR:jixia.run:error while processing ('Mathlib', 'Order', 'CompleteLattice'): Unknown flag `--module`.
Run `jixia -h` for further information.

ERROR:jixia.run:error while processing ('Mathlib', 'Order', 'Birkhoff'): Unknown flag `--module`.
Run `jixia -h` for further information.

ERROR:jixia.run:error while processing ('Mathlib', 'Order', 'Notation'): Unknown flag `--module`.
Run `jixia -h` for further information.

ERROR:jixia.run:error while processing ('Mathlib', 'Order', 'Estimator'): Unknown flag `--module`.
Run `jixia -h` for further information.

ERROR:jixia.run:error while processing ('Mathlib', 'Order', 'CompleteSublattice'): Unknown flag `--module`.
Run `jixia -h` for further information.

ERROR:jixia.run:error while processing ('Mathlib', 'Order', 'PropInstances'): Unknown flag `--module`.
Run `jixia -h` for further information.

ERROR:jixia.run:error while processing ('Mathlib', 'Order', 'JordanHolder'): Unknown flag `--module`.
Run `jixia -h` for further information.

ERROR:jixia.run:error while processing ('Mathlib', 'Order', 'WellFoundedSet'): Unknown flag `--module`.
Run `jixia -h` for further information.

ERROR:jixia.run:error while processing ('Mathlib', 'Order', 'Directed'): Unknown flag `--module`.
Run `jixia -h` for further information.

ERROR:jixia.run:error while processing ('Mathlib', 'Order', 'OrdContinuous'): Unknown flag `--module`.
Run `jixia -h` for further information.

ERROR:jixia.run:error while processing ('Mathlib', 'Order', 'RelClasses'): Unknown flag `--module`.
Run `jixia -h` for further information.

ERROR:jixia.run:error while processing ('Mathlib', 'Order', 'WithBot'): Unknown flag `--module`.
Run `jixia -h` for further information.

ERROR:jixia.run:error while processing ('Mathlib', 'Order', 'IsWellOrderLimitElement'): Unknown flag `--module`.
Run `jixia -h` for further information.

ERROR:jixia.run:error while processing ('Mathlib', 'Order', 'Zorn'): Unknown flag `--module`.
Run `jixia -h` for further information.

ERROR:jixia.run:error while processing ('Mathlib', 'Order', 'PFilter'): Unknown flag `--module`.
Run `jixia -h` for further information.

ERROR:jixia.run:error while processing ('Mathlib', 'Order', 'Circular'): Unknown flag `--module`.
Run `jixia -h` for further information.

ERROR:jixia.run:error while processing ('Mathlib', 'Order', 'Minimal'): Unknown flag `--module`.
Run `jixia -h` for further information.

ERROR:jixia.run:error while processing ('Mathlib', 'Order', 'PrimeSeparator'): Unknown flag `--module`.
Run `jixia -h` for further information.

ERROR:jixia.run:error while processing ('Mathlib', 'Order', 'Cover'): Unknown flag `--module`.
Run `jixia -h` for further information.

ERROR:jixia.run:error while processing ('Mathlib', 'Order', 'PartialSups'): Unknown flag `--module`.
Run `jixia -h` for further information.

ERROR:jixia.run:error while processing ('Mathlib', 'Order', 'Atoms'): Unknown flag `--module`.
Run `jixia -h` for further information.

ERROR:jixia.run:error while processing ('Mathlib', 'Order', 'Fin'): Unknown flag `--module`.
Run `jixia -h` for further information.

ERROR:jixia.run:error while processing ('Mathlib', 'Order', 'Bounded'): Unknown flag `--module`.
Run `jixia -h` for further information.

ERROR:jixia.run:error while processing ('Mathlib', 'Order', 'Ideal'): Unknown flag `--module`.
Run `jixia -h` for further information.

ERROR:jixia.run:error while processing ('Mathlib', 'Order', 'SupIndep'): Unknown flag `--module`.
Run `jixia -h` for further information.

ERROR:jixia.run:error while processing ('Mathlib', 'Order', 'LiminfLimsup'): Unknown flag `--module`.
Run `jixia -h` for further information.

ERROR:jixia.run:error while processing ('Mathlib', 'Order', 'MinMax'): Unknown flag `--module`.
Run `jixia -h` for further information.

ERROR:jixia.run:error while processing ('Mathlib', 'Order', 'FixedPoints'): Unknown flag `--module`.
Run `jixia -h` for further information.

ERROR:jixia.run:error while processing ('Mathlib', 'Order', 'Basic'): Unknown flag `--module`.
Run `jixia -h` for further information.

ERROR:jixia.run:error while processing ('Mathlib', 'Order', 'GaloisConnection'): Unknown flag `--module`.
Run `jixia -h` for further information.

ERROR:jixia.run:error while processing ('Mathlib', 'Order', 'WellFounded'): Unknown flag `--module`.
Run `jixia -h` for further information.

ERROR:jixia.run:error while processing ('Mathlib', 'Order', 'Nat'): Unknown flag `--module`.
Run `jixia -h` for further information.

ERROR:jixia.run:error while processing ('Mathlib', 'Order', 'Disjoint'): Unknown flag `--module`.
Run `jixia -h` for further information.

ERROR:jixia.run:error while processing ('Mathlib', 'Order', 'BoundedOrder'): Unknown flag `--module`.
Run `jixia -h` for further information.

ERROR:jixia.run:error while processing ('Mathlib', 'Order', 'Category', 'BoolAlg'): Unknown flag `--module`.
Run `jixia -h` for further information.

ERROR:jixia.run:error while processing ('Mathlib', 'Order', 'Irreducible'): Unknown flag `--module`.
Run `jixia -h` for further information.

ERROR:jixia.run:error while processing ('Mathlib', 'Order', 'SemiconjSup'): Unknown flag `--module`.
Run `jixia -h` for further information.

ERROR:jixia.run:error while processing ('Mathlib', 'Order', 'Closure'): Unknown flag `--module`.
Run `jixia -h` for further information.

ERROR:jixia.run:error while processing ('Mathlib', 'Order', 'Category', 'FinBddDistLat'): Unknown flag `--module`.
Run `jixia -h` for further information.

ERROR:jixia.run:error while processing ('Mathlib', 'Order', 'Category', 'FinBoolAlg'): Unknown flag `--module`.
Run `jixia -h` for further information.

ERROR:jixia.run:error while processing ('Mathlib', 'Order', 'Compare'): Unknown flag `--module`.
Run `jixia -h` for further information.

ERROR:jixia.run:error while processing ('Mathlib', 'Order', 'Lattice'): Unknown flag `--module`.
Run `jixia -h` for further information.

ERROR:jixia.run:error while processing ('Mathlib', 'Order', 'Category', 'Lat'): Unknown flag `--module`.
Run `jixia -h` for further information.

ERROR:jixia.run:error while processing ('Mathlib', 'Order', 'Category', 'HeytAlg'): Unknown flag `--module`.
Run `jixia -h` for further information.

ERROR:jixia.run:error while processing ('Mathlib', 'Order', 'SetNotation'): Unknown flag `--module`.
Run `jixia -h` for further information.

ERROR:jixia.run:error while processing ('Mathlib', 'Order', 'Synonym'): Unknown flag `--module`.
Run `jixia -h` for further information.

ERROR:jixia.run:error while processing ('Mathlib', 'Order', 'Category', 'OmegaCompletePartialOrder'): Unknown flag `--module`.
Run `jixia -h` for further information.

ERROR:jixia.run:error while processing ('Mathlib', 'Order', 'CompleteLatticeIntervals'): Unknown flag `--module`.
Run `jixia -h` for further information.

ERROR:jixia.run:error while processing ('Mathlib', 'Order', 'BooleanGenerators'): Unknown flag `--module`.
Run `jixia -h` for further information.

ERROR:jixia.run:error while processing ('Mathlib', 'Order', 'CompletePartialOrder'): Unknown flag `--module`.
Run `jixia -h` for further information.

ERROR:jixia.run:error while processing ('Mathlib', 'Order', 'Category', 'Preord'): Unknown flag `--module`.
Run `jixia -h` for further information.

ERROR:jixia.run:error while processing ('Mathlib', 'Order', 'Category', 'DistLat'): Unknown flag `--module`.
Run `jixia -h` for further information.

ERROR:jixia.run:error while processing ('Mathlib', 'Order', 'Category', 'Frm'): Unknown flag `--module`.
Run `jixia -h` for further information.

ERROR:jixia.run:error while processing ('Mathlib', 'Order', 'Category', 'LinOrd'): Unknown flag `--module`.
Run `jixia -h` for further information.

ERROR:jixia.run:error while processing ('Mathlib', 'Order', 'Category', 'Semilat'): Unknown flag `--module`.
Run `jixia -h` for further information.

ERROR:jixia.run:error while processing ('Mathlib', 'Order', 'Category', 'BddOrd'): Unknown flag `--module`.
Run `jixia -h` for further information.

ERROR:jixia.run:error while processing ('Mathlib', 'Order', 'Category', 'CompleteLat'): Unknown flag `--module`.
Run `jixia -h` for further information.

ERROR:jixia.run:error while processing ('Mathlib', 'Order', 'Category', 'PartOrd'): Unknown flag `--module`.
Run `jixia -h` for further information.

ERROR:jixia.run:error while processing ('Mathlib', 'Order', 'Category', 'FinPartOrd'): Unknown flag `--module`.
Run `jixia -h` for further information.

ERROR:jixia.run:error while processing ('Mathlib', 'Order', 'Category', 'BddDistLat'): Unknown flag `--module`.
Run `jixia -h` for further information.

ERROR:jixia.run:error while processing ('Mathlib', 'Order', 'Category', 'BddLat'): Unknown flag `--module`.
Run `jixia -h` for further information.

ERROR:jixia.run:error while processing ('Mathlib', 'Order', 'Category', 'NonemptyFinLinOrd'): Unknown flag `--module`.
Run `jixia -h` for further information.

ERROR:jixia.run:error while processing ('Mathlib', 'Order', 'Hom', 'Set'): Unknown flag `--module`.
Run `jixia -h` for further information.

ERROR:jixia.run:error while processing ('Mathlib', 'Order', 'Hom', 'Order'): Unknown flag `--module`.
Run `jixia -h` for further information.

ERROR:jixia.run:error while processing ('Mathlib', 'Order', 'ConditionallyCompleteLattice', 'Group'): Unknown flag `--module`.
Run `jixia -h` for further information.

ERROR:jixia.run:error while processing ('Mathlib', 'Order', 'Hom', 'Lattice'): Unknown flag `--module`.
Run `jixia -h` for further information.

ERROR:jixia.run:error while processing ('Mathlib', 'Order', 'ConditionallyCompleteLattice', 'Basic'): Unknown flag `--module`.
Run `jixia -h` for further information.

ERROR:jixia.run:error while processing ('Mathlib', 'Order', 'Hom', 'Bounded'): Unknown flag `--module`.
Run `jixia -h` for further information.

ERROR:jixia.run:error while processing ('Mathlib', 'Order', 'Hom', 'CompleteLattice'): Unknown flag `--module`.
Run `jixia -h` for further information.

ERROR:jixia.run:error while processing ('Mathlib', 'Order', 'Filter', 'CountableInter'): Unknown flag `--module`.
Run `jixia -h` for further information.

ERROR:jixia.run:error while processing ('Mathlib', 'Order', 'Filter', 'Archimedean'): Unknown flag `--module`.
Run `jixia -h` for further information.

ERROR:jixia.run:error while processing ('Mathlib', 'Order', 'Filter', 'Partial'): Unknown flag `--module`.
Run `jixia -h` for further information.

ERROR:jixia.run:error while processing ('Mathlib', 'Order', 'Hom', 'Basic'): Unknown flag `--module`.
Run `jixia -h` for further information.

ERROR:jixia.run:error while processing ('Mathlib', 'Order', 'Filter', 'Pointwise'): Unknown flag `--module`.
Run `jixia -h` for further information.

ERROR:jixia.run:error while processing ('Mathlib', 'Order', 'ConditionallyCompleteLattice', 'Finset'): Unknown flag `--module`.
Run `jixia -h` for further information.

ERROR:jixia.run:error while processing ('Mathlib', 'Order', 'Filter', 'Pi'): Unknown flag `--module`.
Run `jixia -h` for further information.

ERROR:jixia.run:error while processing ('Mathlib', 'Order', 'Filter', 'IndicatorFunction'): Unknown flag `--module`.
Run `jixia -h` for further information.

ERROR:jixia.run:error while processing ('Mathlib', 'Order', 'Filter', 'Interval'): Unknown flag `--module`.
Run `jixia -h` for further information.

ERROR:jixia.run:error while processing ('Mathlib', 'Order', 'Filter', 'Lift'): Unknown flag `--module`.
Run `jixia -h` for further information.

ERROR:jixia.run:error while processing ('Mathlib', 'Order', 'Filter', 'ZeroAndBoundedAtFilter'): Unknown flag `--module`.
Run `jixia -h` for further information.

ERROR:jixia.run:error while processing ('Mathlib', 'Order', 'Filter', 'ModEq'): Unknown flag `--module`.
Run `jixia -h` for further information.

ERROR:jixia.run:error while processing ('Mathlib', 'Order', 'Filter', 'Germ'): Unknown flag `--module`.
Run `jixia -h` for further information.

ERROR:jixia.run:error while processing ('Mathlib', 'Order', 'Filter', 'Ker'): Unknown flag `--module`.
Run `jixia -h` for further information.

ERROR:jixia.run:error while processing ('Mathlib', 'Order', 'Filter', 'Cofinite'): Unknown flag `--module`.
Run `jixia -h` for further information.

ERROR:jixia.run:error while processing ('Mathlib', 'Order', 'Filter', 'AtTopBot'): Unknown flag `--module`.
Run `jixia -h` for further information.

ERROR:jixia.run:error while processing ('Mathlib', 'Order', 'Filter', 'Prod'): Unknown flag `--module`.
Run `jixia -h` for further information.

ERROR:jixia.run:error while processing ('Mathlib', 'Order', 'Filter', 'Extr'): Unknown flag `--module`.
Run `jixia -h` for further information.

ERROR:jixia.run:error while processing ('Mathlib', 'Order', 'RelIso', 'Set'): Unknown flag `--module`.
Run `jixia -h` for further information.

ERROR:jixia.run:error while processing ('Mathlib', 'Order', 'Filter', 'FilterProduct'): Unknown flag `--module`.
Run `jixia -h` for further information.

ERROR:jixia.run:error while processing ('Mathlib', 'Order', 'Filter', 'Curry'): Unknown flag `--module`.
Run `jixia -h` for further information.

ERROR:jixia.run:error while processing ('Mathlib', 'Order', 'Bounds', 'Basic'): Unknown flag `--module`.
Run `jixia -h` for further information.

ERROR:jixia.run:error while processing ('Mathlib', 'Order', 'Filter', 'NAry'): Unknown flag `--module`.
Run `jixia -h` for further information.

ERROR:jixia.run:error while processing ('Mathlib', 'Order', 'Filter', 'SmallSets'): Unknown flag `--module`.
Run `jixia -h` for further information.

ERROR:jixia.run:error while processing ('Mathlib', 'Order', 'RelIso', 'Group'): Unknown flag `--module`.
Run `jixia -h` for further information.

ERROR:jixia.run:error while processing ('Mathlib', 'Order', 'Filter', 'CountableSeparatingOn'): Unknown flag `--module`.
Run `jixia -h` for further information.

ERROR:jixia.run:error while processing ('Mathlib', 'Order', 'Filter', 'CardinalInter'): Unknown flag `--module`.
Run `jixia -h` for further information.

ERROR:jixia.run:error while processing ('Mathlib', 'Order', 'Filter', 'Cocardinal'): Unknown flag `--module`.
Run `jixia -h` for further information.

ERROR:jixia.run:error while processing ('Mathlib', 'Order', 'Interval', 'Finset', 'Fin'): Unknown flag `--module`.
Run `jixia -h` for further information.

ERROR:jixia.run:error while processing ('Mathlib', 'Order', 'Extension', 'Linear'): Unknown flag `--module`.
Run `jixia -h` for further information.

ERROR:jixia.run:error while processing ('Mathlib', 'Order', 'Filter', 'ENNReal'): Unknown flag `--module`.
Run `jixia -h` for further information.

ERROR:jixia.run:error while processing ('Mathlib', 'Order', 'Filter', 'Ultrafilter'): Unknown flag `--module`.
Run `jixia -h` for further information.

ERROR:jixia.run:error while processing ('Mathlib', 'Order', 'Filter', 'EventuallyConst'): Unknown flag `--module`.
Run `jixia -h` for further information.

ERROR:jixia.run:error while processing ('Mathlib', 'Order', 'Interval', 'Set', 'Monotone'): Unknown flag `--module`.
Run `jixia -h` for further information.

ERROR:jixia.run:error while processing ('Mathlib', 'Order', 'Filter', 'Bases'): Unknown flag `--module`.
Run `jixia -h` for further information.

ERROR:jixia.run:error while processing ('Mathlib', 'Order', 'Interval', 'Set', 'OrdConnectedComponent'): Unknown flag `--module`.
Run `jixia -h` for further information.

ERROR:jixia.run:error while processing ('Mathlib', 'Order', 'Partition', 'Finpartition'): Unknown flag `--module`.
Run `jixia -h` for further information.

ERROR:jixia.run:error while processing ('Mathlib', 'Order', 'Interval', 'Set', 'OrderEmbedding'): Unknown flag `--module`.
Run `jixia -h` for further information.

ERROR:jixia.run:error while processing ('Mathlib', 'Order', 'Filter', 'Subsingleton'): Unknown flag `--module`.
Run `jixia -h` for further information.

ERROR:jixia.run:error while processing ('Mathlib', 'Order', 'Filter', 'Basic'): Unknown flag `--module`.
Run `jixia -h` for further information.

ERROR:jixia.run:error while processing ('Mathlib', 'Order', 'Interval', 'Finset', 'Nat'): Unknown flag `--module`.
Run `jixia -h` for further information.

ERROR:jixia.run:error while processing ('Mathlib', 'Order', 'Interval', 'Set', 'Infinite'): Unknown flag `--module`.
Run `jixia -h` for further information.

ERROR:jixia.run:error while processing ('Mathlib', 'Order', 'Filter', 'ListTraverse'): Unknown flag `--module`.
Run `jixia -h` for further information.

ERROR:jixia.run:error while processing ('Mathlib', 'Order', 'Interval', 'Set', 'ProjIcc'): Unknown flag `--module`.
Run `jixia -h` for further information.

ERROR:jixia.run:error while processing ('Mathlib', 'Order', 'Interval', 'Set', 'OrdConnected'): Unknown flag `--module`.
Run `jixia -h` for further information.

ERROR:jixia.run:error while processing ('Mathlib', 'Order', 'CompactlyGenerated', 'Basic'): Unknown flag `--module`.
Run `jixia -h` for further information.

ERROR:jixia.run:error while processing ('Mathlib', 'Order', 'Extension', 'Well'): Unknown flag `--module`.
Run `jixia -h` for further information.

ERROR:jixia.run:error while processing ('Mathlib', 'Order', 'Interval', 'Finset', 'Defs'): Unknown flag `--module`.
Run `jixia -h` for further information.

ERROR:jixia.run:error while processing ('Mathlib', 'Order', 'Monotone', 'Basic'): Unknown flag `--module`.
Run `jixia -h` for further information.

ERROR:jixia.run:error while processing ('Mathlib', 'Order', 'Monotone', 'Union'): Unknown flag `--module`.
Run `jixia -h` for further information.

ERROR:jixia.run:error while processing ('Mathlib', 'Order', 'Filter', 'Ring'): Unknown flag `--module`.
Run `jixia -h` for further information.

ERROR:jixia.run:error while processing ('Mathlib', 'Order', 'Partition', 'Equipartition'): Unknown flag `--module`.
Run `jixia -h` for further information.

ERROR:jixia.run:error while processing ('Mathlib', 'Order', 'SuccPred', 'CompleteLinearOrder'): Unknown flag `--module`.
Run `jixia -h` for further information.

ERROR:jixia.run:error while processing ('Mathlib', 'Order', 'SuccPred', 'IntervalSucc'): Unknown flag `--module`.
Run `jixia -h` for further information.

ERROR:jixia.run:error while processing ('Mathlib', 'Order', 'SuccPred', 'Limit'): Unknown flag `--module`.
Run `jixia -h` for further information.

ERROR:jixia.run:error while processing ('Mathlib', 'Order', 'Interval', 'Set', 'UnorderedInterval'): Unknown flag `--module`.
Run `jixia -h` for further information.

ERROR:jixia.run:error while processing ('Mathlib', 'Order', 'CompactlyGenerated', 'Intervals'): Unknown flag `--module`.
Run `jixia -h` for further information.

ERROR:jixia.run:error while processing ('Mathlib', 'Order', 'Interval', 'Set', 'Basic'): Unknown flag `--module`.
Run `jixia -h` for further information.

ERROR:jixia.run:error while processing ('Mathlib', 'Order', 'Interval', 'Set', 'Image'): Unknown flag `--module`.
Run `jixia -h` for further information.

ERROR:jixia.run:error while processing ('Mathlib', 'Order', 'UpperLower', 'LocallyFinite'): Unknown flag `--module`.
Run `jixia -h` for further information.

ERROR:jixia.run:error while processing ('Mathlib', 'Order', 'Interval', 'Finset', 'Box'): Unknown flag `--module`.
Run `jixia -h` for further information.

ERROR:jixia.run:error while processing ('Mathlib', 'Order', 'Monotone', 'Monovary'): Unknown flag `--module`.
Run `jixia -h` for further information.

ERROR:jixia.run:error while processing ('Mathlib', 'Order', 'Interval', 'Set', 'SurjOn'): Unknown flag `--module`.
Run `jixia -h` for further information.

ERROR:jixia.run:error while processing ('Mathlib', 'Order', 'Interval', 'Set', 'Disjoint'): Unknown flag `--module`.
Run `jixia -h` for further information.

ERROR:jixia.run:error while processing ('Mathlib', 'Order', 'RelIso', 'Basic'): Unknown flag `--module`.
Run `jixia -h` for further information.

ERROR:jixia.run:error while processing ('Mathlib', 'Order', 'Heyting', 'Hom'): Unknown flag `--module`.
Run `jixia -h` for further information.

ERROR:jixia.run:error while processing ('Mathlib', 'Order', 'UpperLower', 'Basic'): Unknown flag `--module`.
Run `jixia -h` for further information.

ERROR:jixia.run:error while processing ('Mathlib', 'Order', 'Atoms', 'Finite'): Unknown flag `--module`.
Run `jixia -h` for further information.

ERROR:jixia.run:error while processing ('Mathlib', 'Order', 'SuccPred', 'Basic'): Unknown flag `--module`.
Run `jixia -h` for further information.

ERROR:jixia.run:error while processing ('Mathlib', 'Order', 'SuccPred', 'Relation'): Unknown flag `--module`.
Run `jixia -h` for further information.

ERROR:jixia.run:error while processing ('Mathlib', 'Order', 'Interval', 'Multiset'): Unknown flag `--module`.
Run `jixia -h` for further information.

ERROR:jixia.run:error while processing ('Mathlib', 'Order', 'Monotone', 'Extension'): Unknown flag `--module`.
Run `jixia -h` for further information.

ERROR:jixia.run:error while processing ('Mathlib', 'Order', 'Interval', 'Set', 'OrderIso'): Unknown flag `--module`.
Run `jixia -h` for further information.

ERROR:jixia.run:error while processing ('Mathlib', 'Control', 'Applicative'): Unknown flag `--module`.
Run `jixia -h` for further information.

ERROR:jixia.run:error while processing ('Mathlib', 'Order', 'Bounds', 'OrderIso'): Unknown flag `--module`.
Run `jixia -h` for further information.

ERROR:jixia.run:error while processing ('Mathlib', 'Order', 'Interval', 'Basic'): Unknown flag `--module`.
Run `jixia -h` for further information.

ERROR:jixia.run:error while processing ('Mathlib', 'Order', 'Monotone', 'Odd'): Unknown flag `--module`.
Run `jixia -h` for further information.

ERROR:jixia.run:error while processing ('Mathlib', 'Order', 'Heyting', 'Basic'): Unknown flag `--module`.
Run `jixia -h` for further information.

ERROR:jixia.run:error while processing ('Mathlib', 'Control', 'LawfulFix'): Unknown flag `--module`.
Run `jixia -h` for further information.

ERROR:jixia.run:error while processing ('Mathlib', 'Order', 'Interval', 'Set', 'Pi'): Unknown flag `--module`.
Run `jixia -h` for further information.

ERROR:jixia.run:error while processing ('Mathlib', 'Order', 'SuccPred', 'LinearLocallyFinite'): Unknown flag `--module`.
Run `jixia -h` for further information.

ERROR:jixia.run:error while processing ('Mathlib', 'Order', 'Heyting', 'Boundary'): Unknown flag `--module`.
Run `jixia -h` for further information.

ERROR:jixia.run:error while processing ('Mathlib', 'Order', 'Interval', 'Set', 'IsoIoo'): Unknown flag `--module`.
Run `jixia -h` for further information.

ERROR:jixia.run:error while processing ('Mathlib', 'Control', 'Functor'): Unknown flag `--module`.
Run `jixia -h` for further information.

ERROR:jixia.run:error while processing ('Mathlib', 'Order', 'UpperLower', 'Hom'): Unknown flag `--module`.
Run `jixia -h` for further information.

ERROR:jixia.run:error while processing ('Mathlib', 'Order', 'Interval', 'Finset', 'Basic'): Unknown flag `--module`.
Run `jixia -h` for further information.

ERROR:jixia.run:error while processing ('Mathlib', 'Order', 'Interval', 'Set', 'WithBotTop'): Unknown flag `--module`.
Run `jixia -h` for further information.

ERROR:jixia.run:error while processing ('Mathlib', 'Order', 'Heyting', 'Regular'): Unknown flag `--module`.
Run `jixia -h` for further information.

ERROR:jixia.run:error while processing ('Mathlib', 'Control', 'Basic'): Unknown flag `--module`.
Run `jixia -h` for further information.

ERROR:jixia.run:error while processing ('Mathlib', 'Control', 'Random'): Unknown flag `--module`.
Run `jixia -h` for further information.

ERROR:jixia.run:error while processing ('Mathlib', 'Control', 'ULiftable'): Unknown flag `--module`.
Run `jixia -h` for further information.

ERROR:jixia.run:error while processing ('Mathlib', 'Control', 'Bifunctor'): Unknown flag `--module`.
Run `jixia -h` for further information.

ERROR:jixia.run:error while processing ('Mathlib', 'Control', 'EquivFunctor'): Unknown flag `--module`.
Run `jixia -h` for further information.

ERROR:jixia.run:error while processing ('Mathlib', 'Control', 'Fold'): Unknown flag `--module`.
Run `jixia -h` for further information.

ERROR:jixia.run:error while processing ('Mathlib', 'Control', 'ULift'): Unknown flag `--module`.
Run `jixia -h` for further information.

ERROR:jixia.run:error while processing ('Mathlib', 'Control', 'Traversable', 'Basic'): Unknown flag `--module`.
Run `jixia -h` for further information.

ERROR:jixia.run:error while processing ('Mathlib', 'Control', 'Functor', 'Multivariate'): Unknown flag `--module`.
Run `jixia -h` for further information.

ERROR:jixia.run:error while processing ('Mathlib', 'Control', 'Fix'): Unknown flag `--module`.
Run `jixia -h` for further information.

ERROR:jixia.run:error while processing ('Mathlib', 'Control', 'Traversable', 'Equiv'): Unknown flag `--module`.
Run `jixia -h` for further information.

ERROR:jixia.run:error while processing ('Mathlib', 'Control', 'Monad', 'Basic'): Unknown flag `--module`.
Run `jixia -h` for further information.

ERROR:jixia.run:error while processing ('Mathlib', 'Control', 'Traversable', 'Lemmas'): Unknown flag `--module`.
Run `jixia -h` for further information.

ERROR:jixia.run:error while processing ('Mathlib', 'Data', 'Rel'): Unknown flag `--module`.
Run `jixia -h` for further information.

ERROR:jixia.run:error while processing ('Mathlib', 'Deprecated', 'Ring'): Unknown flag `--module`.
Run `jixia -h` for further information.

ERROR:jixia.run:error while processing ('Mathlib', 'Control', 'Bitraversable', 'Instances'): Unknown flag `--module`.
Run `jixia -h` for further information.

ERROR:jixia.run:error while processing ('Mathlib', 'Control', 'EquivFunctor', 'Instances'): Unknown flag `--module`.
Run `jixia -h` for further information.

ERROR:jixia.run:error while processing ('Mathlib', 'Control', 'Bitraversable', 'Basic'): Unknown flag `--module`.
Run `jixia -h` for further information.

ERROR:jixia.run:error while processing ('Mathlib', 'Deprecated', 'Subring'): Unknown flag `--module`.
Run `jixia -h` for further information.

ERROR:jixia.run:error while processing ('Mathlib', 'Data', 'Char'): Unknown flag `--module`.
Run `jixia -h` for further information.

ERROR:jixia.run:error while processing ('Mathlib', 'Data', 'Finmap'): Unknown flag `--module`.
Run `jixia -h` for further information.

ERROR:jixia.run:error while processing ('Mathlib', 'Control', 'Monad', 'Writer'): Unknown flag `--module`.
Run `jixia -h` for further information.

ERROR:jixia.run:error while processing ('Mathlib', 'Deprecated', 'Submonoid'): Unknown flag `--module`.
Run `jixia -h` for further information.

ERROR:jixia.run:error while processing ('Mathlib', 'Control', 'Traversable', 'Instances'): Unknown flag `--module`.
Run `jixia -h` for further information.

ERROR:jixia.run:error while processing ('Mathlib', 'Data', 'Semiquot'): Unknown flag `--module`.
Run `jixia -h` for further information.

ERROR:jixia.run:error while processing ('Mathlib', 'Data', 'ByteArray'): Unknown flag `--module`.
Run `jixia -h` for further information.

ERROR:jixia.run:error while processing ('Mathlib', 'Deprecated', 'Group'): Unknown flag `--module`.
Run `jixia -h` for further information.

ERROR:jixia.run:error while processing ('Mathlib', 'Control', 'Monad', 'Cont'): Unknown flag `--module`.
Run `jixia -h` for further information.

ERROR:jixia.run:error while processing ('Mathlib', 'Control', 'Bitraversable', 'Lemmas'): Unknown flag `--module`.
Run `jixia -h` for further information.

ERROR:jixia.run:error while processing ('Mathlib', 'Deprecated', 'Subgroup'): Unknown flag `--module`.
Run `jixia -h` for further information.

ERROR:jixia.run:error while processing ('Mathlib', 'Deprecated', 'Subfield'): Unknown flag `--module`.
Run `jixia -h` for further information.

ERROR:jixia.run:error while processing ('Mathlib', 'Data', 'PFun'): Unknown flag `--module`.
Run `jixia -h` for further information.

ERROR:jixia.run:error while processing ('Mathlib', 'Data', 'Bracket'): Unknown flag `--module`.
Run `jixia -h` for further information.

ERROR:jixia.run:error while processing ('Mathlib', 'Data', 'TwoPointing'): Unknown flag `--module`.
Run `jixia -h` for further information.

ERROR:jixia.run:error while processing ('Mathlib', 'Data', 'ENat', 'Basic'): Unknown flag `--module`.
Run `jixia -h` for further information.

ERROR:jixia.run:error while processing ('Mathlib', 'Data', 'FinEnum'): Unknown flag `--module`.
Run `jixia -h` for further information.

ERROR:jixia.run:error while processing ('Mathlib', 'Data', 'Vector3'): Unknown flag `--module`.
Run `jixia -h` for further information.

ERROR:jixia.run:error while processing ('Mathlib', 'Data', 'List', 'Defs'): Unknown flag `--module`.
Run `jixia -h` for further information.

ERROR:jixia.run:error while processing ('Mathlib', 'Data', 'TypeVec'): Unknown flag `--module`.
Run `jixia -h` for further information.

ERROR:jixia.run:error while processing ('Mathlib', 'Data', 'Subtype'): Unknown flag `--module`.
Run `jixia -h` for further information.

ERROR:jixia.run:error while processing ('Mathlib', 'Data', 'TypeMax'): Unknown flag `--module`.
Run `jixia -h` for further information.

ERROR:jixia.run:error while processing ('Mathlib', 'Data', 'SProd'): Unknown flag `--module`.
Run `jixia -h` for further information.

ERROR:jixia.run:error while processing ('Mathlib', 'Data', 'HashMap'): Unknown flag `--module`.
Run `jixia -h` for further information.

ERROR:jixia.run:error while processing ('Mathlib', 'Data', 'List', 'MinMax'): Unknown flag `--module`.
Run `jixia -h` for further information.

ERROR:jixia.run:error while processing ('Mathlib', 'Data', 'List', 'Dedup'): Unknown flag `--module`.
Run `jixia -h` for further information.

ERROR:jixia.run:error while processing ('Mathlib', 'Data', 'Holor'): Unknown flag `--module`.
Run `jixia -h` for further information.

ERROR:jixia.run:error while processing ('Mathlib', 'Data', 'ENat', 'Lattice'): Unknown flag `--module`.
Run `jixia -h` for further information.

ERROR:jixia.run:error while processing ('Mathlib', 'Data', 'List', 'Range'): Unknown flag `--module`.
Run `jixia -h` for further information.

ERROR:jixia.run:error while processing ('Mathlib', 'Data', 'List', 'Chain'): Unknown flag `--module`.
Run `jixia -h` for further information.

ERROR:jixia.run:error while processing ('Mathlib', 'Data', 'List', 'Lex'): Unknown flag `--module`.
Run `jixia -h` for further information.

ERROR:jixia.run:error while processing ('Mathlib', 'Data', 'List', 'Iterate'): Unknown flag `--module`.
Run `jixia -h` for further information.

ERROR:jixia.run:error while processing ('Mathlib', 'Data', 'List', 'Lemmas'): Unknown flag `--module`.
Run `jixia -h` for further information.

ERROR:jixia.run:error while processing ('Mathlib', 'Data', 'List', 'Palindrome'): Unknown flag `--module`.
Run `jixia -h` for further information.

ERROR:jixia.run:error while processing ('Mathlib', 'Data', 'Opposite'): Unknown flag `--module`.
Run `jixia -h` for further information.

ERROR:jixia.run:error while processing ('Mathlib', 'Data', 'List', 'Sigma'): Unknown flag `--module`.
Run `jixia -h` for further information.

ERROR:jixia.run:error while processing ('Mathlib', 'Data', 'BitVec'): Unknown flag `--module`.
Run `jixia -h` for further information.

ERROR:jixia.run:error while processing ('Mathlib', 'Data', 'List', 'Prime'): Unknown flag `--module`.
Run `jixia -h` for further information.

ERROR:jixia.run:error while processing ('Mathlib', 'Data', 'List', 'Cycle'): Unknown flag `--module`.
Run `jixia -h` for further information.

ERROR:jixia.run:error while processing ('Mathlib', 'Data', 'Sign'): Unknown flag `--module`.
Run `jixia -h` for further information.

ERROR:jixia.run:error while processing ('Mathlib', 'Data', 'List', 'Join'): Unknown flag `--module`.
Run `jixia -h` for further information.

ERROR:jixia.run:error while processing ('Mathlib', 'Data', 'List', 'Zip'): Unknown flag `--module`.
Run `jixia -h` for further information.

ERROR:jixia.run:error while processing ('Mathlib', 'Data', 'List', 'Rotate'): Unknown flag `--module`.
Run `jixia -h` for further information.

ERROR:jixia.run:error while processing ('Mathlib', 'Data', 'UInt'): Unknown flag `--module`.
Run `jixia -h` for further information.

ERROR:jixia.run:error while processing ('Mathlib', 'Data', 'Bundle'): Unknown flag `--module`.
Run `jixia -h` for further information.

ERROR:jixia.run:error while processing ('Mathlib', 'Data', 'List', 'Sublists'): Unknown flag `--module`.
Run `jixia -h` for further information.

ERROR:jixia.run:error while processing ('Mathlib', 'Data', 'List', 'DropRight'): Unknown flag `--module`.
Run `jixia -h` for further information.

ERROR:jixia.run:error while processing ('Mathlib', 'Data', 'PEquiv'): Unknown flag `--module`.
Run `jixia -h` for further information.

ERROR:jixia.run:error while processing ('Mathlib', 'Data', 'Erased'): Unknown flag `--module`.
Run `jixia -h` for further information.

ERROR:jixia.run:error while processing ('Mathlib', 'Data', 'List', 'NodupEquivFin'): Unknown flag `--module`.
Run `jixia -h` for further information.

ERROR:jixia.run:error while processing ('Mathlib', 'Data', 'List', 'Perm'): Unknown flag `--module`.
Run `jixia -h` for further information.

ERROR:jixia.run:error while processing ('Mathlib', 'Data', 'Part'): Unknown flag `--module`.
Run `jixia -h` for further information.

ERROR:jixia.run:error while processing ('Mathlib', 'Data', 'List', 'Forall2'): Unknown flag `--module`.
Run `jixia -h` for further information.

ERROR:jixia.run:error while processing ('Mathlib', 'Data', 'List', 'EditDistance', 'Defs'): Unknown flag `--module`.
Run `jixia -h` for further information.

ERROR:jixia.run:error while processing ('Mathlib', 'Data', 'ULift'): Unknown flag `--module`.
Run `jixia -h` for further information.

ERROR:jixia.run:error while processing ('Mathlib', 'Data', 'Quot'): Unknown flag `--module`.
Run `jixia -h` for further information.

ERROR:jixia.run:error while processing ('Mathlib', 'Data', 'List', 'Intervals'): Unknown flag `--module`.
Run `jixia -h` for further information.

ERROR:jixia.run:error while processing ('Mathlib', 'Data', 'UnionFind'): Unknown flag `--module`.
Run `jixia -h` for further information.

ERROR:jixia.run:error while processing ('Mathlib', 'Data', 'List', 'Enum'): Unknown flag `--module`.
Run `jixia -h` for further information.

ERROR:jixia.run:error while processing ('Mathlib', 'Data', 'List', 'Sort'): Unknown flag `--module`.
Run `jixia -h` for further information.

ERROR:jixia.run:error while processing ('Mathlib', 'Data', 'List', 'Basic'): Unknown flag `--module`.
Run `jixia -h` for further information.

ERROR:jixia.run:error while processing ('Mathlib', 'Data', 'List', 'Destutter'): Unknown flag `--module`.
Run `jixia -h` for further information.

ERROR:jixia.run:error while processing ('Mathlib', 'Data', 'List', 'ToFinsupp'): Unknown flag `--module`.
Run `jixia -h` for further information.

ERROR:jixia.run:error while processing ('Mathlib', 'Data', 'List', 'FinRange'): Unknown flag `--module`.
Run `jixia -h` for further information.

ERROR:jixia.run:error while processing ('Mathlib', 'Data', 'List', 'NatAntidiagonal'): Unknown flag `--module`.
Run `jixia -h` for further information.

ERROR:jixia.run:error while processing ('Mathlib', 'Data', 'List', 'Indexes'): Unknown flag `--module`.
Run `jixia -h` for further information.

ERROR:jixia.run:error while processing ('Mathlib', 'Data', 'DList', 'Basic'): Unknown flag `--module`.
Run `jixia -h` for further information.

ERROR:jixia.run:error while processing ('Mathlib', 'Data', 'List', 'Duplicate'): Unknown flag `--module`.
Run `jixia -h` for further information.

ERROR:jixia.run:error while processing ('Mathlib', 'Data', 'List', 'TFAE'): Unknown flag `--module`.
Run `jixia -h` for further information.

ERROR:jixia.run:error while processing ('Mathlib', 'Data', 'List', 'Nodup'): Unknown flag `--module`.
Run `jixia -h` for further information.

ERROR:jixia.run:error while processing ('Mathlib', 'Data', 'List', 'Sym'): Unknown flag `--module`.
Run `jixia -h` for further information.

ERROR:jixia.run:error while processing ('Mathlib', 'Data', 'W', 'Constructions'): Unknown flag `--module`.
Run `jixia -h` for further information.

ERROR:jixia.run:error while processing ('Mathlib', 'Data', 'Vector', 'Basic'): Unknown flag `--module`.
Run `jixia -h` for further information.

ERROR:jixia.run:error while processing ('Mathlib', 'Data', 'List', 'OfFn'): Unknown flag `--module`.
Run `jixia -h` for further information.

ERROR:jixia.run:error while processing ('Mathlib', 'Data', 'List', 'ReduceOption'): Unknown flag `--module`.
Run `jixia -h` for further information.

ERROR:jixia.run:error while processing ('Mathlib', 'Data', 'List', 'EditDistance', 'Bounds'): Unknown flag `--module`.
Run `jixia -h` for further information.

ERROR:jixia.run:error while processing ('Mathlib', 'Data', 'List', 'InsertNth'): Unknown flag `--module`.
Run `jixia -h` for further information.

ERROR:jixia.run:error while processing ('Mathlib', 'Data', 'List', 'Count'): Unknown flag `--module`.
Run `jixia -h` for further information.

ERROR:jixia.run:error while processing ('Mathlib', 'Data', 'Vector', 'Zip'): Unknown flag `--module`.
Run `jixia -h` for further information.

ERROR:jixia.run:error while processing ('Mathlib', 'Data', 'List', 'ProdSigma'): Unknown flag `--module`.
Run `jixia -h` for further information.

ERROR:jixia.run:error while processing ('Mathlib', 'Data', 'List', 'Sections'): Unknown flag `--module`.
Run `jixia -h` for further information.

ERROR:jixia.run:error while processing ('Mathlib', 'Data', 'Array', 'Lemmas'): Unknown flag `--module`.
Run `jixia -h` for further information.

ERROR:jixia.run:error while processing ('Mathlib', 'Data', 'Array', 'Defs'): Unknown flag `--module`.
Run `jixia -h` for further information.

ERROR:jixia.run:error while processing ('Mathlib', 'Data', 'List', 'Infix'): Unknown flag `--module`.
Run `jixia -h` for further information.

ERROR:jixia.run:error while processing ('Mathlib', 'Data', 'List', 'Permutation'): Unknown flag `--module`.
Run `jixia -h` for further information.

ERROR:jixia.run:error while processing ('Mathlib', 'Data', 'List', 'Lattice'): Unknown flag `--module`.
Run `jixia -h` for further information.

ERROR:jixia.run:error while processing ('Mathlib', 'Data', 'List', 'GetD'): Unknown flag `--module`.
Run `jixia -h` for further information.

ERROR:jixia.run:error while processing ('Mathlib', 'Data', 'List', 'Pairwise'): Unknown flag `--module`.
Run `jixia -h` for further information.

ERROR:jixia.run:error while processing ('Mathlib', 'Data', 'Vector', 'MapLemmas'): Unknown flag `--module`.
Run `jixia -h` for further information.

ERROR:jixia.run:error while processing ('Mathlib', 'Data', 'List', 'EditDistance', 'Estimator'): Unknown flag `--module`.
Run `jixia -h` for further information.

ERROR:jixia.run:error while processing ('Mathlib', 'Data', 'List', 'AList'): Unknown flag `--module`.
Run `jixia -h` for further information.

ERROR:jixia.run:error while processing ('Mathlib', 'Data', 'Vector', 'Mem'): Unknown flag `--module`.
Run `jixia -h` for further information.

ERROR:jixia.run:error while processing ('Mathlib', 'Data', 'Vector', 'Snoc'): Unknown flag `--module`.
Run `jixia -h` for further information.

ERROR:jixia.run:error while processing ('Mathlib', 'Data', 'DList', 'Instances'): Unknown flag `--module`.
Run `jixia -h` for further information.

ERROR:jixia.run:error while processing ('Mathlib', 'Data', 'DList', 'Defs'): Unknown flag `--module`.
Run `jixia -h` for further information.

ERROR:jixia.run:error while processing ('Mathlib', 'Data', 'Vector', 'Defs'): Unknown flag `--module`.
Run `jixia -h` for further information.

ERROR:jixia.run:error while processing ('Mathlib', 'Data', 'W', 'Cardinal'): Unknown flag `--module`.
Run `jixia -h` for further information.

ERROR:jixia.run:error while processing ('Mathlib', 'Data', 'W', 'Basic'): Unknown flag `--module`.
Run `jixia -h` for further information.

ERROR:jixia.run:error while processing ('Mathlib', 'Data', 'Multiset', 'Sections'): Unknown flag `--module`.
Run `jixia -h` for further information.

ERROR:jixia.run:error while processing ('Mathlib', 'Data', 'Multiset', 'NatAntidiagonal'): Unknown flag `--module`.
Run `jixia -h` for further information.

ERROR:jixia.run:error while processing ('Mathlib', 'Data', 'Multiset', 'Basic'): Unknown flag `--module`.
Run `jixia -h` for further information.

ERROR:jixia.run:error while processing ('Mathlib', 'Data', 'Array', 'ExtractLemmas'): Unknown flag `--module`.
Run `jixia -h` for further information.

ERROR:jixia.run:error while processing ('Mathlib', 'Data', 'Multiset', 'FinsetOps'): Unknown flag `--module`.
Run `jixia -h` for further information.

ERROR:jixia.run:error while processing ('Mathlib', 'Data', 'Multiset', 'Nodup'): Unknown flag `--module`.
Run `jixia -h` for further information.

ERROR:jixia.run:error while processing ('Mathlib', 'Data', 'Multiset', 'Lattice'): Unknown flag `--module`.
Run `jixia -h` for further information.

ERROR:jixia.run:error while processing ('Mathlib', 'Data', 'Multiset', 'Bind'): Unknown flag `--module`.
Run `jixia -h` for further information.

ERROR:jixia.run:error while processing ('Mathlib', 'Data', 'Multiset', 'Functor'): Unknown flag `--module`.
Run `jixia -h` for further information.

ERROR:jixia.run:error while processing ('Mathlib', 'Data', 'Multiset', 'Fold'): Unknown flag `--module`.
Run `jixia -h` for further information.

ERROR:jixia.run:error while processing ('Mathlib', 'Data', 'Multiset', 'Pi'): Unknown flag `--module`.
Run `jixia -h` for further information.

ERROR:jixia.run:error while processing ('Mathlib', 'Data', 'Finset', 'Grade'): Unknown flag `--module`.
Run `jixia -h` for further information.

ERROR:jixia.run:error while processing ('Mathlib', 'Data', 'Multiset', 'Fintype'): Unknown flag `--module`.
Run `jixia -h` for further information.

ERROR:jixia.run:error while processing ('Mathlib', 'Data', 'Multiset', 'Interval'): Unknown flag `--module`.
Run `jixia -h` for further information.

ERROR:jixia.run:error while processing ('Mathlib', 'Data', 'Multiset', 'Dedup'): Unknown flag `--module`.
Run `jixia -h` for further information.

ERROR:jixia.run:error while processing ('Mathlib', 'Data', 'Buffer', 'Basic'): Unknown flag `--module`.
Run `jixia -h` for further information.

ERROR:jixia.run:error while processing ('Mathlib', 'Data', 'Multiset', 'Antidiagonal'): Unknown flag `--module`.
Run `jixia -h` for further information.

ERROR:jixia.run:error while processing ('Mathlib', 'Data', 'Multiset', 'Range'): Unknown flag `--module`.
Run `jixia -h` for further information.

ERROR:jixia.run:error while processing ('Mathlib', 'Data', 'Multiset', 'Sort'): Unknown flag `--module`.
Run `jixia -h` for further information.

ERROR:jixia.run:error while processing ('Mathlib', 'Data', 'Multiset', 'Powerset'): Unknown flag `--module`.
Run `jixia -h` for further information.

ERROR:jixia.run:error while processing ('Mathlib', 'Data', 'Finset', 'Interval'): Unknown flag `--module`.
Run `jixia -h` for further information.

ERROR:jixia.run:error while processing ('Mathlib', 'Data', 'Multiset', 'Sum'): Unknown flag `--module`.
Run `jixia -h` for further information.

ERROR:jixia.run:error while processing ('Mathlib', 'Data', 'Finset', 'Fin'): Unknown flag `--module`.
Run `jixia -h` for further information.

ERROR:jixia.run:error while processing ('Mathlib', 'Data', 'Finset', 'MulAntidiagonal'): Unknown flag `--module`.
Run `jixia -h` for further information.

ERROR:jixia.run:error while processing ('Mathlib', 'Data', 'Finset', 'Pointwise'): Unknown flag `--module`.
Run `jixia -h` for further information.

ERROR:jixia.run:error while processing ('Mathlib', 'Data', 'Finset', 'Attr'): Unknown flag `--module`.
Run `jixia -h` for further information.

ERROR:jixia.run:error while processing ('Mathlib', 'Data', 'Finset', 'Option'): Unknown flag `--module`.
Run `jixia -h` for further information.

ERROR:jixia.run:error while processing ('Mathlib', 'Data', 'Finset', 'Piecewise'): Unknown flag `--module`.
Run `jixia -h` for further information.

ERROR:jixia.run:error while processing ('Mathlib', 'Data', 'Finset', 'Fold'): Unknown flag `--module`.
Run `jixia -h` for further information.

ERROR:jixia.run:error while processing ('Mathlib', 'Data', 'Finset', 'Sum'): Unknown flag `--module`.
Run `jixia -h` for further information.

ERROR:jixia.run:error while processing ('Mathlib', 'Data', 'Finset', 'PImage'): Unknown flag `--module`.
Run `jixia -h` for further information.

ERROR:jixia.run:error while processing ('Mathlib', 'Data', 'Finset', 'NoncommProd'): Unknown flag `--module`.
Run `jixia -h` for further information.

ERROR:jixia.run:error while processing ('Mathlib', 'Data', 'Finset', 'Card'): Unknown flag `--module`.
Run `jixia -h` for further information.

ERROR:jixia.run:error while processing ('Mathlib', 'Data', 'Finset', 'Image'): Unknown flag `--module`.
Run `jixia -h` for further information.

ERROR:jixia.run:error while processing ('Mathlib', 'Data', 'Finset', 'Sym'): Unknown flag `--module`.
Run `jixia -h` for further information.

ERROR:jixia.run:error while processing ('Mathlib', 'Data', 'Finset', 'Preimage'): Unknown flag `--module`.
Run `jixia -h` for further information.

ERROR:jixia.run:error while processing ('Mathlib', 'Data', 'Finset', 'Powerset'): Unknown flag `--module`.
Run `jixia -h` for further information.

ERROR:jixia.run:error while processing ('Mathlib', 'Data', 'Finset', 'NAry'): Unknown flag `--module`.
Run `jixia -h` for further information.

ERROR:jixia.run:error while processing ('Mathlib', 'Data', 'Fintype', 'Lattice'): Unknown flag `--module`.
Run `jixia -h` for further information.

ERROR:jixia.run:error while processing ('Mathlib', 'Data', 'Finset', 'Sups'): Unknown flag `--module`.
Run `jixia -h` for further information.

ERROR:jixia.run:error while processing ('Mathlib', 'Data', 'Finset', 'Union'): Unknown flag `--module`.
Run `jixia -h` for further information.

ERROR:jixia.run:error while processing ('Mathlib', 'Data', 'Finset', 'Pairwise'): Unknown flag `--module`.
Run `jixia -h` for further information.

ERROR:jixia.run:error while processing ('Mathlib', 'Data', 'Multiset', 'Sym'): Unknown flag `--module`.
Run `jixia -h` for further information.

ERROR:jixia.run:error while processing ('Mathlib', 'Data', 'Fintype', 'Array'): Unknown flag `--module`.
Run `jixia -h` for further information.

ERROR:jixia.run:error while processing ('Mathlib', 'Data', 'Fintype', 'Sum'): Unknown flag `--module`.
Run `jixia -h` for further information.

ERROR:jixia.run:error while processing ('Mathlib', 'Data', 'Fintype', 'Card'): Unknown flag `--module`.
Run `jixia -h` for further information.

ERROR:jixia.run:error while processing ('Mathlib', 'Data', 'Fintype', 'Pi'): Unknown flag `--module`.
Run `jixia -h` for further information.

ERROR:jixia.run:error while processing ('Mathlib', 'Data', 'Finset', 'Sigma'): Unknown flag `--module`.
Run `jixia -h` for further information.

ERROR:jixia.run:error while processing ('Mathlib', 'Data', 'Finset', 'Lattice'): Unknown flag `--module`.
Run `jixia -h` for further information.

ERROR:jixia.run:error while processing ('Mathlib', 'Data', 'Finset', 'Slice'): Unknown flag `--module`.
Run `jixia -h` for further information.

ERROR:jixia.run:error while processing ('Mathlib', 'Data', 'Finset', 'Prod'): Unknown flag `--module`.
Run `jixia -h` for further information.

ERROR:jixia.run:error while processing ('Mathlib', 'Data', 'Fintype', 'Basic'): Unknown flag `--module`.
Run `jixia -h` for further information.

ERROR:jixia.run:error while processing ('Mathlib', 'Data', 'Fintype', 'Vector'): Unknown flag `--module`.
Run `jixia -h` for further information.

ERROR:jixia.run:error while processing ('Mathlib', 'Data', 'Finset', 'PiInduction'): Unknown flag `--module`.
Run `jixia -h` for further information.

ERROR:jixia.run:error while processing ('Mathlib', 'Data', 'Fintype', 'List'): Unknown flag `--module`.
Run `jixia -h` for further information.

ERROR:jixia.run:error while processing ('Mathlib', 'Data', 'Finset', 'Functor'): Unknown flag `--module`.
Run `jixia -h` for further information.

ERROR:jixia.run:error while processing ('Mathlib', 'Data', 'NNRat', 'Lemmas'): Unknown flag `--module`.
Run `jixia -h` for further information.

ERROR:jixia.run:error while processing ('Mathlib', 'Data', 'Finset', 'Pi'): Unknown flag `--module`.
Run `jixia -h` for further information.

ERROR:jixia.run:error while processing ('Mathlib', 'Data', 'Finset', 'Basic'): Unknown flag `--module`.
Run `jixia -h` for further information.

ERROR:jixia.run:error while processing ('Mathlib', 'Data', 'Finset', 'NatAntidiagonal'): Unknown flag `--module`.
Run `jixia -h` for further information.

ERROR:jixia.run:error while processing ('Mathlib', 'Data', 'Fintype', 'Quotient'): Unknown flag `--module`.
Run `jixia -h` for further information.

ERROR:jixia.run:error while processing ('Mathlib', 'Data', 'NNRat', 'BigOperators'): Unknown flag `--module`.
Run `jixia -h` for further information.

ERROR:jixia.run:error while processing ('Mathlib', 'Data', 'Finset', 'Finsupp'): Unknown flag `--module`.
Run `jixia -h` for further information.

ERROR:jixia.run:error while processing ('Mathlib', 'Data', 'Finset', 'NatDivisors'): Unknown flag `--module`.
Run `jixia -h` for further information.

ERROR:jixia.run:error while processing ('Mathlib', 'Data', 'Finset', 'Update'): Unknown flag `--module`.
Run `jixia -h` for further information.

ERROR:jixia.run:error while processing ('Mathlib', 'Data', 'Fintype', 'Sigma'): Unknown flag `--module`.
Run `jixia -h` for further information.

ERROR:jixia.run:error while processing ('Mathlib', 'Data', 'Fintype', 'Perm'): Unknown flag `--module`.
Run `jixia -h` for further information.

ERROR:jixia.run:error while processing ('Mathlib', 'Data', 'Finset', 'Sort'): Unknown flag `--module`.
Run `jixia -h` for further information.

ERROR:jixia.run:error while processing ('Mathlib', 'Data', 'Real', 'Hyperreal'): Unknown flag `--module`.
Run `jixia -h` for further information.

ERROR:jixia.run:error while processing ('Mathlib', 'Data', 'Real', 'EReal'): Unknown flag `--module`.
Run `jixia -h` for further information.

ERROR:jixia.run:error while processing ('Mathlib', 'Data', 'NNRat', 'Defs'): Unknown flag `--module`.
Run `jixia -h` for further information.

ERROR:jixia.run:error while processing ('Mathlib', 'Data', 'Fintype', 'BigOperators'): Unknown flag `--module`.
Run `jixia -h` for further information.

ERROR:jixia.run:error while processing ('Mathlib', 'Data', 'Finset', 'Pointwise', 'Interval'): Unknown flag `--module`.
Run `jixia -h` for further information.

ERROR:jixia.run:error while processing ('Mathlib', 'Data', 'Tree', 'Basic'): Unknown flag `--module`.
Run `jixia -h` for further information.

ERROR:jixia.run:error while processing ('Mathlib', 'Data', 'Real', 'Irrational'): Unknown flag `--module`.
Run `jixia -h` for further information.

ERROR:jixia.run:error while processing ('Mathlib', 'Data', 'Fintype', 'CardEmbedding'): Unknown flag `--module`.
Run `jixia -h` for further information.

ERROR:jixia.run:error while processing ('Mathlib', 'Data', 'Finset', 'Order'): Unknown flag `--module`.
Run `jixia -h` for further information.

ERROR:jixia.run:error while processing ('Mathlib', 'Data', 'Fintype', 'Option'): Unknown flag `--module`.
Run `jixia -h` for further information.

ERROR:jixia.run:error while processing ('Mathlib', 'Data', 'Real', 'Sign'): Unknown flag `--module`.
Run `jixia -h` for further information.

ERROR:jixia.run:error while processing ('Mathlib', 'Data', 'Fintype', 'Fin'): Unknown flag `--module`.
Run `jixia -h` for further information.

ERROR:jixia.run:error while processing ('Mathlib', 'Data', 'Fintype', 'Order'): Unknown flag `--module`.
Run `jixia -h` for further information.

ERROR:jixia.run:error while processing ('Mathlib', 'Data', 'Real', 'ENatENNReal'): Unknown flag `--module`.
Run `jixia -h` for further information.

ERROR:jixia.run:error while processing ('Mathlib', 'Data', 'Fintype', 'Units'): Unknown flag `--module`.
Run `jixia -h` for further information.

ERROR:jixia.run:error while processing ('Mathlib', 'Data', 'Fintype', 'Powerset'): Unknown flag `--module`.
Run `jixia -h` for further information.

ERROR:jixia.run:error while processing ('Mathlib', 'Data', 'Fintype', 'Sort'): Unknown flag `--module`.
Run `jixia -h` for further information.

ERROR:jixia.run:error while processing ('Mathlib', 'Data', 'Real', 'Archimedean'): Unknown flag `--module`.
Run `jixia -h` for further information.

ERROR:jixia.run:error while processing ('Mathlib', 'Data', 'Fintype', 'Parity'): Unknown flag `--module`.
Run `jixia -h` for further information.

ERROR:jixia.run:error while processing ('Mathlib', 'Data', 'Sigma', 'Interval'): Unknown flag `--module`.
Run `jixia -h` for further information.

ERROR:jixia.run:error while processing ('Mathlib', 'Data', 'Real', 'ConjExponents'): Unknown flag `--module`.
Run `jixia -h` for further information.

ERROR:jixia.run:error while processing ('Mathlib', 'Data', 'Real', 'StarOrdered'): Unknown flag `--module`.
Run `jixia -h` for further information.

ERROR:jixia.run:error while processing ('Mathlib', 'Data', 'Sigma', 'Lex'): Unknown flag `--module`.
Run `jixia -h` for further information.

ERROR:jixia.run:error while processing ('Mathlib', 'Data', 'Real', 'Pi', 'Wallis'): Unknown flag `--module`.
Run `jixia -h` for further information.

ERROR:jixia.run:error while processing ('Mathlib', 'Data', 'Fintype', 'Prod'): Unknown flag `--module`.
Run `jixia -h` for further information.

ERROR:jixia.run:error while processing ('Mathlib', 'Data', 'Real', 'Star'): Unknown flag `--module`.
Run `jixia -h` for further information.

ERROR:jixia.run:error while processing ('Mathlib', 'Data', 'Real', 'Cardinality'): Unknown flag `--module`.
Run `jixia -h` for further information.

ERROR:jixia.run:error while processing ('Mathlib', 'Data', 'Real', 'Sqrt'): Unknown flag `--module`.
Run `jixia -h` for further information.

ERROR:jixia.run:error while processing ('Mathlib', 'Data', 'Sigma', 'Basic'): Unknown flag `--module`.
Run `jixia -h` for further information.

ERROR:jixia.run:error while processing ('Mathlib', 'Data', 'Sigma', 'Order'): Unknown flag `--module`.
Run `jixia -h` for further information.

ERROR:jixia.run:error while processing ('Mathlib', 'Data', 'Int', 'LeastGreatest'): Unknown flag `--module`.
Run `jixia -h` for further information.

ERROR:jixia.run:error while processing ('Mathlib', 'Data', 'Fintype', 'Shrink'): Unknown flag `--module`.
Run `jixia -h` for further information.

ERROR:jixia.run:error while processing ('Mathlib', 'Data', 'Real', 'Pi', 'Bounds'): Unknown flag `--module`.
Run `jixia -h` for further information.

ERROR:jixia.run:error while processing ('Mathlib', 'Data', 'Real', 'Basic'): Unknown flag `--module`.
Run `jixia -h` for further information.

ERROR:jixia.run:error while processing ('Mathlib', 'Data', 'Real', 'Pointwise'): Unknown flag `--module`.
Run `jixia -h` for further information.

ERROR:jixia.run:error while processing ('Mathlib', 'Data', 'Tree', 'Get'): Unknown flag `--module`.
Run `jixia -h` for further information.

ERROR:jixia.run:error while processing ('Mathlib', 'Data', 'Real', 'Pi', 'Leibniz'): Unknown flag `--module`.
Run `jixia -h` for further information.

ERROR:jixia.run:error while processing ('Mathlib', 'Data', 'Int', 'AbsoluteValue'): Unknown flag `--module`.
Run `jixia -h` for further information.

ERROR:jixia.run:error while processing ('Mathlib', 'Data', 'Int', 'Associated'): Unknown flag `--module`.
Run `jixia -h` for further information.

ERROR:jixia.run:error while processing ('Mathlib', 'Data', 'Real', 'GoldenRatio'): Unknown flag `--module`.
Run `jixia -h` for further information.

ERROR:jixia.run:error while processing ('Mathlib', 'Data', 'Int', 'SuccPred'): Unknown flag `--module`.
Run `jixia -h` for further information.

ERROR:jixia.run:error while processing ('Mathlib', 'Data', 'Int', 'NatPrime'): Unknown flag `--module`.
Run `jixia -h` for further information.

ERROR:jixia.run:error while processing ('Mathlib', 'Data', 'Int', 'Interval'): Unknown flag `--module`.
Run `jixia -h` for further information.

ERROR:jixia.run:error while processing ('Mathlib', 'Data', 'Int', 'Defs'): Unknown flag `--module`.
Run `jixia -h` for further information.

ERROR:jixia.run:error while processing ('Mathlib', 'Data', 'Int', 'ConditionallyCompleteOrder'): Unknown flag `--module`.
Run `jixia -h` for further information.

ERROR:jixia.run:error while processing ('Mathlib', 'Data', 'Int', 'Log'): Unknown flag `--module`.
Run `jixia -h` for further information.

ERROR:jixia.run:error while processing ('Mathlib', 'Data', 'Int', 'CharZero'): Unknown flag `--module`.
Run `jixia -h` for further information.

ERROR:jixia.run:error while processing ('Mathlib', 'Data', 'Int', 'ModEq'): Unknown flag `--module`.
Run `jixia -h` for further information.

ERROR:jixia.run:error while processing ('Mathlib', 'Data', 'Int', 'Lemmas'): Unknown flag `--module`.
Run `jixia -h` for further information.

ERROR:jixia.run:error while processing ('Mathlib', 'Data', 'Int', 'GCD'): Unknown flag `--module`.
Run `jixia -h` for further information.

ERROR:jixia.run:error while processing ('Mathlib', 'Data', 'Int', 'Bitwise'): Unknown flag `--module`.
Run `jixia -h` for further information.

ERROR:jixia.run:error while processing ('Mathlib', 'Data', 'Num', 'Lemmas'): Unknown flag `--module`.
Run `jixia -h` for further information.

ERROR:jixia.run:error while processing ('Mathlib', 'Data', 'Num', 'Basic'): Unknown flag `--module`.
Run `jixia -h` for further information.

ERROR:jixia.run:error while processing ('Mathlib', 'Data', 'Int', 'Sqrt'): Unknown flag `--module`.
Run `jixia -h` for further information.

ERROR:jixia.run:error while processing ('Mathlib', 'Data', 'Int', 'Cast', 'Defs'): Unknown flag `--module`.
Run `jixia -h` for further information.

ERROR:jixia.run:error while processing ('Mathlib', 'Data', 'Int', 'Order', 'Lemmas'): Unknown flag `--module`.
Run `jixia -h` for further information.

ERROR:jixia.run:error while processing ('Mathlib', 'Data', 'Int', 'CardIntervalMod'): Unknown flag `--module`.
Run `jixia -h` for further information.

ERROR:jixia.run:error while processing ('Mathlib', 'Data', 'Int', 'Cast', 'Prod'): Unknown flag `--module`.
Run `jixia -h` for further information.

ERROR:jixia.run:error while processing ('Mathlib', 'Data', 'Num', 'Prime'): Unknown flag `--module`.
Run `jixia -h` for further information.

ERROR:jixia.run:error while processing ('Mathlib', 'Data', 'Int', 'Star'): Unknown flag `--module`.
Run `jixia -h` for further information.

ERROR:jixia.run:error while processing ('Mathlib', 'Data', 'ZMod', 'Factorial'): Unknown flag `--module`.
Run `jixia -h` for further information.

ERROR:jixia.run:error while processing ('Mathlib', 'Data', 'ZMod', 'Basic'): Unknown flag `--module`.
Run `jixia -h` for further information.

ERROR:jixia.run:error while processing ('Mathlib', 'Data', 'Finsupp', 'Lex'): Unknown flag `--module`.
Run `jixia -h` for further information.

ERROR:jixia.run:error while processing ('Mathlib', 'Data', 'Int', 'Cast', 'Field'): Unknown flag `--module`.
Run `jixia -h` for further information.

ERROR:jixia.run:error while processing ('Mathlib', 'Data', 'Finsupp', 'NeLocus'): Unknown flag `--module`.
Run `jixia -h` for further information.

ERROR:jixia.run:error while processing ('Mathlib', 'Data', 'Num', 'Bitwise'): Unknown flag `--module`.
Run `jixia -h` for further information.

ERROR:jixia.run:error while processing ('Mathlib', 'Data', 'Finsupp', 'PWO'): Unknown flag `--module`.
Run `jixia -h` for further information.

ERROR:jixia.run:error while processing ('Mathlib', 'Data', 'Finsupp', 'WellFounded'): Unknown flag `--module`.
Run `jixia -h` for further information.

ERROR:jixia.run:error while processing ('Mathlib', 'Data', 'Int', 'Cast', 'Basic'): Unknown flag `--module`.
Run `jixia -h` for further information.

ERROR:jixia.run:error while processing ('Mathlib', 'Data', 'Finsupp', 'Basic'): Unknown flag `--module`.
Run `jixia -h` for further information.

ERROR:jixia.run:error while processing ('Mathlib', 'Data', 'Int', 'Range'): Unknown flag `--module`.
Run `jixia -h` for further information.

ERROR:jixia.run:error while processing ('Mathlib', 'Data', 'Finsupp', 'AList'): Unknown flag `--module`.
Run `jixia -h` for further information.

ERROR:jixia.run:error while processing ('Mathlib', 'Data', 'Finsupp', 'Fin'): Unknown flag `--module`.
Run `jixia -h` for further information.

ERROR:jixia.run:error while processing ('Mathlib', 'Data', 'Stream', 'Init'): Unknown flag `--module`.
Run `jixia -h` for further information.

ERROR:jixia.run:error while processing ('Mathlib', 'Data', 'ZMod', 'Quotient'): Unknown flag `--module`.
Run `jixia -h` for further information.

ERROR:jixia.run:error while processing ('Mathlib', 'Data', 'Int', 'Order', 'Units'): Unknown flag `--module`.
Run `jixia -h` for further information.

ERROR:jixia.run:error while processing ('Mathlib', 'Data', 'Int', 'Cast', 'Lemmas'): Unknown flag `--module`.
Run `jixia -h` for further information.

ERROR:jixia.run:error while processing ('Mathlib', 'Data', 'Equiv', 'Functor'): Unknown flag `--module`.
Run `jixia -h` for further information.

ERROR:jixia.run:error while processing ('Mathlib', 'Data', 'Matroid', 'Basic'): Unknown flag `--module`.
Run `jixia -h` for further information.

ERROR:jixia.run:error while processing ('Mathlib', 'Data', 'ZMod', 'Units'): Unknown flag `--module`.
Run `jixia -h` for further information.

ERROR:jixia.run:error while processing ('Mathlib', 'Data', 'ZMod', 'IntUnitsPower'): Unknown flag `--module`.
Run `jixia -h` for further information.

ERROR:jixia.run:error while processing ('Mathlib', 'Data', 'Finsupp', 'ToDFinsupp'): Unknown flag `--module`.
Run `jixia -h` for further information.

ERROR:jixia.run:error while processing ('Mathlib', 'Data', 'Pi', 'Interval'): Unknown flag `--module`.
Run `jixia -h` for further information.

ERROR:jixia.run:error while processing ('Mathlib', 'Data', 'Matroid', 'Dual'): Unknown flag `--module`.
Run `jixia -h` for further information.

ERROR:jixia.run:error while processing ('Mathlib', 'Data', 'Finsupp', 'BigOperators'): Unknown flag `--module`.
Run `jixia -h` for further information.

ERROR:jixia.run:error while processing ('Mathlib', 'Data', 'Finsupp', 'Notation'): Unknown flag `--module`.
Run `jixia -h` for further information.

ERROR:jixia.run:error while processing ('Mathlib', 'Data', 'Finsupp', 'Fintype'): Unknown flag `--module`.
Run `jixia -h` for further information.

ERROR:jixia.run:error while processing ('Mathlib', 'Data', 'DFinsupp', 'Basic'): Unknown flag `--module`.
Run `jixia -h` for further information.

ERROR:jixia.run:error while processing ('Mathlib', 'Data', 'PSigma', 'Order'): Unknown flag `--module`.
Run `jixia -h` for further information.

ERROR:jixia.run:error while processing ('Mathlib', 'Data', 'Finsupp', 'Indicator'): Unknown flag `--module`.
Run `jixia -h` for further information.

ERROR:jixia.run:error while processing ('Mathlib', 'Data', 'Matroid', 'Restrict'): Unknown flag `--module`.
Run `jixia -h` for further information.

ERROR:jixia.run:error while processing ('Mathlib', 'Data', 'ZMod', 'Module'): Unknown flag `--module`.
Run `jixia -h` for further information.

ERROR:jixia.run:error while processing ('Mathlib', 'Data', 'Matroid', 'Constructions'): Unknown flag `--module`.
Run `jixia -h` for further information.

ERROR:jixia.run:error while processing ('Mathlib', 'Data', 'ENNReal', 'Basic'): Unknown flag `--module`.
Run `jixia -h` for further information.

ERROR:jixia.run:error while processing ('Mathlib', 'Data', 'DFinsupp', 'Interval'): Unknown flag `--module`.
Run `jixia -h` for further information.

ERROR:jixia.run:error while processing ('Mathlib', 'Data', 'Matroid', 'Init'): Unknown flag `--module`.
Run `jixia -h` for further information.

ERROR:jixia.run:error while processing ('Mathlib', 'Data', 'ZMod', 'Coprime'): Unknown flag `--module`.
Run `jixia -h` for further information.

ERROR:jixia.run:error while processing ('Mathlib', 'Data', 'Rbmap', 'Default'): Unknown flag `--module`.
Run `jixia -h` for further information.

ERROR:jixia.run:error while processing ('Mathlib', 'Data', 'Rbmap', 'Basic'): Unknown flag `--module`.
Run `jixia -h` for further information.

ERROR:jixia.run:error while processing ('Mathlib', 'Data', 'Finsupp', 'Antidiagonal'): Unknown flag `--module`.
Run `jixia -h` for further information.

ERROR:jixia.run:error while processing ('Mathlib', 'Data', 'ZMod', 'Defs'): Unknown flag `--module`.
Run `jixia -h` for further information.

ERROR:jixia.run:error while processing ('Mathlib', 'Data', 'Matroid', 'IndepAxioms'): Unknown flag `--module`.
Run `jixia -h` for further information.

ERROR:jixia.run:error while processing ('Mathlib', 'Data', 'SetLike', 'Fintype'): Unknown flag `--module`.
Run `jixia -h` for further information.

ERROR:jixia.run:error while processing ('Mathlib', 'Data', 'Matroid', 'Map'): Unknown flag `--module`.
Run `jixia -h` for further information.

ERROR:jixia.run:error while processing ('Mathlib', 'Data', 'Stream', 'Defs'): Unknown flag `--module`.
Run `jixia -h` for further information.

ERROR:jixia.run:error while processing ('Mathlib', 'Data', 'SetLike', 'Basic'): Unknown flag `--module`.
Run `jixia -h` for further information.

ERROR:jixia.run:error while processing ('Mathlib', 'Data', 'Finsupp', 'Order'): Unknown flag `--module`.
Run `jixia -h` for further information.

ERROR:jixia.run:error while processing ('Mathlib', 'Data', 'ZMod', 'Parity'): Unknown flag `--module`.
Run `jixia -h` for further information.

ERROR:jixia.run:error while processing ('Mathlib', 'Data', 'Finsupp', 'Interval'): Unknown flag `--module`.
Run `jixia -h` for further information.

ERROR:jixia.run:error while processing ('Mathlib', 'Data', 'Finsupp', 'Multiset'): Unknown flag `--module`.
Run `jixia -h` for further information.

ERROR:jixia.run:error while processing ('Mathlib', 'Data', 'ZMod', 'Algebra'): Unknown flag `--module`.
Run `jixia -h` for further information.

ERROR:jixia.run:error while processing ('Mathlib', 'Data', 'DFinsupp', 'Lex'): Unknown flag `--module`.
Run `jixia -h` for further information.

ERROR:jixia.run:error while processing ('Mathlib', 'Data', 'Finite', 'Basic'): Unknown flag `--module`.
Run `jixia -h` for further information.

ERROR:jixia.run:error while processing ('Mathlib', 'Data', 'Finsupp', 'Defs'): Unknown flag `--module`.
Run `jixia -h` for further information.

ERROR:jixia.run:error while processing ('Mathlib', 'Data', 'DFinsupp', 'WellFounded'): Unknown flag `--module`.
Run `jixia -h` for further information.

ERROR:jixia.run:error while processing ('Mathlib', 'Data', 'Finsupp', 'Pointwise'): Unknown flag `--module`.
Run `jixia -h` for further information.

ERROR:jixia.run:error while processing ('Mathlib', 'Data', 'DFinsupp', 'Encodable'): Unknown flag `--module`.
Run `jixia -h` for further information.

ERROR:jixia.run:error while processing ('Mathlib', 'Data', 'Finsupp', 'Encodable'): Unknown flag `--module`.
Run `jixia -h` for further information.

ERROR:jixia.run:error while processing ('Mathlib', 'Data', 'Finite', 'Defs'): Unknown flag `--module`.
Run `jixia -h` for further information.

ERROR:jixia.run:error while processing ('Mathlib', 'Data', 'DFinsupp', 'NeLocus'): Unknown flag `--module`.
Run `jixia -h` for further information.

ERROR:jixia.run:error while processing ('Mathlib', 'Data', 'Finite', 'Set'): Unknown flag `--module`.
Run `jixia -h` for further information.

ERROR:jixia.run:error while processing ('Mathlib', 'Data', 'PFunctor', 'Multivariate', 'M'): Unknown flag `--module`.
Run `jixia -h` for further information.

ERROR:jixia.run:error while processing ('Mathlib', 'Data', 'Finite', 'Card'): Unknown flag `--module`.
Run `jixia -h` for further information.

ERROR:jixia.run:error while processing ('Mathlib', 'Data', 'FP', 'Basic'): Unknown flag `--module`.
Run `jixia -h` for further information.

ERROR:jixia.run:error while processing ('Mathlib', 'Data', 'DFinsupp', 'Multiset'): Unknown flag `--module`.
Run `jixia -h` for further information.

ERROR:jixia.run:error while processing ('Mathlib', 'Data', 'Matrix', 'Kronecker'): Unknown flag `--module`.
Run `jixia -h` for further information.

ERROR:jixia.run:error while processing ('Mathlib', 'Data', 'Matrix', 'ColumnRowPartitioned'): Unknown flag `--module`.
Run `jixia -h` for further information.

ERROR:jixia.run:error while processing ('Mathlib', 'Data', 'DFinsupp', 'Notation'): Unknown flag `--module`.
Run `jixia -h` for further information.

ERROR:jixia.run:error while processing ('Mathlib', 'Data', 'PFunctor', 'Univariate', 'Basic'): Unknown flag `--module`.
Run `jixia -h` for further information.

ERROR:jixia.run:error while processing ('Mathlib', 'Data', 'ENNReal', 'Real'): Unknown flag `--module`.
Run `jixia -h` for further information.

ERROR:jixia.run:error while processing ('Mathlib', 'Data', 'DFinsupp', 'Order'): Unknown flag `--module`.
Run `jixia -h` for further information.

ERROR:jixia.run:error while processing ('Mathlib', 'Data', 'ENNReal', 'Inv'): Unknown flag `--module`.
Run `jixia -h` for further information.

ERROR:jixia.run:error while processing ('Mathlib', 'Data', 'Matrix', 'Rank'): Unknown flag `--module`.
Run `jixia -h` for further information.

ERROR:jixia.run:error while processing ('Mathlib', 'Data', 'Matrix', 'Hadamard'): Unknown flag `--module`.
Run `jixia -h` for further information.

ERROR:jixia.run:error while processing ('Mathlib', 'Data', 'ENNReal', 'Operations'): Unknown flag `--module`.
Run `jixia -h` for further information.

ERROR:jixia.run:error while processing ('Mathlib', 'Data', 'PFunctor', 'Univariate', 'M'): Unknown flag `--module`.
Run `jixia -h` for further information.

ERROR:jixia.run:error while processing ('Mathlib', 'Data', 'Matrix', 'DMatrix'): Unknown flag `--module`.
Run `jixia -h` for further information.

ERROR:jixia.run:error while processing ('Mathlib', 'Data', 'PFunctor', 'Multivariate', 'W'): Unknown flag `--module`.
Run `jixia -h` for further information.

ERROR:jixia.run:error while processing ('Mathlib', 'Data', 'Matrix', 'DualNumber'): Unknown flag `--module`.
Run `jixia -h` for further information.

ERROR:jixia.run:error while processing ('Mathlib', 'Data', 'Matrix', 'Invertible'): Unknown flag `--module`.
Run `jixia -h` for further information.

ERROR:jixia.run:error while processing ('Mathlib', 'Data', 'Matrix', 'RowCol'): Unknown flag `--module`.
Run `jixia -h` for further information.

ERROR:jixia.run:error while processing ('Mathlib', 'Data', 'PFunctor', 'Multivariate', 'Basic'): Unknown flag `--module`.
Run `jixia -h` for further information.

ERROR:jixia.run:error while processing ('Mathlib', 'Data', 'Matrix', 'Basis'): Unknown flag `--module`.
Run `jixia -h` for further information.

ERROR:jixia.run:error while processing ('Mathlib', 'Data', 'Matrix', 'Auto'): Unknown flag `--module`.
Run `jixia -h` for further information.

ERROR:jixia.run:error while processing ('Mathlib', 'Data', 'Matrix', 'PEquiv'): Unknown flag `--module`.
Run `jixia -h` for further information.

ERROR:jixia.run:error while processing ('Mathlib', 'Data', 'Matrix', 'Reflection'): Unknown flag `--module`.
Run `jixia -h` for further information.

ERROR:jixia.run:error while processing ('Mathlib', 'Data', 'Setoid', 'Partition'): Unknown flag `--module`.
Run `jixia -h` for further information.

ERROR:jixia.run:error while processing ('Mathlib', 'Data', 'Matrix', 'Basic'): Unknown flag `--module`.
Run `jixia -h` for further information.

ERROR:jixia.run:error while processing ('Mathlib', 'Data', 'Matrix', 'Notation'): Unknown flag `--module`.
Run `jixia -h` for further information.

ERROR:jixia.run:error while processing ('Mathlib', 'Data', 'Matrix', 'CharP'): Unknown flag `--module`.
Run `jixia -h` for further information.

ERROR:jixia.run:error while processing ('Mathlib', 'Data', 'Matrix', 'Block'): Unknown flag `--module`.
Run `jixia -h` for further information.

ERROR:jixia.run:error while processing ('Mathlib', 'Data', 'Setoid', 'Basic'): Unknown flag `--module`.
Run `jixia -h` for further information.

ERROR:jixia.run:error while processing ('Mathlib', 'Data', 'Nat', 'Pairing'): Unknown flag `--module`.
Run `jixia -h` for further information.

ERROR:jixia.run:error while processing ('Mathlib', 'Data', 'Nat', 'SqrtNormNum'): Unknown flag `--module`.
Run `jixia -h` for further information.

ERROR:jixia.run:error while processing ('Mathlib', 'Data', 'Nat', 'Squarefree'): Unknown flag `--module`.
Run `jixia -h` for further information.

ERROR:jixia.run:error while processing ('Mathlib', 'Data', 'Nat', 'MaxPowDiv'): Unknown flag `--module`.
Run `jixia -h` for further information.

ERROR:jixia.run:error while processing ('Mathlib', 'Data', 'Nat', 'PartENat'): Unknown flag `--module`.
Run `jixia -h` for further information.

ERROR:jixia.run:error while processing ('Mathlib', 'Data', 'Nat', 'Prime'): Unknown flag `--module`.
Run `jixia -h` for further information.

ERROR:jixia.run:error while processing ('Mathlib', 'Data', 'Nat', 'ModEq'): Unknown flag `--module`.
Run `jixia -h` for further information.

ERROR:jixia.run:error while processing ('Mathlib', 'Data', 'Nat', 'Lattice'): Unknown flag `--module`.
Run `jixia -h` for further information.

ERROR:jixia.run:error while processing ('Mathlib', 'Data', 'Nat', 'Hyperoperation'): Unknown flag `--module`.
Run `jixia -h` for further information.

ERROR:jixia.run:error while processing ('Mathlib', 'Data', 'Nat', 'EvenOddRec'): Unknown flag `--module`.
Run `jixia -h` for further information.

ERROR:jixia.run:error while processing ('Mathlib', 'Data', 'Nat', 'Count'): Unknown flag `--module`.
Run `jixia -h` for further information.

ERROR:jixia.run:error while processing ('Mathlib', 'Data', 'Nat', 'PSub'): Unknown flag `--module`.
Run `jixia -h` for further information.

ERROR:jixia.run:error while processing ('Mathlib', 'Data', 'Nat', 'ChineseRemainder'): Unknown flag `--module`.
Run `jixia -h` for further information.

ERROR:jixia.run:error while processing ('Mathlib', 'Data', 'Nat', 'Choose', 'Multinomial'): Unknown flag `--module`.
Run `jixia -h` for further information.

ERROR:jixia.run:error while processing ('Mathlib', 'Data', 'Nat', 'PrimeFin'): Unknown flag `--module`.
Run `jixia -h` for further information.

ERROR:jixia.run:error while processing ('Mathlib', 'Data', 'Nat', 'Defs'): Unknown flag `--module`.
Run `jixia -h` for further information.

ERROR:jixia.run:error while processing ('Mathlib', 'Data', 'Nat', 'SuccPred'): Unknown flag `--module`.
Run `jixia -h` for further information.

ERROR:jixia.run:error while processing ('Mathlib', 'Data', 'Nat', 'Factors'): Unknown flag `--module`.
Run `jixia -h` for further information.

ERROR:jixia.run:error while processing ('Mathlib', 'Data', 'Nat', 'Cast', 'NeZero'): Unknown flag `--module`.
Run `jixia -h` for further information.

ERROR:jixia.run:error while processing ('Mathlib', 'Data', 'Nat', 'Factorization', 'Basic'): Unknown flag `--module`.
Run `jixia -h` for further information.

ERROR:jixia.run:error while processing ('Mathlib', 'Data', 'Nat', 'Cast', 'Synonym'): Unknown flag `--module`.
Run `jixia -h` for further information.

ERROR:jixia.run:error while processing ('Mathlib', 'Data', 'Nat', 'Cast', 'Field'): Unknown flag `--module`.
Run `jixia -h` for further information.

ERROR:jixia.run:error while processing ('Mathlib', 'Data', 'Nat', 'Nth'): Unknown flag `--module`.
Run `jixia -h` for further information.

ERROR:jixia.run:error while processing ('Mathlib', 'Data', 'Nat', 'Totient'): Unknown flag `--module`.
Run `jixia -h` for further information.

ERROR:jixia.run:error while processing ('Mathlib', 'Data', 'Nat', 'Cast', 'WithTop'): Unknown flag `--module`.
Run `jixia -h` for further information.

ERROR:jixia.run:error while processing ('Mathlib', 'Data', 'Nat', 'Fib', 'Basic'): Unknown flag `--module`.
Run `jixia -h` for further information.

ERROR:jixia.run:error while processing ('Mathlib', 'Data', 'Nat', 'Factorization', 'Root'): Unknown flag `--module`.
Run `jixia -h` for further information.

ERROR:jixia.run:error while processing ('Mathlib', 'Data', 'Nat', 'Dist'): Unknown flag `--module`.
Run `jixia -h` for further information.

ERROR:jixia.run:error while processing ('Mathlib', 'Data', 'PNat', 'Xgcd'): Unknown flag `--module`.
Run `jixia -h` for further information.

ERROR:jixia.run:error while processing ('Mathlib', 'Data', 'Nat', 'Bits'): Unknown flag `--module`.
Run `jixia -h` for further information.

ERROR:jixia.run:error while processing ('Mathlib', 'Data', 'Nat', 'Cast', 'Prod'): Unknown flag `--module`.
Run `jixia -h` for further information.

ERROR:jixia.run:error while processing ('Mathlib', 'Data', 'Nat', 'Set'): Unknown flag `--module`.
Run `jixia -h` for further information.

ERROR:jixia.run:error while processing ('Mathlib', 'Data', 'Nat', 'Bitwise'): Unknown flag `--module`.
Run `jixia -h` for further information.

ERROR:jixia.run:error while processing ('Mathlib', 'Data', 'Nat', 'Cast', 'Defs'): Unknown flag `--module`.
Run `jixia -h` for further information.

ERROR:jixia.run:error while processing ('Mathlib', 'Data', 'Nat', 'Choose', 'Bounds'): Unknown flag `--module`.
Run `jixia -h` for further information.

ERROR:jixia.run:error while processing ('Mathlib', 'Data', 'Nat', 'Factorial', 'Cast'): Unknown flag `--module`.
Run `jixia -h` for further information.

ERROR:jixia.run:error while processing ('Mathlib', 'Data', 'Nat', 'Cast', 'SetInterval'): Unknown flag `--module`.
Run `jixia -h` for further information.

ERROR:jixia.run:error while processing ('Mathlib', 'Data', 'Nat', 'Upto'): Unknown flag `--module`.
Run `jixia -h` for further information.

ERROR:jixia.run:error while processing ('Mathlib', 'Data', 'Nat', 'Periodic'): Unknown flag `--module`.
Run `jixia -h` for further information.

ERROR:jixia.run:error while processing ('Mathlib', 'Data', 'Nat', 'Size'): Unknown flag `--module`.
Run `jixia -h` for further information.

ERROR:jixia.run:error while processing ('Mathlib', 'Data', 'Nat', 'GCD', 'Basic'): Unknown flag `--module`.
Run `jixia -h` for further information.

ERROR:jixia.run:error while processing ('Mathlib', 'Data', 'Nat', 'Fib', 'Zeckendorf'): Unknown flag `--module`.
Run `jixia -h` for further information.

ERROR:jixia.run:error while processing ('Mathlib', 'Data', 'Nat', 'Factorial', 'BigOperators'): Unknown flag `--module`.
Run `jixia -h` for further information.

ERROR:jixia.run:error while processing ('Mathlib', 'Data', 'Nat', 'Factorial', 'DoubleFactorial'): Unknown flag `--module`.
Run `jixia -h` for further information.

ERROR:jixia.run:error while processing ('Mathlib', 'Data', 'Countable', 'Basic'): Unknown flag `--module`.
Run `jixia -h` for further information.

ERROR:jixia.run:error while processing ('Mathlib', 'Data', 'PNat', 'Factors'): Unknown flag `--module`.
Run `jixia -h` for further information.

ERROR:jixia.run:error while processing ('Mathlib', 'Data', 'Nat', 'PrimeNormNum'): Unknown flag `--module`.
Run `jixia -h` for further information.

ERROR:jixia.run:error while processing ('Mathlib', 'Data', 'Nat', 'WithBot'): Unknown flag `--module`.
Run `jixia -h` for further information.

ERROR:jixia.run:error while processing ('Mathlib', 'Data', 'PNat', 'Interval'): Unknown flag `--module`.
Run `jixia -h` for further information.

ERROR:jixia.run:error while processing ('Mathlib', 'Data', 'Rbtree', 'Init'): Unknown flag `--module`.
Run `jixia -h` for further information.

ERROR:jixia.run:error while processing ('Mathlib', 'Data', 'Seq', 'Seq'): Unknown flag `--module`.
Run `jixia -h` for further information.

ERROR:jixia.run:error while processing ('Mathlib', 'Data', 'Nat', 'Log'): Unknown flag `--module`.
Run `jixia -h` for further information.

ERROR:jixia.run:error while processing ('Mathlib', 'Data', 'Nat', 'Cast', 'Order'): Unknown flag `--module`.
Run `jixia -h` for further information.

ERROR:jixia.run:error while processing ('Mathlib', 'Data', 'Nat', 'Factorization', 'PrimePow'): Unknown flag `--module`.
Run `jixia -h` for further information.

ERROR:jixia.run:error while processing ('Mathlib', 'Data', 'Nat', 'Factorial', 'Basic'): Unknown flag `--module`.
Run `jixia -h` for further information.

ERROR:jixia.run:error while processing ('Mathlib', 'Data', 'Nat', 'Choose', 'Dvd'): Unknown flag `--module`.
Run `jixia -h` for further information.

ERROR:jixia.run:error while processing ('Mathlib', 'Data', 'Seq', 'WSeq'): Unknown flag `--module`.
Run `jixia -h` for further information.

ERROR:jixia.run:error while processing ('Mathlib', 'Data', 'Nat', 'Cast', 'Commute'): Unknown flag `--module`.
Run `jixia -h` for further information.

ERROR:jixia.run:error while processing ('Mathlib', 'Data', 'Nat', 'GCD', 'BigOperators'): Unknown flag `--module`.
Run `jixia -h` for further information.

ERROR:jixia.run:error while processing ('Mathlib', 'Data', 'FunLike', 'Basic'): Unknown flag `--module`.
Run `jixia -h` for further information.

ERROR:jixia.run:error while processing ('Mathlib', 'Data', 'Nat', 'Cast', 'Basic'): Unknown flag `--module`.
Run `jixia -h` for further information.

ERROR:jixia.run:error while processing ('Mathlib', 'Data', 'Nat', 'Choose', 'Factorization'): Unknown flag `--module`.
Run `jixia -h` for further information.

ERROR:jixia.run:error while processing ('Mathlib', 'Data', 'Countable', 'Defs'): Unknown flag `--module`.
Run `jixia -h` for further information.

ERROR:jixia.run:error while processing ('Mathlib', 'Data', 'Nat', 'Choose', 'Basic'): Unknown flag `--module`.
Run `jixia -h` for further information.

ERROR:jixia.run:error while processing ('Mathlib', 'Data', 'Rbtree', 'DefaultLt'): Unknown flag `--module`.
Run `jixia -h` for further information.

ERROR:jixia.run:error while processing ('Mathlib', 'Data', 'PNat', 'Find'): Unknown flag `--module`.
Run `jixia -h` for further information.

ERROR:jixia.run:error while processing ('Mathlib', 'Data', 'Nat', 'Order', 'Lemmas'): Unknown flag `--module`.
Run `jixia -h` for further information.

ERROR:jixia.run:error while processing ('Mathlib', 'Data', 'Countable', 'Small'): Unknown flag `--module`.
Run `jixia -h` for further information.

ERROR:jixia.run:error while processing ('Mathlib', 'Data', 'Nat', 'Multiplicity'): Unknown flag `--module`.
Run `jixia -h` for further information.

ERROR:jixia.run:error while processing ('Mathlib', 'Data', 'Rbtree', 'Main'): Unknown flag `--module`.
Run `jixia -h` for further information.

ERROR:jixia.run:error while processing ('Mathlib', 'Data', 'Nat', 'Digits'): Unknown flag `--module`.
Run `jixia -h` for further information.

ERROR:jixia.run:error while processing ('Mathlib', 'Data', 'Nat', 'Choose', 'Sum'): Unknown flag `--module`.
Run `jixia -h` for further information.

ERROR:jixia.run:error while processing ('Mathlib', 'Data', 'PNat', 'Equiv'): Unknown flag `--module`.
Run `jixia -h` for further information.

ERROR:jixia.run:error while processing ('Mathlib', 'Data', 'Nat', 'Factorial', 'SuperFactorial'): Unknown flag `--module`.
Run `jixia -h` for further information.

ERROR:jixia.run:error while processing ('Mathlib', 'Data', 'Seq', 'Computation'): Unknown flag `--module`.
Run `jixia -h` for further information.

ERROR:jixia.run:error while processing ('Mathlib', 'Data', 'Nat', 'Choose', 'Cast'): Unknown flag `--module`.
Run `jixia -h` for further information.

ERROR:jixia.run:error while processing ('Mathlib', 'Data', 'Nat', 'Choose', 'Vandermonde'): Unknown flag `--module`.
Run `jixia -h` for further information.

ERROR:jixia.run:error while processing ('Mathlib', 'Data', 'Seq', 'Parallel'): Unknown flag `--module`.
Run `jixia -h` for further information.

ERROR:jixia.run:error while processing ('Mathlib', 'Data', 'Rbtree', 'Basic'): Unknown flag `--module`.
Run `jixia -h` for further information.

ERROR:jixia.run:error while processing ('Mathlib', 'Data', 'FunLike', 'Fintype'): Unknown flag `--module`.
Run `jixia -h` for further information.

ERROR:jixia.run:error while processing ('Mathlib', 'Data', 'PNat', 'Defs'): Unknown flag `--module`.
Run `jixia -h` for further information.

ERROR:jixia.run:error while processing ('Mathlib', 'Data', 'Nat', 'Choose', 'Central'): Unknown flag `--module`.
Run `jixia -h` for further information.

ERROR:jixia.run:error while processing ('Mathlib', 'Data', 'Rbtree', 'Find'): Unknown flag `--module`.
Run `jixia -h` for further information.

ERROR:jixia.run:error while processing ('Mathlib', 'Data', 'FunLike', 'Embedding'): Unknown flag `--module`.
Run `jixia -h` for further information.

ERROR:jixia.run:error while processing ('Mathlib', 'Data', 'PNat', 'Prime'): Unknown flag `--module`.
Run `jixia -h` for further information.

ERROR:jixia.run:error while processing ('Mathlib', 'Data', 'Rbtree', 'MinMax'): Unknown flag `--module`.
Run `jixia -h` for further information.

ERROR:jixia.run:error while processing ('Mathlib', 'Data', 'Sym', 'Card'): Unknown flag `--module`.
Run `jixia -h` for further information.

ERROR:jixia.run:error while processing ('Mathlib', 'Data', 'Rbtree', 'Insert'): Unknown flag `--module`.
Run `jixia -h` for further information.

ERROR:jixia.run:error while processing ('Mathlib', 'Data', 'Sym', 'Basic'): Unknown flag `--module`.
Run `jixia -h` for further information.

ERROR:jixia.run:error while processing ('Mathlib', 'Data', 'Sym', 'Sym2', 'Init'): Unknown flag `--module`.
Run `jixia -h` for further information.

ERROR:jixia.run:error while processing ('Mathlib', 'Data', 'FunLike', 'Equiv'): Unknown flag `--module`.
Run `jixia -h` for further information.

ERROR:jixia.run:error while processing ('Mathlib', 'Data', 'String', 'Basic'): Unknown flag `--module`.
Run `jixia -h` for further information.

ERROR:jixia.run:error while processing ('Mathlib', 'Data', 'String', 'Defs'): Unknown flag `--module`.
Run `jixia -h` for further information.

ERROR:jixia.run:error while processing ('Mathlib', 'Data', 'Sym', 'Sym2'): Unknown flag `--module`.
Run `jixia -h` for further information.

ERROR:jixia.run:error while processing ('Mathlib', 'Data', 'PNat', 'Basic'): Unknown flag `--module`.
Run `jixia -h` for further information.

ERROR:jixia.run:error while processing ('Mathlib', 'Data', 'Bool', 'Set'): Unknown flag `--module`.
Run `jixia -h` for further information.

ERROR:jixia.run:error while processing ('Mathlib', 'Data', 'Bool', 'Basic'): Unknown flag `--module`.
Run `jixia -h` for further information.

ERROR:jixia.run:error while processing ('Mathlib', 'Data', 'Bool', 'AllAny'): Unknown flag `--module`.
Run `jixia -h` for further information.

ERROR:jixia.run:error while processing ('Mathlib', 'Data', 'Set', 'Defs'): Unknown flag `--module`.
Run `jixia -h` for further information.

ERROR:jixia.run:error while processing ('Mathlib', 'Data', 'String', 'Lemmas'): Unknown flag `--module`.
Run `jixia -h` for further information.

ERROR:jixia.run:error while processing ('Mathlib', 'Data', 'Set', 'Sigma'): Unknown flag `--module`.
Run `jixia -h` for further information.

ERROR:jixia.run:error while processing ('Mathlib', 'Data', 'Set', 'Enumerate'): Unknown flag `--module`.
Run `jixia -h` for further information.

ERROR:jixia.run:error while processing ('Mathlib', 'Data', 'Bool', 'Count'): Unknown flag `--module`.
Run `jixia -h` for further information.

ERROR:jixia.run:error while processing ('Mathlib', 'Data', 'Set', 'Basic'): Unknown flag `--module`.
Run `jixia -h` for further information.

ERROR:jixia.run:error while processing ('Mathlib', 'Data', 'Set', 'Prod'): Unknown flag `--module`.
Run `jixia -h` for further information.

ERROR:jixia.run:error while processing ('Mathlib', 'Data', 'Set', 'Finite'): Unknown flag `--module`.
Run `jixia -h` for further information.

ERROR:jixia.run:error while processing ('Mathlib', 'Data', 'Set', 'Accumulate'): Unknown flag `--module`.
Run `jixia -h` for further information.

ERROR:jixia.run:error while processing ('Mathlib', 'Data', 'Set', 'Card'): Unknown flag `--module`.
Run `jixia -h` for further information.

ERROR:jixia.run:error while processing ('Mathlib', 'Data', 'Set', 'NAry'): Unknown flag `--module`.
Run `jixia -h` for further information.

ERROR:jixia.run:error while processing ('Mathlib', 'Data', 'Set', 'Semiring'): Unknown flag `--module`.
Run `jixia -h` for further information.

ERROR:jixia.run:error while processing ('Mathlib', 'Data', 'Set', 'MulAntidiagonal'): Unknown flag `--module`.
Run `jixia -h` for further information.

ERROR:jixia.run:error while processing ('Mathlib', 'Data', 'Set', 'Functor'): Unknown flag `--module`.
Run `jixia -h` for further information.

ERROR:jixia.run:error while processing ('Mathlib', 'Data', 'Set', 'Image'): Unknown flag `--module`.
Run `jixia -h` for further information.

ERROR:jixia.run:error while processing ('Mathlib', 'Data', 'Set', 'BoolIndicator'): Unknown flag `--module`.
Run `jixia -h` for further information.

ERROR:jixia.run:error while processing ('Mathlib', 'Data', 'Set', 'Countable'): Unknown flag `--module`.
Run `jixia -h` for further information.

ERROR:jixia.run:error while processing ('Mathlib', 'Data', 'Set', 'Opposite'): Unknown flag `--module`.
Run `jixia -h` for further information.

ERROR:jixia.run:error while processing ('Mathlib', 'Data', 'Set', 'UnionLift'): Unknown flag `--module`.
Run `jixia -h` for further information.

ERROR:jixia.run:error while processing ('Mathlib', 'Data', 'Set', 'Equitable'): Unknown flag `--module`.
Run `jixia -h` for further information.

ERROR:jixia.run:error while processing ('Mathlib', 'Data', 'Set', 'Subsingleton'): Unknown flag `--module`.
Run `jixia -h` for further information.

ERROR:jixia.run:error while processing ('Mathlib', 'Data', 'Set', 'Function'): Unknown flag `--module`.
Run `jixia -h` for further information.

ERROR:jixia.run:error while processing ('Mathlib', 'Data', 'Set', 'Sups'): Unknown flag `--module`.
Run `jixia -h` for further information.

ERROR:jixia.run:error while processing ('Mathlib', 'Data', 'Set', 'List'): Unknown flag `--module`.
Run `jixia -h` for further information.

ERROR:jixia.run:error while processing ('Mathlib', 'Data', 'Set', 'Subset'): Unknown flag `--module`.
Run `jixia -h` for further information.

ERROR:jixia.run:error while processing ('Mathlib', 'Data', 'Set', 'Constructions'): Unknown flag `--module`.
Run `jixia -h` for further information.

ERROR:jixia.run:error while processing ('Mathlib', 'Data', 'Fin', 'Fin2'): Unknown flag `--module`.
Run `jixia -h` for further information.

ERROR:jixia.run:error while processing ('Mathlib', 'Data', 'Analysis', 'Topology'): Unknown flag `--module`.
Run `jixia -h` for further information.

ERROR:jixia.run:error while processing ('Mathlib', 'Data', 'Fin', 'Tuple', 'Finset'): Unknown flag `--module`.
Run `jixia -h` for further information.

ERROR:jixia.run:error while processing ('Mathlib', 'Data', 'Fin', 'Tuple', 'Monotone'): Unknown flag `--module`.
Run `jixia -h` for further information.

ERROR:jixia.run:error while processing ('Mathlib', 'Data', 'Set', 'Pointwise', 'Support'): Unknown flag `--module`.
Run `jixia -h` for further information.

ERROR:jixia.run:error while processing ('Mathlib', 'Data', 'Set', 'MemPartition'): Unknown flag `--module`.
Run `jixia -h` for further information.

ERROR:jixia.run:error while processing ('Mathlib', 'Data', 'MLList', 'IO'): Unknown flag `--module`.
Run `jixia -h` for further information.

ERROR:jixia.run:error while processing ('Mathlib', 'Data', 'MLList', 'BestFirst'): Unknown flag `--module`.
Run `jixia -h` for further information.

ERROR:jixia.run:error while processing ('Mathlib', 'Data', 'Set', 'Pointwise', 'Finite'): Unknown flag `--module`.
Run `jixia -h` for further information.

ERROR:jixia.run:error while processing ('Mathlib', 'Data', 'Fin', 'Tuple', 'BubbleSortInduction'): Unknown flag `--module`.
Run `jixia -h` for further information.

ERROR:jixia.run:error while processing ('Mathlib', 'Data', 'MLList', 'Dedup'): Unknown flag `--module`.
Run `jixia -h` for further information.

ERROR:jixia.run:error while processing ('Mathlib', 'Data', 'Set', 'Pairwise', 'Basic'): Unknown flag `--module`.
Run `jixia -h` for further information.

ERROR:jixia.run:error while processing ('Mathlib', 'Data', 'Fin', 'Basic'): Unknown flag `--module`.
Run `jixia -h` for further information.

ERROR:jixia.run:error while processing ('Mathlib', 'Data', 'MLList', 'Split'): Unknown flag `--module`.
Run `jixia -h` for further information.

ERROR:jixia.run:error while processing ('Mathlib', 'Data', 'NNReal', 'Star'): Unknown flag `--module`.
Run `jixia -h` for further information.

ERROR:jixia.run:error while processing ('Mathlib', 'Data', 'Option', 'Defs'): Unknown flag `--module`.
Run `jixia -h` for further information.

ERROR:jixia.run:error while processing ('Mathlib', 'Data', 'Fin', 'Tuple', 'Curry'): Unknown flag `--module`.
Run `jixia -h` for further information.

ERROR:jixia.run:error while processing ('Mathlib', 'Data', 'Sum', 'Basic'): Unknown flag `--module`.
Run `jixia -h` for further information.

ERROR:jixia.run:error while processing ('Mathlib', 'Data', 'Fin', 'VecNotation'): Unknown flag `--module`.
Run `jixia -h` for further information.

ERROR:jixia.run:error while processing ('Mathlib', 'Data', 'Option', 'Basic'): Unknown flag `--module`.
Run `jixia -h` for further information.

ERROR:jixia.run:error while processing ('Mathlib', 'Data', 'MLList', 'DepthFirst'): Unknown flag `--module`.
Run `jixia -h` for further information.

ERROR:jixia.run:error while processing ('Mathlib', 'Data', 'Set', 'Pointwise', 'BigOperators'): Unknown flag `--module`.
Run `jixia -h` for further information.

ERROR:jixia.run:error while processing ('Mathlib', 'Data', 'LazyList', 'Basic'): Unknown flag `--module`.
Run `jixia -h` for further information.

ERROR:jixia.run:error while processing ('Mathlib', 'Data', 'Fin', 'SuccPred'): Unknown flag `--module`.
Run `jixia -h` for further information.

ERROR:jixia.run:error while processing ('Mathlib', 'Data', 'Sum', 'Lattice'): Unknown flag `--module`.
Run `jixia -h` for further information.

ERROR:jixia.run:error while processing ('Mathlib', 'Data', 'Complex', 'Exponential'): Unknown flag `--module`.
Run `jixia -h` for further information.

ERROR:jixia.run:error while processing ('Mathlib', 'Data', 'Set', 'Pointwise', 'Basic'): Unknown flag `--module`.
Run `jixia -h` for further information.

ERROR:jixia.run:error while processing ('Mathlib', 'Data', 'NNReal', 'Basic'): Unknown flag `--module`.
Run `jixia -h` for further information.

ERROR:jixia.run:error while processing ('Mathlib', 'Data', 'Complex', 'Orientation'): Unknown flag `--module`.
Run `jixia -h` for further information.

ERROR:jixia.run:error while processing ('Mathlib', 'Data', 'Set', 'Pointwise', 'SMul'): Unknown flag `--module`.
Run `jixia -h` for further information.

ERROR:jixia.run:error while processing ('Mathlib', 'Data', 'Sum', 'Interval'): Unknown flag `--module`.
Run `jixia -h` for further information.

ERROR:jixia.run:error while processing ('Mathlib', 'Data', 'QPF', 'Multivariate', 'Basic'): Unknown flag `--module`.
Run `jixia -h` for further information.

ERROR:jixia.run:error while processing ('Mathlib', 'Data', 'Complex', 'Abs'): Unknown flag `--module`.
Run `jixia -h` for further information.

ERROR:jixia.run:error while processing ('Mathlib', 'Data', 'Complex', 'FiniteDimensional'): Unknown flag `--module`.
Run `jixia -h` for further information.

ERROR:jixia.run:error while processing ('Mathlib', 'Data', 'Complex', 'Cardinality'): Unknown flag `--module`.
Run `jixia -h` for further information.

ERROR:jixia.run:error while processing ('Mathlib', 'Data', 'Prod', 'Lex'): Unknown flag `--module`.
Run `jixia -h` for further information.

ERROR:jixia.run:error while processing ('Mathlib', 'Data', 'Ordmap', 'Ordnode'): Unknown flag `--module`.
Run `jixia -h` for further information.

ERROR:jixia.run:error while processing ('Mathlib', 'Data', 'QPF', 'Multivariate', 'Constructions', 'Comp'): Unknown flag `--module`.
Run `jixia -h` for further information.

ERROR:jixia.run:error while processing ('Mathlib', 'Data', 'Rat', 'Denumerable'): Unknown flag `--module`.
Run `jixia -h` for further information.

ERROR:jixia.run:error while processing ('Mathlib', 'Data', 'Rat', 'Floor'): Unknown flag `--module`.
Run `jixia -h` for further information.

ERROR:jixia.run:error while processing ('Mathlib', 'Data', 'Fin', 'Tuple', 'Reflection'): Unknown flag `--module`.
Run `jixia -h` for further information.

ERROR:jixia.run:error while processing ('Mathlib', 'Data', 'Fin', 'Tuple', 'NatAntidiagonal'): Unknown flag `--module`.
Run `jixia -h` for further information.

ERROR:jixia.run:error while processing ('Mathlib', 'Data', 'Complex', 'Determinant'): Unknown flag `--module`.
Run `jixia -h` for further information.

ERROR:jixia.run:error while processing ('Mathlib', 'Data', 'Complex', 'Order'): Unknown flag `--module`.
Run `jixia -h` for further information.

ERROR:jixia.run:error while processing ('Mathlib', 'Data', 'Set', 'Pointwise', 'Interval'): Unknown flag `--module`.
Run `jixia -h` for further information.

ERROR:jixia.run:error while processing ('Mathlib', 'Data', 'QPF', 'Multivariate', 'Constructions', 'Fix'): Unknown flag `--module`.
Run `jixia -h` for further information.

ERROR:jixia.run:error while processing ('Mathlib', 'Data', 'Ordmap', 'Ordset'): Unknown flag `--module`.
Run `jixia -h` for further information.

ERROR:jixia.run:error while processing ('Mathlib', 'Data', 'Option', 'NAry'): Unknown flag `--module`.
Run `jixia -h` for further information.

ERROR:jixia.run:error while processing ('Mathlib', 'Data', 'Set', 'Pairwise', 'Lattice'): Unknown flag `--module`.
Run `jixia -h` for further information.

ERROR:jixia.run:error while processing ('Mathlib', 'Data', 'Prod', 'PProd'): Unknown flag `--module`.
Run `jixia -h` for further information.

ERROR:jixia.run:error while processing ('Mathlib', 'Data', 'Prod', 'Basic'): Unknown flag `--module`.
Run `jixia -h` for further information.

ERROR:jixia.run:error while processing ('Mathlib', 'Data', 'Set', 'Pointwise', 'ListOfFn'): Unknown flag `--module`.
Run `jixia -h` for further information.

ERROR:jixia.run:error while processing ('Mathlib', 'Data', 'Fin', 'FlagRange'): Unknown flag `--module`.
Run `jixia -h` for further information.

ERROR:jixia.run:error while processing ('Mathlib', 'Data', 'Fin', 'Tuple', 'Sort'): Unknown flag `--module`.
Run `jixia -h` for further information.

ERROR:jixia.run:error while processing ('Mathlib', 'Data', 'Complex', 'BigOperators'): Unknown flag `--module`.
Run `jixia -h` for further information.

ERROR:jixia.run:error while processing ('Mathlib', 'Data', 'Set', 'Pointwise', 'Iterate'): Unknown flag `--module`.
Run `jixia -h` for further information.

ERROR:jixia.run:error while processing ('Mathlib', 'Data', 'Set', 'Lattice'): Unknown flag `--module`.
Run `jixia -h` for further information.

ERROR:jixia.run:error while processing ('Mathlib', 'Data', 'QPF', 'Univariate', 'Basic'): Unknown flag `--module`.
Run `jixia -h` for further information.

ERROR:jixia.run:error while processing ('Mathlib', 'AlgebraicTopology', 'TopologicalSimplex'): Unknown flag `--module`.
Run `jixia -h` for further information.

ERROR:jixia.run:error while processing ('Mathlib', 'Data', 'Prod', 'TProd'): Unknown flag `--module`.
Run `jixia -h` for further information.

ERROR:jixia.run:error while processing ('Mathlib', 'Data', 'Analysis', 'Filter'): Unknown flag `--module`.
Run `jixia -h` for further information.

ERROR:jixia.run:error while processing ('Mathlib', 'AlgebraicTopology', 'ExtraDegeneracy'): Unknown flag `--module`.
Run `jixia -h` for further information.

ERROR:jixia.run:error while processing ('Mathlib', 'Data', 'Rat', 'Encodable'): Unknown flag `--module`.
Run `jixia -h` for further information.

ERROR:jixia.run:error while processing ('Mathlib', 'Data', 'Rat', 'Star'): Unknown flag `--module`.
Run `jixia -h` for further information.

ERROR:jixia.run:error while processing ('Mathlib', 'Data', 'Fin', 'Tuple', 'Basic'): Unknown flag `--module`.
Run `jixia -h` for further information.

ERROR:jixia.run:error while processing ('Mathlib', 'AlgebraicTopology', 'MooreComplex'): Unknown flag `--module`.
Run `jixia -h` for further information.

ERROR:jixia.run:error while processing ('Mathlib', 'Data', 'Complex', 'ExponentialBounds'): Unknown flag `--module`.
Run `jixia -h` for further information.

ERROR:jixia.run:error while processing ('Mathlib', 'Data', 'Sum', 'Order'): Unknown flag `--module`.
Run `jixia -h` for further information.

ERROR:jixia.run:error while processing ('Mathlib', 'Data', 'Rat', 'Cast', 'Lemmas'): Unknown flag `--module`.
Run `jixia -h` for further information.

ERROR:jixia.run:error while processing ('Mathlib', 'Data', 'Rat', 'BigOperators'): Unknown flag `--module`.
Run `jixia -h` for further information.

ERROR:jixia.run:error while processing ('Mathlib', 'Data', 'Rat', 'Cast', 'CharZero'): Unknown flag `--module`.
Run `jixia -h` for further information.

ERROR:jixia.run:error while processing ('Mathlib', 'Data', 'Rat', 'Init'): Unknown flag `--module`.
Run `jixia -h` for further information.

ERROR:jixia.run:error while processing ('Mathlib', 'AlgebraicTopology', 'CechNerve'): Unknown flag `--module`.
Run `jixia -h` for further information.

ERROR:jixia.run:error while processing ('Mathlib', 'Data', 'Complex', 'Basic'): Unknown flag `--module`.
Run `jixia -h` for further information.

ERROR:jixia.run:error while processing ('Mathlib', 'Data', 'Rat', 'Sqrt'): Unknown flag `--module`.
Run `jixia -h` for further information.

ERROR:jixia.run:error while processing ('Mathlib', 'Data', 'Rat', 'Lemmas'): Unknown flag `--module`.
Run `jixia -h` for further information.

ERROR:jixia.run:error while processing ('Mathlib', 'Data', 'Rat', 'Cast', 'Order'): Unknown flag `--module`.
Run `jixia -h` for further information.

ERROR:jixia.run:error while processing ('Mathlib', 'Data', 'QPF', 'Multivariate', 'Constructions', 'Prj'): Unknown flag `--module`.
Run `jixia -h` for further information.

ERROR:jixia.run:error while processing ('Mathlib', 'Data', 'Complex', 'Module'): Unknown flag `--module`.
Run `jixia -h` for further information.

ERROR:jixia.run:error while processing ('Mathlib', 'Data', 'Rat', 'Defs'): Unknown flag `--module`.
Run `jixia -h` for further information.

ERROR:jixia.run:error while processing ('Mathlib', 'AlgebraicTopology', 'Nerve'): Unknown flag `--module`.
Run `jixia -h` for further information.

ERROR:jixia.run:error while processing ('Mathlib', 'AlgebraicTopology', 'SingularSet'): Unknown flag `--module`.
Run `jixia -h` for further information.

ERROR:jixia.run:error while processing ('Mathlib', 'Data', 'QPF', 'Multivariate', 'Constructions', 'Sigma'): Unknown flag `--module`.
Run `jixia -h` for further information.

ERROR:jixia.run:error while processing ('Mathlib', 'Data', 'QPF', 'Multivariate', 'Constructions', 'Const'): Unknown flag `--module`.
Run `jixia -h` for further information.

ERROR:jixia.run:error while processing ('Mathlib', 'AlgebraicTopology', 'KanComplex'): Unknown flag `--module`.
Run `jixia -h` for further information.

ERROR:jixia.run:error while processing ('Mathlib', 'Data', 'QPF', 'Multivariate', 'Constructions', 'Quot'): Unknown flag `--module`.
Run `jixia -h` for further information.

ERROR:jixia.run:error while processing ('Mathlib', 'Data', 'Rat', 'Cast', 'Defs'): Unknown flag `--module`.
Run `jixia -h` for further information.

ERROR:jixia.run:error while processing ('Mathlib', 'Data', 'QPF', 'Multivariate', 'Constructions', 'Cofix'): Unknown flag `--module`.
Run `jixia -h` for further information.

ERROR:jixia.run:error while processing ('Mathlib', 'AlgebraicTopology', 'SplitSimplicialObject'): Unknown flag `--module`.
Run `jixia -h` for further information.

ERROR:jixia.run:error while processing ('Mathlib', 'AlgebraicTopology', 'Quasicategory'): Unknown flag `--module`.
Run `jixia -h` for further information.

ERROR:jixia.run:error while processing ('Mathlib', 'AlgebraicTopology', 'FundamentalGroupoid', 'Basic'): Unknown flag `--module`.
Run `jixia -h` for further information.

ERROR:jixia.run:error while processing ('Mathlib', 'AlgebraicTopology', 'SimplexCategory'): Unknown flag `--module`.
Run `jixia -h` for further information.

ERROR:jixia.run:error while processing ('Mathlib', 'AlgebraicTopology', 'AlternatingFaceMapComplex'): Unknown flag `--module`.
Run `jixia -h` for further information.

ERROR:jixia.run:error while processing ('Mathlib', 'AlgebraicTopology', 'SimplicialSet'): Unknown flag `--module`.
Run `jixia -h` for further information.

ERROR:jixia.run:error while processing ('Mathlib', 'AlgebraicTopology', 'FundamentalGroupoid', 'FundamentalGroup'): Unknown flag `--module`.
Run `jixia -h` for further information.

ERROR:jixia.run:error while processing ('Mathlib', 'AlgebraicTopology', 'SimplicialObject'): Unknown flag `--module`.
Run `jixia -h` for further information.

ERROR:jixia.run:error while processing ('Mathlib', 'AlgebraicTopology', 'FundamentalGroupoid', 'InducedMaps'): Unknown flag `--module`.
Run `jixia -h` for further information.

ERROR:jixia.run:error while processing ('Mathlib', 'AlgebraicTopology', 'FundamentalGroupoid', 'Product'): Unknown flag `--module`.
Run `jixia -h` for further information.

ERROR:jixia.run:error while processing ('Mathlib', 'AlgebraicTopology', 'SimplicialCategory', 'Basic'): Unknown flag `--module`.
Run `jixia -h` for further information.

ERROR:jixia.run:error while processing ('Mathlib', 'AlgebraicTopology', 'SimplicialSet', 'Monoidal'): Unknown flag `--module`.
Run `jixia -h` for further information.

ERROR:jixia.run:error while processing ('Mathlib', 'AlgebraicTopology', 'FundamentalGroupoid', 'PUnit'): Unknown flag `--module`.
Run `jixia -h` for further information.

ERROR:jixia.run:error while processing ('Mathlib', 'AlgebraicTopology', 'DoldKan', 'Degeneracies'): Unknown flag `--module`.
Run `jixia -h` for further information.

ERROR:jixia.run:error while processing ('Mathlib', 'AlgebraicTopology', 'DoldKan', 'FunctorGamma'): Unknown flag `--module`.
Run `jixia -h` for further information.

ERROR:jixia.run:error while processing ('Mathlib', 'AlgebraicTopology', 'DoldKan', 'NReflectsIso'): Unknown flag `--module`.
Run `jixia -h` for further information.

ERROR:jixia.run:error while processing ('Mathlib', 'AlgebraicTopology', 'DoldKan', 'Faces'): Unknown flag `--module`.
Run `jixia -h` for further information.

ERROR:jixia.run:error while processing ('Mathlib', 'AlgebraicTopology', 'DoldKan', 'Normalized'): Unknown flag `--module`.
Run `jixia -h` for further information.

ERROR:jixia.run:error while processing ('Mathlib', 'AlgebraicTopology', 'DoldKan', 'Homotopies'): Unknown flag `--module`.
Run `jixia -h` for further information.

ERROR:jixia.run:error while processing ('Mathlib', 'AlgebraicTopology', 'DoldKan', 'SplitSimplicialObject'): Unknown flag `--module`.
Run `jixia -h` for further information.

ERROR:jixia.run:error while processing ('Mathlib', 'AlgebraicTopology', 'FundamentalGroupoid', 'SimplyConnected'): Unknown flag `--module`.
Run `jixia -h` for further information.

ERROR:jixia.run:error while processing ('Mathlib', 'AlgebraicTopology', 'DoldKan', 'Projections'): Unknown flag `--module`.
Run `jixia -h` for further information.

ERROR:jixia.run:error while processing ('Mathlib', 'AlgebraicTopology', 'DoldKan', 'Decomposition'): Unknown flag `--module`.
Run `jixia -h` for further information.

ERROR:jixia.run:error while processing ('Mathlib', 'AlgebraicTopology', 'DoldKan', 'Compatibility'): Unknown flag `--module`.
Run `jixia -h` for further information.

ERROR:jixia.run:error while processing ('Mathlib', 'Computability', 'PartrecCode'): Unknown flag `--module`.
Run `jixia -h` for further information.

ERROR:jixia.run:error while processing ('Mathlib', 'Computability', 'Halting'): Unknown flag `--module`.
Run `jixia -h` for further information.

ERROR:jixia.run:error while processing ('Mathlib', 'Computability', 'Language'): Unknown flag `--module`.
Run `jixia -h` for further information.

ERROR:jixia.run:error while processing ('Mathlib', 'AlgebraicTopology', 'DoldKan', 'EquivalenceAdditive'): Unknown flag `--module`.
Run `jixia -h` for further information.

ERROR:jixia.run:error while processing ('Mathlib', 'Computability', 'AkraBazzi', 'GrowsPolynomially'): Unknown flag `--module`.
Run `jixia -h` for further information.

ERROR:jixia.run:error while processing ('Mathlib', 'Computability', 'TuringMachine'): Unknown flag `--module`.
Run `jixia -h` for further information.

ERROR:jixia.run:error while processing ('Mathlib', 'Computability', 'RegularExpressions'): Unknown flag `--module`.
Run `jixia -h` for further information.

ERROR:jixia.run:error while processing ('Mathlib', 'AlgebraicTopology', 'DoldKan', 'EquivalencePseudoabelian'): Unknown flag `--module`.
Run `jixia -h` for further information.

ERROR:jixia.run:error while processing ('Mathlib', 'Algebra', 'DualQuaternion'): Unknown flag `--module`.
Run `jixia -h` for further information.

ERROR:jixia.run:error while processing ('Mathlib', 'Computability', 'DFA'): Unknown flag `--module`.
Run `jixia -h` for further information.

ERROR:jixia.run:error while processing ('Mathlib', 'Algebra', 'FreeNonUnitalNonAssocAlgebra'): Unknown flag `--module`.
Run `jixia -h` for further information.

ERROR:jixia.run:error while processing ('Mathlib', 'Algebra', 'SMulWithZero'): Unknown flag `--module`.
Run `jixia -h` for further information.

ERROR:jixia.run:error while processing ('Mathlib', 'AlgebraicTopology', 'DoldKan', 'PInfty'): Unknown flag `--module`.
Run `jixia -h` for further information.

ERROR:jixia.run:error while processing ('Mathlib', 'Computability', 'Reduce'): Unknown flag `--module`.
Run `jixia -h` for further information.

ERROR:jixia.run:error while processing ('Mathlib', 'AlgebraicTopology', 'DoldKan', 'NCompGamma'): Unknown flag `--module`.
Run `jixia -h` for further information.

ERROR:jixia.run:error while processing ('Mathlib', 'Algebra', 'Quaternion'): Unknown flag `--module`.
Run `jixia -h` for further information.

ERROR:jixia.run:error while processing ('Mathlib', 'Algebra', 'FreeAlgebra'): Unknown flag `--module`.
Run `jixia -h` for further information.

ERROR:jixia.run:error while processing ('Mathlib', 'Computability', 'Primrec'): Unknown flag `--module`.
Run `jixia -h` for further information.

ERROR:jixia.run:error while processing ('Mathlib', 'Algebra', 'NeZero'): Unknown flag `--module`.
Run `jixia -h` for further information.

ERROR:jixia.run:error while processing ('Mathlib', 'AlgebraicTopology', 'DoldKan', 'GammaCompN'): Unknown flag `--module`.
Run `jixia -h` for further information.

ERROR:jixia.run:error while processing ('Mathlib', 'Algebra', 'HierarchyDesign'): Unknown flag `--module`.
Run `jixia -h` for further information.

ERROR:jixia.run:error while processing ('Mathlib', 'Algebra', 'LinearRecurrence'): Unknown flag `--module`.
Run `jixia -h` for further information.

ERROR:jixia.run:error while processing ('Mathlib', 'Algebra', 'QuaternionBasis'): Unknown flag `--module`.
Run `jixia -h` for further information.

ERROR:jixia.run:error while processing ('Mathlib', 'Algebra', 'ModEq'): Unknown flag `--module`.
Run `jixia -h` for further information.

ERROR:jixia.run:error while processing ('Mathlib', 'AlgebraicTopology', 'DoldKan', 'FunctorN'): Unknown flag `--module`.
Run `jixia -h` for further information.

ERROR:jixia.run:error while processing ('Mathlib', 'Algebra', 'CubicDiscriminant'): Unknown flag `--module`.
Run `jixia -h` for further information.

ERROR:jixia.run:error while processing ('Mathlib', 'Algebra', 'Opposites'): Unknown flag `--module`.
Run `jixia -h` for further information.

ERROR:jixia.run:error while processing ('Mathlib', 'Algebra', 'AlgebraicCard'): Unknown flag `--module`.
Run `jixia -h` for further information.

ERROR:jixia.run:error while processing ('Mathlib', 'Algebra', 'IsPrimePow'): Unknown flag `--module`.
Run `jixia -h` for further information.

ERROR:jixia.run:error while processing ('Mathlib', 'Algebra', 'Quandle'): Unknown flag `--module`.
Run `jixia -h` for further information.

ERROR:jixia.run:error while processing ('Mathlib', 'Algebra', 'DualNumber'): Unknown flag `--module`.
Run `jixia -h` for further information.

ERROR:jixia.run:error while processing ('Mathlib', 'AlgebraicTopology', 'DoldKan', 'HomotopyEquivalence'): Unknown flag `--module`.
Run `jixia -h` for further information.

ERROR:jixia.run:error while processing ('Mathlib', 'Algebra', 'GradedMulAction'): Unknown flag `--module`.
Run `jixia -h` for further information.

ERROR:jixia.run:error while processing ('Mathlib', 'Algebra', 'TrivSqZeroExt'): Unknown flag `--module`.
Run `jixia -h` for further information.

ERROR:jixia.run:error while processing ('Mathlib', 'AlgebraicTopology', 'DoldKan', 'Notations'): Unknown flag `--module`.
Run `jixia -h` for further information.

ERROR:jixia.run:error while processing ('Mathlib', 'Algebra', 'Exact'): Unknown flag `--module`.
Run `jixia -h` for further information.

ERROR:jixia.run:error while processing ('Mathlib', 'Algebra', 'Symmetrized'): Unknown flag `--module`.
Run `jixia -h` for further information.

ERROR:jixia.run:error while processing ('Mathlib', 'AlgebraicTopology', 'DoldKan', 'Equivalence'): Unknown flag `--module`.
Run `jixia -h` for further information.

ERROR:jixia.run:error while processing ('Mathlib', 'Algebra', 'RingQuot'): Unknown flag `--module`.
Run `jixia -h` for further information.

ERROR:jixia.run:error while processing ('Mathlib', 'Computability', 'Ackermann'): Unknown flag `--module`.
Run `jixia -h` for further information.

ERROR:jixia.run:error while processing ('Mathlib', 'Algebra', 'Algebra', 'Subalgebra', 'Rank'): Unknown flag `--module`.
Run `jixia -h` for further information.

ERROR:jixia.run:error while processing ('Mathlib', 'Computability', 'EpsilonNFA'): Unknown flag `--module`.
Run `jixia -h` for further information.

ERROR:jixia.run:error while processing ('Mathlib', 'Algebra', 'GradedMonoid'): Unknown flag `--module`.
Run `jixia -h` for further information.

ERROR:jixia.run:error while processing ('Mathlib', 'Algebra', 'GeomSum'): Unknown flag `--module`.
Run `jixia -h` for further information.

ERROR:jixia.run:error while processing ('Mathlib', 'Algebra', 'Quotient'): Unknown flag `--module`.
Run `jixia -h` for further information.

ERROR:jixia.run:error while processing ('Mathlib', 'Algebra', 'Associated'): Unknown flag `--module`.
Run `jixia -h` for further information.

ERROR:jixia.run:error while processing ('Mathlib', 'Computability', 'TMToPartrec'): Unknown flag `--module`.
Run `jixia -h` for further information.

ERROR:jixia.run:error while processing ('Mathlib', 'Computability', 'Partrec'): Unknown flag `--module`.
Run `jixia -h` for further information.

ERROR:jixia.run:error while processing ('Mathlib', 'Algebra', 'Vertex', 'HVertexOperator'): Unknown flag `--module`.
Run `jixia -h` for further information.

ERROR:jixia.run:error while processing ('Mathlib', 'Algebra', 'Algebra', 'Subalgebra', 'Pointwise'): Unknown flag `--module`.
Run `jixia -h` for further information.

ERROR:jixia.run:error while processing ('Mathlib', 'Computability', 'ContextFreeGrammar'): Unknown flag `--module`.
Run `jixia -h` for further information.

ERROR:jixia.run:error while processing ('Mathlib', 'Computability', 'TMComputable'): Unknown flag `--module`.
Run `jixia -h` for further information.

ERROR:jixia.run:error while processing ('Mathlib', 'Computability', 'AkraBazzi', 'AkraBazzi'): Unknown flag `--module`.
Run `jixia -h` for further information.

ERROR:jixia.run:error while processing ('Mathlib', 'Algebra', 'DirectLimit'): Unknown flag `--module`.
Run `jixia -h` for further information.

ERROR:jixia.run:error while processing ('Mathlib', 'Computability', 'Encoding'): Unknown flag `--module`.
Run `jixia -h` for further information.

ERROR:jixia.run:error while processing ('Mathlib', 'Computability', 'NFA'): Unknown flag `--module`.
Run `jixia -h` for further information.

ERROR:jixia.run:error while processing ('Mathlib', 'Algebra', 'Algebra', 'Prod'): Unknown flag `--module`.
Run `jixia -h` for further information.

ERROR:jixia.run:error while processing ('Mathlib', 'Algebra', 'Algebra', 'Quasispectrum'): Unknown flag `--module`.
Run `jixia -h` for further information.

ERROR:jixia.run:error while processing ('Mathlib', 'Algebra', 'Bounds'): Unknown flag `--module`.
Run `jixia -h` for further information.

ERROR:jixia.run:error while processing ('Mathlib', 'Algebra', 'Algebra', 'Subalgebra', 'MulOpposite'): Unknown flag `--module`.
Run `jixia -h` for further information.

ERROR:jixia.run:error while processing ('Mathlib', 'Algebra', 'Algebra', 'Bilinear'): Unknown flag `--module`.
Run `jixia -h` for further information.

ERROR:jixia.run:error while processing ('Mathlib', 'Algebra', 'Periodic'): Unknown flag `--module`.
Run `jixia -h` for further information.

ERROR:jixia.run:error while processing ('Mathlib', 'Algebra', 'Expr'): Unknown flag `--module`.
Run `jixia -h` for further information.

ERROR:jixia.run:error while processing ('Mathlib', 'Algebra', 'PUnitInstances'): Unknown flag `--module`.
Run `jixia -h` for further information.

ERROR:jixia.run:error while processing ('Mathlib', 'Algebra', 'AddTorsor'): Unknown flag `--module`.
Run `jixia -h` for further information.

ERROR:jixia.run:error while processing ('Mathlib', 'Algebra', 'PEmptyInstances'): Unknown flag `--module`.
Run `jixia -h` for further information.

ERROR:jixia.run:error while processing ('Mathlib', 'Algebra', 'Free'): Unknown flag `--module`.
Run `jixia -h` for further information.

ERROR:jixia.run:error while processing ('Mathlib', 'Algebra', 'Algebra', 'RestrictScalars'): Unknown flag `--module`.
Run `jixia -h` for further information.

ERROR:jixia.run:error while processing ('Mathlib', 'Algebra', 'Algebra', 'Subalgebra', 'Order'): Unknown flag `--module`.
Run `jixia -h` for further information.

ERROR:jixia.run:error while processing ('Mathlib', 'Algebra', 'Squarefree', 'Basic'): Unknown flag `--module`.
Run `jixia -h` for further information.

ERROR:jixia.run:error while processing ('Mathlib', 'Algebra', 'QuadraticDiscriminant'): Unknown flag `--module`.
Run `jixia -h` for further information.

ERROR:jixia.run:error while processing ('Mathlib', 'Algebra', 'EuclideanDomain', 'Instances'): Unknown flag `--module`.
Run `jixia -h` for further information.

ERROR:jixia.run:error while processing ('Mathlib', 'Algebra', 'Algebra', 'NonUnitalHom'): Unknown flag `--module`.
Run `jixia -h` for further information.

ERROR:jixia.run:error while processing ('Mathlib', 'Algebra', 'Algebra', 'Defs'): Unknown flag `--module`.
Run `jixia -h` for further information.

ERROR:jixia.run:error while processing ('Mathlib', 'Algebra', 'EuclideanDomain', 'Defs'): Unknown flag `--module`.
Run `jixia -h` for further information.

ERROR:jixia.run:error while processing ('Mathlib', 'Algebra', 'Algebra', 'Tower'): Unknown flag `--module`.
Run `jixia -h` for further information.

ERROR:jixia.run:error while processing ('Mathlib', 'Algebra', 'Algebra', 'Equiv'): Unknown flag `--module`.
Run `jixia -h` for further information.

ERROR:jixia.run:error while processing ('Mathlib', 'Algebra', 'EuclideanDomain', 'Basic'): Unknown flag `--module`.
Run `jixia -h` for further information.

ERROR:jixia.run:error while processing ('Mathlib', 'Algebra', 'Algebra', 'Pi'): Unknown flag `--module`.
Run `jixia -h` for further information.

ERROR:jixia.run:error while processing ('Mathlib', 'Algebra', 'Algebra', 'Opposite'): Unknown flag `--module`.
Run `jixia -h` for further information.

ERROR:jixia.run:error while processing ('Mathlib', 'Algebra', 'Algebra', 'Unitization'): Unknown flag `--module`.
Run `jixia -h` for further information.

ERROR:jixia.run:error while processing ('Mathlib', 'Algebra', 'Algebra', 'Subalgebra', 'Unitization'): Unknown flag `--module`.
Run `jixia -h` for further information.

ERROR:jixia.run:error while processing ('Mathlib', 'Algebra', 'Algebra', 'Subalgebra', 'Prod'): Unknown flag `--module`.
Run `jixia -h` for further information.

ERROR:jixia.run:error while processing ('Mathlib', 'Algebra', 'Algebra', 'NonUnitalSubalgebra'): Unknown flag `--module`.
Run `jixia -h` for further information.

ERROR:jixia.run:error while processing ('Mathlib', 'Algebra', 'Algebra', 'Spectrum'): Unknown flag `--module`.
Run `jixia -h` for further information.

ERROR:jixia.run:error while processing ('Mathlib', 'Algebra', 'Algebra', 'Basic'): Unknown flag `--module`.
Run `jixia -h` for further information.

ERROR:jixia.run:error while processing ('Mathlib', 'Algebra', 'Algebra', 'Hom'): Unknown flag `--module`.
Run `jixia -h` for further information.

ERROR:jixia.run:error while processing ('Mathlib', 'Algebra', 'Algebra', 'Operations'): Unknown flag `--module`.
Run `jixia -h` for further information.

ERROR:jixia.run:error while processing ('Mathlib', 'Algebra', 'Algebra', 'Subalgebra', 'Operations'): Unknown flag `--module`.
Run `jixia -h` for further information.

ERROR:jixia.run:error while processing ('Mathlib', 'Algebra', 'Ring', 'Basic'): Unknown flag `--module`.
Run `jixia -h` for further information.

ERROR:jixia.run:error while processing ('Mathlib', 'Algebra', 'Algebra', 'Subalgebra', 'Tower'): Unknown flag `--module`.
Run `jixia -h` for further information.

ERROR:jixia.run:error while processing ('Mathlib', 'Algebra', 'Algebra', 'Subalgebra', 'Directed'): Unknown flag `--module`.
Run `jixia -h` for further information.

ERROR:jixia.run:error while processing ('Mathlib', 'Algebra', 'Algebra', 'Subalgebra', 'Basic'): Unknown flag `--module`.
Run `jixia -h` for further information.

ERROR:jixia.run:error while processing ('Mathlib', 'Algebra', 'Ring', 'Int'): Unknown flag `--module`.
Run `jixia -h` for further information.

ERROR:jixia.run:error while processing ('Mathlib', 'Algebra', 'Ring', 'Pi'): Unknown flag `--module`.
Run `jixia -h` for further information.

ERROR:jixia.run:error while processing ('Mathlib', 'Algebra', 'Ring', 'Nat'): Unknown flag `--module`.
Run `jixia -h` for further information.

ERROR:jixia.run:error while processing ('Mathlib', 'Algebra', 'Ring', 'WithZero'): Unknown flag `--module`.
Run `jixia -h` for further information.

ERROR:jixia.run:error while processing ('Mathlib', 'Algebra', 'Ring', 'Units'): Unknown flag `--module`.
Run `jixia -h` for further information.

ERROR:jixia.run:error while processing ('Mathlib', 'Algebra', 'Ring', 'Centralizer'): Unknown flag `--module`.
Run `jixia -h` for further information.

ERROR:jixia.run:error while processing ('Mathlib', 'Algebra', 'Ring', 'Ext'): Unknown flag `--module`.
Run `jixia -h` for further information.

ERROR:jixia.run:error while processing ('Mathlib', 'Algebra', 'Ring', 'Opposite'): Unknown flag `--module`.
Run `jixia -h` for further information.

ERROR:jixia.run:error while processing ('Mathlib', 'Algebra', 'Ring', 'Regular'): Unknown flag `--module`.
Run `jixia -h` for further information.

ERROR:jixia.run:error while processing ('Mathlib', 'Algebra', 'Ring', 'Center'): Unknown flag `--module`.
Run `jixia -h` for further information.

ERROR:jixia.run:error while processing ('Mathlib', 'Algebra', 'Ring', 'Divisibility', 'Lemmas'): Unknown flag `--module`.
Run `jixia -h` for further information.

ERROR:jixia.run:error while processing ('Mathlib', 'Algebra', 'Ring', 'Idempotents'): Unknown flag `--module`.
Run `jixia -h` for further information.

ERROR:jixia.run:error while processing ('Mathlib', 'Algebra', 'Ring', 'CentroidHom'): Unknown flag `--module`.
Run `jixia -h` for further information.

ERROR:jixia.run:error while processing ('Mathlib', 'Algebra', 'Ring', 'Aut'): Unknown flag `--module`.
Run `jixia -h` for further information.

ERROR:jixia.run:error while processing ('Mathlib', 'Algebra', 'Ring', 'NegOnePow'): Unknown flag `--module`.
Run `jixia -h` for further information.

ERROR:jixia.run:error while processing ('Mathlib', 'Algebra', 'Ring', 'CompTypeclasses'): Unknown flag `--module`.
Run `jixia -h` for further information.

ERROR:jixia.run:error while processing ('Mathlib', 'Algebra', 'Ring', 'Defs'): Unknown flag `--module`.
Run `jixia -h` for further information.

ERROR:jixia.run:error while processing ('Mathlib', 'Algebra', 'Ring', 'AddAut'): Unknown flag `--module`.
Run `jixia -h` for further information.

ERROR:jixia.run:error while processing ('Mathlib', 'Algebra', 'Ring', 'Equiv'): Unknown flag `--module`.
Run `jixia -h` for further information.

ERROR:jixia.run:error while processing ('Mathlib', 'Algebra', 'Ring', 'Fin'): Unknown flag `--module`.
Run `jixia -h` for further information.

ERROR:jixia.run:error while processing ('Mathlib', 'Algebra', 'Ring', 'MinimalAxioms'): Unknown flag `--module`.
Run `jixia -h` for further information.

ERROR:jixia.run:error while processing ('Mathlib', 'Algebra', 'Ring', 'Subring', 'Pointwise'): Unknown flag `--module`.
Run `jixia -h` for further information.

ERROR:jixia.run:error while processing ('Mathlib', 'Algebra', 'Ring', 'InjSurj'): Unknown flag `--module`.
Run `jixia -h` for further information.

ERROR:jixia.run:error while processing ('Mathlib', 'Algebra', 'Ring', 'Parity'): Unknown flag `--module`.
Run `jixia -h` for further information.

ERROR:jixia.run:error while processing ('Mathlib', 'Algebra', 'Ring', 'Subring', 'MulOpposite'): Unknown flag `--module`.
Run `jixia -h` for further information.

ERROR:jixia.run:error while processing ('Mathlib', 'Algebra', 'Ring', 'Hom', 'Defs'): Unknown flag `--module`.
Run `jixia -h` for further information.

ERROR:jixia.run:error while processing ('Mathlib', 'Algebra', 'Ring', 'Prod'): Unknown flag `--module`.
Run `jixia -h` for further information.

ERROR:jixia.run:error while processing ('Mathlib', 'Algebra', 'Ring', 'ULift'): Unknown flag `--module`.
Run `jixia -h` for further information.

ERROR:jixia.run:error while processing ('Mathlib', 'Algebra', 'Ring', 'Action', 'Group'): Unknown flag `--module`.
Run `jixia -h` for further information.

ERROR:jixia.run:error while processing ('Mathlib', 'Algebra', 'Ring', 'Rat'): Unknown flag `--module`.
Run `jixia -h` for further information.

ERROR:jixia.run:error while processing ('Mathlib', 'Algebra', 'Ring', 'Subring', 'Units'): Unknown flag `--module`.
Run `jixia -h` for further information.

ERROR:jixia.run:error while processing ('Mathlib', 'Algebra', 'Ring', 'Subsemiring', 'Order'): Unknown flag `--module`.
Run `jixia -h` for further information.

ERROR:jixia.run:error while processing ('Mathlib', 'Algebra', 'Ring', 'Semiconj'): Unknown flag `--module`.
Run `jixia -h` for further information.

ERROR:jixia.run:error while processing ('Mathlib', 'Algebra', 'Ring', 'Subsemiring', 'MulOpposite'): Unknown flag `--module`.
Run `jixia -h` for further information.

ERROR:jixia.run:error while processing ('Mathlib', 'Algebra', 'DirectSum', 'Basic'): Unknown flag `--module`.
Run `jixia -h` for further information.

ERROR:jixia.run:error while processing ('Mathlib', 'Algebra', 'DirectSum', 'Ring'): Unknown flag `--module`.
Run `jixia -h` for further information.

ERROR:jixia.run:error while processing ('Mathlib', 'Algebra', 'DirectSum', 'Finsupp'): Unknown flag `--module`.
Run `jixia -h` for further information.

ERROR:jixia.run:error while processing ('Mathlib', 'Algebra', 'Ring', 'Subsemiring', 'Pointwise'): Unknown flag `--module`.
Run `jixia -h` for further information.

ERROR:jixia.run:error while processing ('Mathlib', 'Algebra', 'Ring', 'Subsemiring', 'Basic'): Unknown flag `--module`.
Run `jixia -h` for further information.

ERROR:jixia.run:error while processing ('Mathlib', 'Algebra', 'DirectSum', 'LinearMap'): Unknown flag `--module`.
Run `jixia -h` for further information.

ERROR:jixia.run:error while processing ('Mathlib', 'Algebra', 'Ring', 'Action', 'Basic'): Unknown flag `--module`.
Run `jixia -h` for further information.

ERROR:jixia.run:error while processing ('Mathlib', 'Algebra', 'Polynomial', 'PartialFractions'): Unknown flag `--module`.
Run `jixia -h` for further information.

ERROR:jixia.run:error while processing ('Mathlib', 'Algebra', 'Polynomial', 'Smeval'): Unknown flag `--module`.
Run `jixia -h` for further information.

ERROR:jixia.run:error while processing ('Mathlib', 'Algebra', 'Ring', 'Action', 'Invariant'): Unknown flag `--module`.
Run `jixia -h` for further information.

ERROR:jixia.run:error while processing ('Mathlib', 'Algebra', 'Ring', 'Identities'): Unknown flag `--module`.
Run `jixia -h` for further information.

ERROR:jixia.run:error while processing ('Mathlib', 'Algebra', 'Ring', 'Hom', 'Basic'): Unknown flag `--module`.
Run `jixia -h` for further information.

ERROR:jixia.run:error while processing ('Mathlib', 'Algebra', 'Ring', 'Divisibility', 'Basic'): Unknown flag `--module`.
Run `jixia -h` for further information.

ERROR:jixia.run:error while processing ('Mathlib', 'Algebra', 'Polynomial', 'Derivative'): Unknown flag `--module`.
Run `jixia -h` for further information.

ERROR:jixia.run:error while processing ('Mathlib', 'Algebra', 'Polynomial', 'Splits'): Unknown flag `--module`.
Run `jixia -h` for further information.

ERROR:jixia.run:error while processing ('Mathlib', 'Algebra', 'Ring', 'Subring', 'Basic'): Unknown flag `--module`.
Run `jixia -h` for further information.

ERROR:jixia.run:error while processing ('Mathlib', 'Algebra', 'Polynomial', 'Laurent'): Unknown flag `--module`.
Run `jixia -h` for further information.

ERROR:jixia.run:error while processing ('Mathlib', 'Algebra', 'Polynomial', 'Induction'): Unknown flag `--module`.
Run `jixia -h` for further information.

ERROR:jixia.run:error while processing ('Mathlib', 'Algebra', 'Ring', 'Commute'): Unknown flag `--module`.
Run `jixia -h` for further information.

ERROR:jixia.run:error while processing ('Mathlib', 'Algebra', 'DirectSum', 'Decomposition'): Unknown flag `--module`.
Run `jixia -h` for further information.

ERROR:jixia.run:error while processing ('Mathlib', 'Algebra', 'DirectSum', 'Internal'): Unknown flag `--module`.
Run `jixia -h` for further information.

ERROR:jixia.run:error while processing ('Mathlib', 'Algebra', 'Polynomial', 'Cardinal'): Unknown flag `--module`.
Run `jixia -h` for further information.

ERROR:jixia.run:error while processing ('Mathlib', 'Algebra', 'Polynomial', 'EraseLead'): Unknown flag `--module`.
Run `jixia -h` for further information.

ERROR:jixia.run:error while processing ('Mathlib', 'Algebra', 'Ring', 'Invertible'): Unknown flag `--module`.
Run `jixia -h` for further information.

ERROR:jixia.run:error while processing ('Mathlib', 'Algebra', 'Ring', 'BooleanRing'): Unknown flag `--module`.
Run `jixia -h` for further information.

ERROR:jixia.run:error while processing ('Mathlib', 'Algebra', 'Polynomial', 'CancelLeads'): Unknown flag `--module`.
Run `jixia -h` for further information.

ERROR:jixia.run:error while processing ('Mathlib', 'Algebra', 'Polynomial', 'Identities'): Unknown flag `--module`.
Run `jixia -h` for further information.

ERROR:jixia.run:error while processing ('Mathlib', 'Algebra', 'DirectSum', 'Algebra'): Unknown flag `--module`.
Run `jixia -h` for further information.

ERROR:jixia.run:error while processing ('Mathlib', 'Algebra', 'CharZero', 'Quotient'): Unknown flag `--module`.
Run `jixia -h` for further information.

ERROR:jixia.run:error while processing ('Mathlib', 'Algebra', 'Regular', 'Pow'): Unknown flag `--module`.
Run `jixia -h` for further information.

ERROR:jixia.run:error while processing ('Mathlib', 'Algebra', 'CharZero', 'Defs'): Unknown flag `--module`.
Run `jixia -h` for further information.

ERROR:jixia.run:error while processing ('Mathlib', 'Algebra', 'CharZero', 'Infinite'): Unknown flag `--module`.
Run `jixia -h` for further information.

ERROR:jixia.run:error while processing ('Mathlib', 'Algebra', 'Ring', 'Action', 'Subobjects'): Unknown flag `--module`.
Run `jixia -h` for further information.

ERROR:jixia.run:error while processing ('Mathlib', 'Algebra', 'Polynomial', 'HasseDeriv'): Unknown flag `--module`.
Run `jixia -h` for further information.

ERROR:jixia.run:error while processing ('Mathlib', 'Algebra', 'DirectSum', 'Module'): Unknown flag `--module`.
Run `jixia -h` for further information.

ERROR:jixia.run:error while processing ('Mathlib', 'Algebra', 'Polynomial', 'RingDivision'): Unknown flag `--module`.
Run `jixia -h` for further information.

ERROR:jixia.run:error while processing ('Mathlib', 'Algebra', 'Regular', 'Basic'): Unknown flag `--module`.
Run `jixia -h` for further information.

ERROR:jixia.run:error while processing ('Mathlib', 'Algebra', 'Ring', 'Subring', 'Order'): Unknown flag `--module`.
Run `jixia -h` for further information.

ERROR:jixia.run:error while processing ('Mathlib', 'Algebra', 'CharZero', 'Lemmas'): Unknown flag `--module`.
Run `jixia -h` for further information.

ERROR:jixia.run:error while processing ('Mathlib', 'Algebra', 'Polynomial', 'Coeff'): Unknown flag `--module`.
Run `jixia -h` for further information.

ERROR:jixia.run:error while processing ('Mathlib', 'Algebra', 'Polynomial', 'Roots'): Unknown flag `--module`.
Run `jixia -h` for further information.

ERROR:jixia.run:error while processing ('Mathlib', 'Algebra', 'Regular', 'SMul'): Unknown flag `--module`.
Run `jixia -h` for further information.

ERROR:jixia.run:error while processing ('Mathlib', 'Algebra', 'Polynomial', 'Derivation'): Unknown flag `--module`.
Run `jixia -h` for further information.

ERROR:jixia.run:error while processing ('Mathlib', 'Algebra', 'Polynomial', 'Inductions'): Unknown flag `--module`.
Run `jixia -h` for further information.

ERROR:jixia.run:error while processing ('Mathlib', 'Algebra', 'Polynomial', 'DenomsClearable'): Unknown flag `--module`.
Run `jixia -h` for further information.

ERROR:jixia.run:error while processing ('Mathlib', 'Algebra', 'Polynomial', 'Reverse'): Unknown flag `--module`.
Run `jixia -h` for further information.

ERROR:jixia.run:error while processing ('Mathlib', 'Algebra', 'Polynomial', 'Expand'): Unknown flag `--module`.
Run `jixia -h` for further information.

ERROR:jixia.run:error while processing ('Mathlib', 'Algebra', 'Polynomial', 'Monomial'): Unknown flag `--module`.
Run `jixia -h` for further information.

ERROR:jixia.run:error while processing ('Mathlib', 'Algebra', 'Polynomial', 'BigOperators'): Unknown flag `--module`.
Run `jixia -h` for further information.

ERROR:jixia.run:error while processing ('Mathlib', 'Algebra', 'Polynomial', 'Lifts'): Unknown flag `--module`.
Run `jixia -h` for further information.

ERROR:jixia.run:error while processing ('Mathlib', 'Algebra', 'Polynomial', 'Taylor'): Unknown flag `--module`.
Run `jixia -h` for further information.

ERROR:jixia.run:error while processing ('Mathlib', 'Algebra', 'Polynomial', 'AlgebraMap'): Unknown flag `--module`.
Run `jixia -h` for further information.

ERROR:jixia.run:error while processing ('Mathlib', 'Algebra', 'Polynomial', 'SpecificDegree'): Unknown flag `--module`.
Run `jixia -h` for further information.

ERROR:jixia.run:error while processing ('Mathlib', 'Algebra', 'Polynomial', 'GroupRingAction'): Unknown flag `--module`.
Run `jixia -h` for further information.

ERROR:jixia.run:error while processing ('Mathlib', 'Algebra', 'Polynomial', 'Bivariate'): Unknown flag `--module`.
Run `jixia -h` for further information.

ERROR:jixia.run:error while processing ('Mathlib', 'Algebra', 'Polynomial', 'Monic'): Unknown flag `--module`.
Run `jixia -h` for further information.

ERROR:jixia.run:error while processing ('Mathlib', 'Algebra', 'Polynomial', 'Module', 'Basic'): Unknown flag `--module`.
Run `jixia -h` for further information.

ERROR:jixia.run:error while processing ('Mathlib', 'Algebra', 'Polynomial', 'FieldDivision'): Unknown flag `--module`.
Run `jixia -h` for further information.

ERROR:jixia.run:error while processing ('Mathlib', 'Algebra', 'Polynomial', 'Module', 'AEval'): Unknown flag `--module`.
Run `jixia -h` for further information.

ERROR:jixia.run:error while processing ('Mathlib', 'Algebra', 'Polynomial', 'Div'): Unknown flag `--module`.
Run `jixia -h` for further information.

ERROR:jixia.run:error while processing ('Mathlib', 'Algebra', 'Polynomial', 'UnitTrinomial'): Unknown flag `--module`.
Run `jixia -h` for further information.

ERROR:jixia.run:error while processing ('Mathlib', 'Algebra', 'Polynomial', 'Basic'): Unknown flag `--module`.
Run `jixia -h` for further information.

ERROR:jixia.run:error while processing ('Mathlib', 'Algebra', 'GroupWithZero', 'Divisibility'): Unknown flag `--module`.
Run `jixia -h` for further information.

ERROR:jixia.run:error while processing ('Mathlib', 'Algebra', 'Polynomial', 'Degree', 'CardPowDegree'): Unknown flag `--module`.
Run `jixia -h` for further information.

ERROR:jixia.run:error while processing ('Mathlib', 'Algebra', 'Polynomial', 'Degree', 'TrailingDegree'): Unknown flag `--module`.
Run `jixia -h` for further information.

ERROR:jixia.run:error while processing ('Mathlib', 'Algebra', 'Polynomial', 'Degree', 'Definitions'): Unknown flag `--module`.
Run `jixia -h` for further information.

ERROR:jixia.run:error while processing ('Mathlib', 'Algebra', 'GroupWithZero', 'Defs'): Unknown flag `--module`.
Run `jixia -h` for further information.

ERROR:jixia.run:error while processing ('Mathlib', 'Algebra', 'Polynomial', 'Mirror'): Unknown flag `--module`.
Run `jixia -h` for further information.

ERROR:jixia.run:error while processing ('Mathlib', 'Algebra', 'GroupWithZero', 'NonZeroDivisors'): Unknown flag `--module`.
Run `jixia -h` for further information.

ERROR:jixia.run:error while processing ('Mathlib', 'Algebra', 'Polynomial', 'Eval'): Unknown flag `--module`.
Run `jixia -h` for further information.

ERROR:jixia.run:error while processing ('Mathlib', 'Algebra', 'Polynomial', 'Degree', 'Lemmas'): Unknown flag `--module`.
Run `jixia -h` for further information.

ERROR:jixia.run:error while processing ('Mathlib', 'Algebra', 'Polynomial', 'Module', 'FiniteDimensional'): Unknown flag `--module`.
Run `jixia -h` for further information.

ERROR:jixia.run:error while processing ('Mathlib', 'Algebra', 'GroupWithZero', 'Hom'): Unknown flag `--module`.
Run `jixia -h` for further information.

ERROR:jixia.run:error while processing ('Mathlib', 'Algebra', 'GroupWithZero', 'InjSurj'): Unknown flag `--module`.
Run `jixia -h` for further information.

ERROR:jixia.run:error while processing ('Mathlib', 'Algebra', 'GroupWithZero', 'Invertible'): Unknown flag `--module`.
Run `jixia -h` for further information.

ERROR:jixia.run:error while processing ('Mathlib', 'Algebra', 'GroupWithZero', 'NeZero'): Unknown flag `--module`.
Run `jixia -h` for further information.

ERROR:jixia.run:error while processing ('Mathlib', 'Algebra', 'GroupWithZero', 'Pi'): Unknown flag `--module`.
Run `jixia -h` for further information.

ERROR:jixia.run:error while processing ('Mathlib', 'Algebra', 'GroupWithZero', 'Prod'): Unknown flag `--module`.
Run `jixia -h` for further information.

ERROR:jixia.run:error while processing ('Mathlib', 'Algebra', 'GroupWithZero', 'Conj'): Unknown flag `--module`.
Run `jixia -h` for further information.

ERROR:jixia.run:error while processing ('Mathlib', 'Algebra', 'GroupWithZero', 'Units', 'Equiv'): Unknown flag `--module`.
Run `jixia -h` for further information.

ERROR:jixia.run:error while processing ('Mathlib', 'Algebra', 'GroupWithZero', 'WithZero'): Unknown flag `--module`.
Run `jixia -h` for further information.

ERROR:jixia.run:error while processing ('Mathlib', 'Algebra', 'GroupWithZero', 'ULift'): Unknown flag `--module`.
Run `jixia -h` for further information.

ERROR:jixia.run:error while processing ('Mathlib', 'Algebra', 'CharP', 'Algebra'): Unknown flag `--module`.
Run `jixia -h` for further information.

ERROR:jixia.run:error while processing ('Mathlib', 'Algebra', 'CharP', 'Reduced'): Unknown flag `--module`.
Run `jixia -h` for further information.

ERROR:jixia.run:error while processing ('Mathlib', 'Algebra', 'MvPolynomial', 'Polynomial'): Unknown flag `--module`.
Run `jixia -h` for further information.

ERROR:jixia.run:error while processing ('Mathlib', 'Algebra', 'MvPolynomial', 'Variables'): Unknown flag `--module`.
Run `jixia -h` for further information.

ERROR:jixia.run:error while processing ('Mathlib', 'Algebra', 'CharP', 'Invertible'): Unknown flag `--module`.
Run `jixia -h` for further information.

ERROR:jixia.run:error while processing ('Mathlib', 'Algebra', 'CharP', 'Two'): Unknown flag `--module`.
Run `jixia -h` for further information.

ERROR:jixia.run:error while processing ('Mathlib', 'Algebra', 'GroupWithZero', 'Units', 'Basic'): Unknown flag `--module`.
Run `jixia -h` for further information.

ERROR:jixia.run:error while processing ('Mathlib', 'Algebra', 'GroupWithZero', 'Commute'): Unknown flag `--module`.
Run `jixia -h` for further information.

ERROR:jixia.run:error while processing ('Mathlib', 'Algebra', 'CharP', 'Defs'): Unknown flag `--module`.
Run `jixia -h` for further information.

ERROR:jixia.run:error while processing ('Mathlib', 'Algebra', 'Star', 'NonUnitalSubalgebra'): Unknown flag `--module`.
Run `jixia -h` for further information.

ERROR:jixia.run:error while processing ('Mathlib', 'Algebra', 'GroupWithZero', 'Indicator'): Unknown flag `--module`.
Run `jixia -h` for further information.

ERROR:jixia.run:error while processing ('Mathlib', 'Algebra', 'MvPolynomial', 'CommRing'): Unknown flag `--module`.
Run `jixia -h` for further information.

ERROR:jixia.run:error while processing ('Mathlib', 'Algebra', 'MvPolynomial', 'Derivation'): Unknown flag `--module`.
Run `jixia -h` for further information.

ERROR:jixia.run:error while processing ('Mathlib', 'Algebra', 'GroupWithZero', 'Semiconj'): Unknown flag `--module`.
Run `jixia -h` for further information.

ERROR:jixia.run:error while processing ('Mathlib', 'Algebra', 'Star', 'CHSH'): Unknown flag `--module`.
Run `jixia -h` for further information.

ERROR:jixia.run:error while processing ('Mathlib', 'Algebra', 'GroupWithZero', 'Units', 'Lemmas'): Unknown flag `--module`.
Run `jixia -h` for further information.

ERROR:jixia.run:error while processing ('Mathlib', 'Algebra', 'MvPolynomial', 'Funext'): Unknown flag `--module`.
Run `jixia -h` for further information.

ERROR:jixia.run:error while processing ('Mathlib', 'Algebra', 'BigOperators', 'Fin'): Unknown flag `--module`.
Run `jixia -h` for further information.

ERROR:jixia.run:error while processing ('Mathlib', 'Algebra', 'GroupWithZero', 'Basic'): Unknown flag `--module`.
Run `jixia -h` for further information.

ERROR:jixia.run:error while processing ('Mathlib', 'Algebra', 'MvPolynomial', 'PDeriv'): Unknown flag `--module`.
Run `jixia -h` for further information.

ERROR:jixia.run:error while processing ('Mathlib', 'Algebra', 'CharP', 'Pi'): Unknown flag `--module`.
Run `jixia -h` for further information.

ERROR:jixia.run:error while processing ('Mathlib', 'Algebra', 'CharP', 'Quotient'): Unknown flag `--module`.
Run `jixia -h` for further information.

ERROR:jixia.run:error while processing ('Mathlib', 'Algebra', 'MvPolynomial', 'Equiv'): Unknown flag `--module`.
Run `jixia -h` for further information.

ERROR:jixia.run:error while processing ('Mathlib', 'Algebra', 'MvPolynomial', 'Supported'): Unknown flag `--module`.
Run `jixia -h` for further information.

ERROR:jixia.run:error while processing ('Mathlib', 'Algebra', 'Field', 'Power'): Unknown flag `--module`.
Run `jixia -h` for further information.

ERROR:jixia.run:error while processing ('Mathlib', 'Algebra', 'CharP', 'ExpChar'): Unknown flag `--module`.
Run `jixia -h` for further information.

ERROR:jixia.run:error while processing ('Mathlib', 'Algebra', 'Star', 'BigOperators'): Unknown flag `--module`.
Run `jixia -h` for further information.

ERROR:jixia.run:error while processing ('Mathlib', 'Algebra', 'Field', 'Defs'): Unknown flag `--module`.
Run `jixia -h` for further information.

ERROR:jixia.run:error while processing ('Mathlib', 'Algebra', 'CharP', 'MixedCharZero'): Unknown flag `--module`.
Run `jixia -h` for further information.

ERROR:jixia.run:error while processing ('Mathlib', 'Algebra', 'MvPolynomial', 'Degrees'): Unknown flag `--module`.
Run `jixia -h` for further information.

ERROR:jixia.run:error while processing ('Mathlib', 'Algebra', 'CharP', 'IntermediateField'): Unknown flag `--module`.
Run `jixia -h` for further information.

ERROR:jixia.run:error while processing ('Mathlib', 'Algebra', 'MvPolynomial', 'Invertible'): Unknown flag `--module`.
Run `jixia -h` for further information.

ERROR:jixia.run:error while processing ('Mathlib', 'Algebra', 'Star', 'Subalgebra'): Unknown flag `--module`.
Run `jixia -h` for further information.

ERROR:jixia.run:error while processing ('Mathlib', 'Algebra', 'CharP', 'LocalRing'): Unknown flag `--module`.
Run `jixia -h` for further information.

ERROR:jixia.run:error while processing ('Mathlib', 'Algebra', 'Field', 'Opposite'): Unknown flag `--module`.
Run `jixia -h` for further information.

ERROR:jixia.run:error while processing ('Mathlib', 'Algebra', 'CharP', 'Basic'): Unknown flag `--module`.
Run `jixia -h` for further information.

ERROR:jixia.run:error while processing ('Mathlib', 'Algebra', 'CharP', 'CharAndCard'): Unknown flag `--module`.
Run `jixia -h` for further information.

ERROR:jixia.run:error while processing ('Mathlib', 'Algebra', 'Field', 'ULift'): Unknown flag `--module`.
Run `jixia -h` for further information.

ERROR:jixia.run:error while processing ('Mathlib', 'Algebra', 'Field', 'Equiv'): Unknown flag `--module`.
Run `jixia -h` for further information.

ERROR:jixia.run:error while processing ('Mathlib', 'Algebra', 'Star', 'StarAlgHom'): Unknown flag `--module`.
Run `jixia -h` for further information.

ERROR:jixia.run:error while processing ('Mathlib', 'Algebra', 'CharP', 'Subring'): Unknown flag `--module`.
Run `jixia -h` for further information.

ERROR:jixia.run:error while processing ('Mathlib', 'Algebra', 'Star', 'Pi'): Unknown flag `--module`.
Run `jixia -h` for further information.

ERROR:jixia.run:error while processing ('Mathlib', 'Algebra', 'Star', 'Pointwise'): Unknown flag `--module`.
Run `jixia -h` for further information.

ERROR:jixia.run:error while processing ('Mathlib', 'Algebra', 'Star', 'Unitary'): Unknown flag `--module`.
Run `jixia -h` for further information.

ERROR:jixia.run:error while processing ('Mathlib', 'Algebra', 'Field', 'Subfield'): Unknown flag `--module`.
Run `jixia -h` for further information.

ERROR:jixia.run:error while processing ('Mathlib', 'Algebra', 'MvPolynomial', 'Comap'): Unknown flag `--module`.
Run `jixia -h` for further information.

ERROR:jixia.run:error while processing ('Mathlib', 'Algebra', 'MvPolynomial', 'Cardinal'): Unknown flag `--module`.
Run `jixia -h` for further information.

ERROR:jixia.run:error while processing ('Mathlib', 'Algebra', 'BigOperators', 'Finprod'): Unknown flag `--module`.
Run `jixia -h` for further information.

ERROR:jixia.run:error while processing ('Mathlib', 'Algebra', 'BigOperators', 'NatAntidiagonal'): Unknown flag `--module`.
Run `jixia -h` for further information.

ERROR:jixia.run:error while processing ('Mathlib', 'Algebra', 'MvPolynomial', 'Rename'): Unknown flag `--module`.
Run `jixia -h` for further information.

ERROR:jixia.run:error while processing ('Mathlib', 'Algebra', 'MvPolynomial', 'Expand'): Unknown flag `--module`.
Run `jixia -h` for further information.

ERROR:jixia.run:error while processing ('Mathlib', 'Algebra', 'BigOperators', 'Intervals'): Unknown flag `--module`.
Run `jixia -h` for further information.

ERROR:jixia.run:error while processing ('Mathlib', 'Algebra', 'Star', 'Rat'): Unknown flag `--module`.
Run `jixia -h` for further information.

ERROR:jixia.run:error while processing ('Mathlib', 'Algebra', 'Field', 'Basic'): Unknown flag `--module`.
Run `jixia -h` for further information.

ERROR:jixia.run:error while processing ('Mathlib', 'Algebra', 'MvPolynomial', 'Basic'): Unknown flag `--module`.
Run `jixia -h` for further information.

ERROR:jixia.run:error while processing ('Mathlib', 'Algebra', 'MvPolynomial', 'Monad'): Unknown flag `--module`.
Run `jixia -h` for further information.

ERROR:jixia.run:error while processing ('Mathlib', 'Algebra', 'Star', 'Module'): Unknown flag `--module`.
Run `jixia -h` for further information.

ERROR:jixia.run:error while processing ('Mathlib', 'Algebra', 'BigOperators', 'Option'): Unknown flag `--module`.
Run `jixia -h` for further information.

ERROR:jixia.run:error while processing ('Mathlib', 'Algebra', 'BigOperators', 'Pi'): Unknown flag `--module`.
Run `jixia -h` for further information.

ERROR:jixia.run:error while processing ('Mathlib', 'Algebra', 'MvPolynomial', 'Counit'): Unknown flag `--module`.
Run `jixia -h` for further information.

ERROR:jixia.run:error while processing ('Mathlib', 'Algebra', 'Star', 'Order'): Unknown flag `--module`.
Run `jixia -h` for further information.

ERROR:jixia.run:error while processing ('Mathlib', 'Algebra', 'BigOperators', 'Group', 'List'): Unknown flag `--module`.
Run `jixia -h` for further information.

ERROR:jixia.run:error while processing ('Mathlib', 'Algebra', 'Star', 'Basic'): Unknown flag `--module`.
Run `jixia -h` for further information.

ERROR:jixia.run:error while processing ('Mathlib', 'Algebra', 'Field', 'MinimalAxioms'): Unknown flag `--module`.
Run `jixia -h` for further information.

ERROR:jixia.run:error while processing ('Mathlib', 'Algebra', 'Star', 'Free'): Unknown flag `--module`.
Run `jixia -h` for further information.

ERROR:jixia.run:error while processing ('Mathlib', 'Algebra', 'Field', 'IsField'): Unknown flag `--module`.
Run `jixia -h` for further information.

ERROR:jixia.run:error while processing ('Mathlib', 'Algebra', 'Star', 'Prod'): Unknown flag `--module`.
Run `jixia -h` for further information.

ERROR:jixia.run:error while processing ('Mathlib', 'Algebra', 'Star', 'StarRingHom'): Unknown flag `--module`.
Run `jixia -h` for further information.

ERROR:jixia.run:error while processing ('Mathlib', 'Algebra', 'MvPolynomial', 'Division'): Unknown flag `--module`.
Run `jixia -h` for further information.

ERROR:jixia.run:error while processing ('Mathlib', 'Algebra', 'BigOperators', 'Ring'): Unknown flag `--module`.
Run `jixia -h` for further information.

ERROR:jixia.run:error while processing ('Mathlib', 'Algebra', 'Star', 'RingQuot'): Unknown flag `--module`.
Run `jixia -h` for further information.

ERROR:jixia.run:error while processing ('Mathlib', 'Algebra', 'Field', 'Rat'): Unknown flag `--module`.
Run `jixia -h` for further information.

ERROR:jixia.run:error while processing ('Mathlib', 'Algebra', 'BigOperators', 'Module'): Unknown flag `--module`.
Run `jixia -h` for further information.

ERROR:jixia.run:error while processing ('Mathlib', 'Algebra', 'BigOperators', 'Finsupp'): Unknown flag `--module`.
Run `jixia -h` for further information.

ERROR:jixia.run:error while processing ('Mathlib', 'Algebra', 'BigOperators', 'Ring', 'List'): Unknown flag `--module`.
Run `jixia -h` for further information.

ERROR:jixia.run:error while processing ('Mathlib', 'Algebra', 'Star', 'Center'): Unknown flag `--module`.
Run `jixia -h` for further information.

ERROR:jixia.run:error while processing ('Mathlib', 'Algebra', 'BigOperators', 'WithTop'): Unknown flag `--module`.
Run `jixia -h` for further information.

ERROR:jixia.run:error while processing ('Mathlib', 'Algebra', 'BigOperators', 'Group', 'Multiset'): Unknown flag `--module`.
Run `jixia -h` for further information.

ERROR:jixia.run:error while processing ('Mathlib', 'Algebra', 'Star', 'SelfAdjoint'): Unknown flag `--module`.
Run `jixia -h` for further information.

ERROR:jixia.run:error while processing ('Mathlib', 'Algebra', 'BigOperators', 'Group', 'Finset'): Unknown flag `--module`.
Run `jixia -h` for further information.

ERROR:jixia.run:error while processing ('Mathlib', 'Algebra', 'GCDMonoid', 'Multiset'): Unknown flag `--module`.
Run `jixia -h` for further information.

ERROR:jixia.run:error while processing ('Mathlib', 'Algebra', 'BigOperators', 'Ring', 'Multiset'): Unknown flag `--module`.
Run `jixia -h` for further information.

ERROR:jixia.run:error while processing ('Mathlib', 'Algebra', 'BigOperators', 'GroupWithZero', 'Finset'): Unknown flag `--module`.
Run `jixia -h` for further information.

ERROR:jixia.run:error while processing ('Mathlib', 'Algebra', 'BigOperators', 'RingEquiv'): Unknown flag `--module`.
Run `jixia -h` for further information.

ERROR:jixia.run:error while processing ('Mathlib', 'Algebra', 'GCDMonoid', 'Basic'): Unknown flag `--module`.
Run `jixia -h` for further information.

ERROR:jixia.run:error while processing ('Mathlib', 'Algebra', 'BigOperators', 'Associated'): Unknown flag `--module`.
Run `jixia -h` for further information.

ERROR:jixia.run:error while processing ('Mathlib', 'Algebra', 'GCDMonoid', 'Finset'): Unknown flag `--module`.
Run `jixia -h` for further information.

ERROR:jixia.run:error while processing ('Mathlib', 'Algebra', 'Homology', 'Augment'): Unknown flag `--module`.
Run `jixia -h` for further information.

ERROR:jixia.run:error while processing ('Mathlib', 'Algebra', 'GCDMonoid', 'IntegrallyClosed'): Unknown flag `--module`.
Run `jixia -h` for further information.

ERROR:jixia.run:error while processing ('Mathlib', 'Algebra', 'Homology', 'SingleHomology'): Unknown flag `--module`.
Run `jixia -h` for further information.

ERROR:jixia.run:error while processing ('Mathlib', 'Algebra', 'Homology', 'HomologySequence'): Unknown flag `--module`.
Run `jixia -h` for further information.

ERROR:jixia.run:error while processing ('Mathlib', 'Algebra', 'Homology', 'DifferentialObject'): Unknown flag `--module`.
Run `jixia -h` for further information.

ERROR:jixia.run:error while processing ('Mathlib', 'Algebra', 'Homology', 'ConcreteCategory'): Unknown flag `--module`.
Run `jixia -h` for further information.

ERROR:jixia.run:error while processing ('Mathlib', 'Algebra', 'Homology', 'HomotopyCofiber'): Unknown flag `--module`.
Run `jixia -h` for further information.

ERROR:jixia.run:error while processing ('Mathlib', 'Algebra', 'Homology', 'Single'): Unknown flag `--module`.
Run `jixia -h` for further information.

ERROR:jixia.run:error while processing ('Mathlib', 'Algebra', 'Homology', 'TotalComplexSymmetry'): Unknown flag `--module`.
Run `jixia -h` for further information.

ERROR:jixia.run:error while processing ('Mathlib', 'Algebra', 'Homology', 'ExactSequence'): Unknown flag `--module`.
Run `jixia -h` for further information.

ERROR:jixia.run:error while processing ('Mathlib', 'Algebra', 'GCDMonoid', 'Nat'): Unknown flag `--module`.
Run `jixia -h` for further information.

ERROR:jixia.run:error while processing ('Mathlib', 'Algebra', 'Homology', 'ComplexShape'): Unknown flag `--module`.
Run `jixia -h` for further information.

ERROR:jixia.run:error while processing ('Mathlib', 'Algebra', 'Homology', 'Functor'): Unknown flag `--module`.
Run `jixia -h` for further information.

ERROR:jixia.run:error while processing ('Mathlib', 'Algebra', 'Homology', 'HomologicalComplex'): Unknown flag `--module`.
Run `jixia -h` for further information.

ERROR:jixia.run:error while processing ('Mathlib', 'Algebra', 'Homology', 'QuasiIso'): Unknown flag `--module`.
Run `jixia -h` for further information.

ERROR:jixia.run:error while processing ('Mathlib', 'Algebra', 'Homology', 'Bifunctor'): Unknown flag `--module`.
Run `jixia -h` for further information.

ERROR:jixia.run:error while processing ('Mathlib', 'Algebra', 'Homology', 'HomotopyCategory', 'DegreewiseSplit'): Unknown flag `--module`.
Run `jixia -h` for further information.

ERROR:jixia.run:error while processing ('Mathlib', 'Algebra', 'Homology', 'BifunctorHomotopy'): Unknown flag `--module`.
Run `jixia -h` for further information.

ERROR:jixia.run:error while processing ('Mathlib', 'Algebra', 'Homology', 'ModuleCat'): Unknown flag `--module`.
Run `jixia -h` for further information.

ERROR:jixia.run:error while processing ('Mathlib', 'Algebra', 'Homology', 'HomologicalComplexLimits'): Unknown flag `--module`.
Run `jixia -h` for further information.

ERROR:jixia.run:error while processing ('Mathlib', 'Algebra', 'Homology', 'HomologicalBicomplex'): Unknown flag `--module`.
Run `jixia -h` for further information.

ERROR:jixia.run:error while processing ('Mathlib', 'Algebra', 'Homology', 'Homology'): Unknown flag `--module`.
Run `jixia -h` for further information.

ERROR:jixia.run:error while processing ('Mathlib', 'Algebra', 'Homology', 'Factorizations', 'Basic'): Unknown flag `--module`.
Run `jixia -h` for further information.

ERROR:jixia.run:error while processing ('Mathlib', 'Algebra', 'Homology', 'DerivedCategory', 'HomologySequence'): Unknown flag `--module`.
Run `jixia -h` for further information.

ERROR:jixia.run:error while processing ('Mathlib', 'Algebra', 'Homology', 'HomotopyCategory', 'Triangulated'): Unknown flag `--module`.
Run `jixia -h` for further information.

ERROR:jixia.run:error while processing ('Mathlib', 'Algebra', 'Homology', 'Embedding', 'Extend'): Unknown flag `--module`.
Run `jixia -h` for further information.

ERROR:jixia.run:error while processing ('Mathlib', 'Algebra', 'Homology', 'HomologicalComplexAbelian'): Unknown flag `--module`.
Run `jixia -h` for further information.

ERROR:jixia.run:error while processing ('Mathlib', 'Algebra', 'Homology', 'ShortComplex', 'Homology'): Unknown flag `--module`.
Run `jixia -h` for further information.

ERROR:jixia.run:error while processing ('Mathlib', 'Algebra', 'Homology', 'ShortComplex', 'SnakeLemma'): Unknown flag `--module`.
Run `jixia -h` for further information.

ERROR:jixia.run:error while processing ('Mathlib', 'Algebra', 'Homology', 'LocalCohomology'): Unknown flag `--module`.
Run `jixia -h` for further information.

ERROR:jixia.run:error while processing ('Mathlib', 'Algebra', 'Homology', 'Exact'): Unknown flag `--module`.
Run `jixia -h` for further information.

ERROR:jixia.run:error while processing ('Mathlib', 'Algebra', 'Homology', 'HomotopyCategory', 'Shift'): Unknown flag `--module`.
Run `jixia -h` for further information.

ERROR:jixia.run:error while processing ('Mathlib', 'Algebra', 'Homology', 'HomotopyCategory', 'Pretriangulated'): Unknown flag `--module`.
Run `jixia -h` for further information.

ERROR:jixia.run:error while processing ('Mathlib', 'Algebra', 'Homology', 'ShortComplex', 'Exact'): Unknown flag `--module`.
Run `jixia -h` for further information.

ERROR:jixia.run:error while processing ('Mathlib', 'Algebra', 'Homology', 'Embedding', 'Restriction'): Unknown flag `--module`.
Run `jixia -h` for further information.

ERROR:jixia.run:error while processing ('Mathlib', 'Algebra', 'Homology', 'TotalComplex'): Unknown flag `--module`.
Run `jixia -h` for further information.

ERROR:jixia.run:error while processing ('Mathlib', 'Algebra', 'Homology', 'HomotopyCategory', 'MappingCone'): Unknown flag `--module`.
Run `jixia -h` for further information.

ERROR:jixia.run:error while processing ('Mathlib', 'Algebra', 'Homology', 'HomotopyCategory', 'ShortExact'): Unknown flag `--module`.
Run `jixia -h` for further information.

ERROR:jixia.run:error while processing ('Mathlib', 'Algebra', 'Homology', 'ShortComplex', 'Ab'): Unknown flag `--module`.
Run `jixia -h` for further information.

ERROR:jixia.run:error while processing ('Mathlib', 'Algebra', 'Homology', 'DerivedCategory', 'Basic'): Unknown flag `--module`.
Run `jixia -h` for further information.

ERROR:jixia.run:error while processing ('Mathlib', 'Algebra', 'Homology', 'HomotopyCategory', 'HomComplex'): Unknown flag `--module`.
Run `jixia -h` for further information.

ERROR:jixia.run:error while processing ('Mathlib', 'Algebra', 'Homology', 'TotalComplexShift'): Unknown flag `--module`.
Run `jixia -h` for further information.

ERROR:jixia.run:error while processing ('Mathlib', 'Algebra', 'Homology', 'HomotopyCategory', 'SingleFunctors'): Unknown flag `--module`.
Run `jixia -h` for further information.

ERROR:jixia.run:error while processing ('Mathlib', 'Algebra', 'Category', 'Ring', 'Instances'): Unknown flag `--module`.
Run `jixia -h` for further information.

ERROR:jixia.run:error while processing ('Mathlib', 'Algebra', 'Homology', 'HomotopyCategory', 'ShiftSequence'): Unknown flag `--module`.
Run `jixia -h` for further information.

ERROR:jixia.run:error while processing ('Mathlib', 'Algebra', 'Homology', 'HomologySequenceLemmas'): Unknown flag `--module`.
Run `jixia -h` for further information.

ERROR:jixia.run:error while processing ('Mathlib', 'Algebra', 'Homology', 'BifunctorShift'): Unknown flag `--module`.
Run `jixia -h` for further information.

ERROR:jixia.run:error while processing ('Mathlib', 'Algebra', 'Homology', 'HomologicalComplexBiprod'): Unknown flag `--module`.
Run `jixia -h` for further information.

ERROR:jixia.run:error while processing ('Mathlib', 'Algebra', 'Homology', 'Opposite'): Unknown flag `--module`.
Run `jixia -h` for further information.

ERROR:jixia.run:error while processing ('Mathlib', 'Algebra', 'Homology', 'Additive'): Unknown flag `--module`.
Run `jixia -h` for further information.

ERROR:jixia.run:error while processing ('Mathlib', 'Algebra', 'Homology', 'HomotopyCategory'): Unknown flag `--module`.
Run `jixia -h` for further information.

ERROR:jixia.run:error while processing ('Mathlib', 'Algebra', 'Homology', 'Refinements'): Unknown flag `--module`.
Run `jixia -h` for further information.

ERROR:jixia.run:error while processing ('Mathlib', 'Algebra', 'Homology', 'HomotopyCategory', 'HomologicalFunctor'): Unknown flag `--module`.
Run `jixia -h` for further information.

ERROR:jixia.run:error while processing ('Mathlib', 'Algebra', 'Homology', 'Linear'): Unknown flag `--module`.
Run `jixia -h` for further information.

ERROR:jixia.run:error while processing ('Mathlib', 'Algebra', 'Homology', 'ShortComplex', 'HomologicalComplex'): Unknown flag `--module`.
Run `jixia -h` for further information.

ERROR:jixia.run:error while processing ('Mathlib', 'Algebra', 'Category', 'Ring', 'Adjunctions'): Unknown flag `--module`.
Run `jixia -h` for further information.

ERROR:jixia.run:error while processing ('Mathlib', 'Algebra', 'Category', 'BoolRing'): Unknown flag `--module`.
Run `jixia -h` for further information.

ERROR:jixia.run:error while processing ('Mathlib', 'Algebra', 'Homology', 'ImageToKernel'): Unknown flag `--module`.
Run `jixia -h` for further information.

ERROR:jixia.run:error while processing ('Mathlib', 'Algebra', 'Category', 'Ring', 'Limits'): Unknown flag `--module`.
Run `jixia -h` for further information.

ERROR:jixia.run:error while processing ('Mathlib', 'Algebra', 'Homology', 'ShortComplex', 'PreservesHomology'): Unknown flag `--module`.
Run `jixia -h` for further information.

ERROR:jixia.run:error while processing ('Mathlib', 'Algebra', 'Homology', 'ShortComplex', 'Abelian'): Unknown flag `--module`.
Run `jixia -h` for further information.

ERROR:jixia.run:error while processing ('Mathlib', 'Algebra', 'Homology', 'ShortComplex', 'Basic'): Unknown flag `--module`.
Run `jixia -h` for further information.

ERROR:jixia.run:error while processing ('Mathlib', 'Algebra', 'Homology', 'ShortComplex', 'Preadditive'): Unknown flag `--module`.
Run `jixia -h` for further information.

ERROR:jixia.run:error while processing ('Mathlib', 'Algebra', 'Homology', 'HomotopyCategory', 'HomComplexShift'): Unknown flag `--module`.
Run `jixia -h` for further information.

ERROR:jixia.run:error while processing ('Mathlib', 'Algebra', 'Homology', 'Embedding', 'Basic'): Unknown flag `--module`.
Run `jixia -h` for further information.

ERROR:jixia.run:error while processing ('Mathlib', 'Algebra', 'Homology', 'ComplexShapeSigns'): Unknown flag `--module`.
Run `jixia -h` for further information.

ERROR:jixia.run:error while processing ('Mathlib', 'Algebra', 'Homology', 'Localization'): Unknown flag `--module`.
Run `jixia -h` for further information.

ERROR:jixia.run:error while processing ('Mathlib', 'Algebra', 'Category', 'ModuleCat', 'Tannaka'): Unknown flag `--module`.
Run `jixia -h` for further information.

ERROR:jixia.run:error while processing ('Mathlib', 'Algebra', 'Homology', 'Homotopy'): Unknown flag `--module`.
Run `jixia -h` for further information.

ERROR:jixia.run:error while processing ('Mathlib', 'Algebra', 'Homology', 'ShortComplex', 'ModuleCat'): Unknown flag `--module`.
Run `jixia -h` for further information.

ERROR:jixia.run:error while processing ('Mathlib', 'Algebra', 'Homology', 'ShortComplex', 'LeftHomology'): Unknown flag `--module`.
Run `jixia -h` for further information.

ERROR:jixia.run:error while processing ('Mathlib', 'Algebra', 'Homology', 'ShortComplex', 'FunctorEquivalence'): Unknown flag `--module`.
Run `jixia -h` for further information.

ERROR:jixia.run:error while processing ('Mathlib', 'Algebra', 'Homology', 'ShortComplex', 'ShortExact'): Unknown flag `--module`.
Run `jixia -h` for further information.

ERROR:jixia.run:error while processing ('Mathlib', 'Algebra', 'Category', 'ModuleCat', 'ChangeOfRings'): Unknown flag `--module`.
Run `jixia -h` for further information.

ERROR:jixia.run:error while processing ('Mathlib', 'Algebra', 'Category', 'ModuleCat', 'Adjunctions'): Unknown flag `--module`.
Run `jixia -h` for further information.

ERROR:jixia.run:error while processing ('Mathlib', 'Algebra', 'Category', 'ModuleCat', 'Kernels'): Unknown flag `--module`.
Run `jixia -h` for further information.

ERROR:jixia.run:error while processing ('Mathlib', 'Algebra', 'Homology', 'ShortComplex', 'ConcreteCategory'): Unknown flag `--module`.
Run `jixia -h` for further information.

ERROR:jixia.run:error while processing ('Mathlib', 'Algebra', 'Category', 'ModuleCat', 'Colimits'): Unknown flag `--module`.
Run `jixia -h` for further information.

ERROR:jixia.run:error while processing ('Mathlib', 'Algebra', 'Homology', 'DerivedCategory', 'ExactFunctor'): Unknown flag `--module`.
Run `jixia -h` for further information.

ERROR:jixia.run:error while processing ('Mathlib', 'Algebra', 'Category', 'ModuleCat', 'EpiMono'): Unknown flag `--module`.
Run `jixia -h` for further information.

ERROR:jixia.run:error while processing ('Mathlib', 'Algebra', 'Category', 'ModuleCat', 'Subobject'): Unknown flag `--module`.
Run `jixia -h` for further information.

ERROR:jixia.run:error while processing ('Mathlib', 'Algebra', 'Category', 'ModuleCat', 'Injective'): Unknown flag `--module`.
Run `jixia -h` for further information.

ERROR:jixia.run:error while processing ('Mathlib', 'Algebra', 'Category', 'ModuleCat', 'Biproducts'): Unknown flag `--module`.
Run `jixia -h` for further information.

ERROR:jixia.run:error while processing ('Mathlib', 'Algebra', 'Category', 'ModuleCat', 'Abelian'): Unknown flag `--module`.
Run `jixia -h` for further information.

ERROR:jixia.run:error while processing ('Mathlib', 'Algebra', 'Homology', 'ShortComplex', 'ExactFunctor'): Unknown flag `--module`.
Run `jixia -h` for further information.

ERROR:jixia.run:error while processing ('Mathlib', 'Algebra', 'Category', 'Ring', 'Basic'): Unknown flag `--module`.
Run `jixia -h` for further information.

ERROR:jixia.run:error while processing ('Mathlib', 'Algebra', 'Homology', 'ShortComplex', 'QuasiIso'): Unknown flag `--module`.
Run `jixia -h` for further information.

ERROR:jixia.run:error while processing ('Mathlib', 'Algebra', 'Category', 'GrpWithZero'): Unknown flag `--module`.
Run `jixia -h` for further information.

ERROR:jixia.run:error while processing ('Mathlib', 'Algebra', 'Category', 'Ring', 'Constructions'): Unknown flag `--module`.
Run `jixia -h` for further information.

ERROR:jixia.run:error while processing ('Mathlib', 'Algebra', 'Category', 'ModuleCat', 'Projective'): Unknown flag `--module`.
Run `jixia -h` for further information.

ERROR:jixia.run:error while processing ('Mathlib', 'Algebra', 'Category', 'ModuleCat', 'Algebra'): Unknown flag `--module`.
Run `jixia -h` for further information.

ERROR:jixia.run:error while processing ('Mathlib', 'Algebra', 'Homology', 'ShortComplex', 'RightHomology'): Unknown flag `--module`.
Run `jixia -h` for further information.

ERROR:jixia.run:error while processing ('Mathlib', 'Algebra', 'Category', 'Ring', 'Colimits'): Unknown flag `--module`.
Run `jixia -h` for further information.

ERROR:jixia.run:error while processing ('Mathlib', 'Algebra', 'Homology', 'ShortComplex', 'Linear'): Unknown flag `--module`.
Run `jixia -h` for further information.

ERROR:jixia.run:error while processing ('Mathlib', 'Algebra', 'Category', 'ModuleCat', 'Sheaf'): Unknown flag `--module`.
Run `jixia -h` for further information.

ERROR:jixia.run:error while processing ('Mathlib', 'Algebra', 'Homology', 'ShortComplex', 'Limits'): Unknown flag `--module`.
Run `jixia -h` for further information.

ERROR:jixia.run:error while processing ('Mathlib', 'Algebra', 'Category', 'ModuleCat', 'FilteredColimits'): Unknown flag `--module`.
Run `jixia -h` for further information.

ERROR:jixia.run:error while processing ('Mathlib', 'Algebra', 'Category', 'ModuleCat', 'Presheaf', 'Sheafify'): Unknown flag `--module`.
Run `jixia -h` for further information.

ERROR:jixia.run:error while processing ('Mathlib', 'Algebra', 'Category', 'BialgebraCat', 'Basic'): Unknown flag `--module`.
Run `jixia -h` for further information.

ERROR:jixia.run:error while processing ('Mathlib', 'Algebra', 'Category', 'ModuleCat', 'Products'): Unknown flag `--module`.
Run `jixia -h` for further information.

ERROR:jixia.run:error while processing ('Mathlib', 'Algebra', 'Category', 'Ring', 'FilteredColimits'): Unknown flag `--module`.
Run `jixia -h` for further information.

ERROR:jixia.run:error while processing ('Mathlib', 'Algebra', 'Category', 'ModuleCat', 'Images'): Unknown flag `--module`.
Run `jixia -h` for further information.

ERROR:jixia.run:error while processing ('Mathlib', 'Algebra', 'Category', 'ModuleCat', 'Basic'): Unknown flag `--module`.
Run `jixia -h` for further information.

ERROR:jixia.run:error while processing ('Mathlib', 'Algebra', 'Category', 'ModuleCat', 'Limits'): Unknown flag `--module`.
Run `jixia -h` for further information.

ERROR:jixia.run:error while processing ('Mathlib', 'Algebra', 'Category', 'ModuleCat', 'Presheaf'): Unknown flag `--module`.
Run `jixia -h` for further information.

ERROR:jixia.run:error while processing ('Mathlib', 'Algebra', 'Category', 'ModuleCat', 'Presheaf', 'Colimits'): Unknown flag `--module`.
Run `jixia -h` for further information.

ERROR:jixia.run:error while processing ('Mathlib', 'Algebra', 'Category', 'ModuleCat', 'Presheaf', 'Abelian'): Unknown flag `--module`.
Run `jixia -h` for further information.

ERROR:jixia.run:error while processing ('Mathlib', 'Algebra', 'Category', 'ModuleCat', 'Presheaf', 'Sheafification'): Unknown flag `--module`.
Run `jixia -h` for further information.

ERROR:jixia.run:error while processing ('Mathlib', 'Algebra', 'Category', 'ModuleCat', 'Simple'): Unknown flag `--module`.
Run `jixia -h` for further information.

ERROR:jixia.run:error while processing ('Mathlib', 'Algebra', 'Category', 'ModuleCat', 'Presheaf', 'Pushforward'): Unknown flag `--module`.
Run `jixia -h` for further information.

ERROR:jixia.run:error while processing ('Mathlib', 'Algebra', 'Category', 'ModuleCat', 'Presheaf', 'Limits'): Unknown flag `--module`.
Run `jixia -h` for further information.

ERROR:jixia.run:error while processing ('Mathlib', 'Algebra', 'Category', 'ModuleCat', 'Presheaf', 'ChangeOfRings'): Unknown flag `--module`.
Run `jixia -h` for further information.

ERROR:jixia.run:error while processing ('Mathlib', 'Algebra', 'Category', 'ModuleCat', 'Free'): Unknown flag `--module`.
Run `jixia -h` for further information.

ERROR:jixia.run:error while processing ('Mathlib', 'Algebra', 'Category', 'ModuleCat', 'Monoidal', 'Symmetric'): Unknown flag `--module`.
Run `jixia -h` for further information.

ERROR:jixia.run:error while processing ('Mathlib', 'Algebra', 'Category', 'ModuleCat', 'Differentials', 'Basic'): Unknown flag `--module`.
Run `jixia -h` for further information.

ERROR:jixia.run:error while processing ('Mathlib', 'Algebra', 'Category', 'ModuleCat', 'Sheaf', 'ChangeOfRings'): Unknown flag `--module`.
Run `jixia -h` for further information.

ERROR:jixia.run:error while processing ('Mathlib', 'Algebra', 'Category', 'ModuleCat', 'Monoidal', 'Basic'): Unknown flag `--module`.
Run `jixia -h` for further information.

ERROR:jixia.run:error while processing ('Mathlib', 'Algebra', 'Category', 'ModuleCat', 'Sheaf', 'Abelian'): Unknown flag `--module`.
Run `jixia -h` for further information.

ERROR:jixia.run:error while processing ('Mathlib', 'Algebra', 'Category', 'ModuleCat', 'Monoidal', 'Closed'): Unknown flag `--module`.
Run `jixia -h` for further information.

ERROR:jixia.run:error while processing ('Mathlib', 'Algebra', 'Category', 'ModuleCat', 'Sheaf', 'Free'): Unknown flag `--module`.
Run `jixia -h` for further information.

ERROR:jixia.run:error while processing ('Mathlib', 'Algebra', 'Category', 'ModuleCat', 'Differentials', 'Presheaf'): Unknown flag `--module`.
Run `jixia -h` for further information.

ERROR:jixia.run:error while processing ('Mathlib', 'Algebra', 'Category', 'ModuleCat', 'Sheaf', 'Colimits'): Unknown flag `--module`.
Run `jixia -h` for further information.

ERROR:jixia.run:error while processing ('Mathlib', 'Algebra', 'Category', 'ModuleCat', 'Sheaf', 'PushforwardContinuous'): Unknown flag `--module`.
Run `jixia -h` for further information.

ERROR:jixia.run:error while processing ('Mathlib', 'Algebra', 'Category', 'ModuleCat', 'Sheaf', 'Generators'): Unknown flag `--module`.
Run `jixia -h` for further information.

ERROR:jixia.run:error while processing ('Mathlib', 'Algebra', 'Category', 'ModuleCat', 'Sheaf', 'Limits'): Unknown flag `--module`.
Run `jixia -h` for further information.

ERROR:jixia.run:error while processing ('Mathlib', 'Algebra', 'Category', 'Grp', 'FilteredColimits'): Unknown flag `--module`.
Run `jixia -h` for further information.

ERROR:jixia.run:error while processing ('Mathlib', 'Algebra', 'Category', 'Grp', 'ForgetCorepresentable'): Unknown flag `--module`.
Run `jixia -h` for further information.

ERROR:jixia.run:error while processing ('Mathlib', 'Algebra', 'Category', 'Grp', 'EpiMono'): Unknown flag `--module`.
Run `jixia -h` for further information.

ERROR:jixia.run:error while processing ('Mathlib', 'Algebra', 'Category', 'Grp', 'Images'): Unknown flag `--module`.
Run `jixia -h` for further information.

ERROR:jixia.run:error while processing ('Mathlib', 'Algebra', 'Category', 'Grp', 'EnoughInjectives'): Unknown flag `--module`.
Run `jixia -h` for further information.

ERROR:jixia.run:error while processing ('Mathlib', 'Algebra', 'Category', 'AlgebraCat', 'Symmetric'): Unknown flag `--module`.
Run `jixia -h` for further information.

ERROR:jixia.run:error while processing ('Mathlib', 'Algebra', 'Order', 'Archimedean'): Unknown flag `--module`.
Run `jixia -h` for further information.

ERROR:jixia.run:error while processing ('Mathlib', 'Algebra', 'Order', 'AbsoluteValue'): Unknown flag `--module`.
Run `jixia -h` for further information.

ERROR:jixia.run:error while processing ('Mathlib', 'Algebra', 'Category', 'Grp', 'Limits'): Unknown flag `--module`.
Run `jixia -h` for further information.

ERROR:jixia.run:error while processing ('Mathlib', 'Algebra', 'Category', 'Grp', 'Basic'): Unknown flag `--module`.
Run `jixia -h` for further information.

ERROR:jixia.run:error while processing ('Mathlib', 'Algebra', 'Order', 'Floor'): Unknown flag `--module`.
Run `jixia -h` for further information.

ERROR:jixia.run:error while processing ('Mathlib', 'Algebra', 'Order', 'Invertible'): Unknown flag `--module`.
Run `jixia -h` for further information.

ERROR:jixia.run:error while processing ('Mathlib', 'Algebra', 'Category', 'MonCat', 'Colimits'): Unknown flag `--module`.
Run `jixia -h` for further information.

ERROR:jixia.run:error while processing ('Mathlib', 'Algebra', 'Category', 'Semigrp', 'Basic'): Unknown flag `--module`.
Run `jixia -h` for further information.

ERROR:jixia.run:error while processing ('Mathlib', 'Algebra', 'Category', 'Grp', 'EquivalenceGroupAddGroup'): Unknown flag `--module`.
Run `jixia -h` for further information.

ERROR:jixia.run:error while processing ('Mathlib', 'Algebra', 'Category', 'Grp', 'Preadditive'): Unknown flag `--module`.
Run `jixia -h` for further information.

ERROR:jixia.run:error while processing ('Mathlib', 'Algebra', 'Category', 'AlgebraCat', 'Basic'): Unknown flag `--module`.
Run `jixia -h` for further information.

ERROR:jixia.run:error while processing ('Mathlib', 'Algebra', 'Order', 'Monovary'): Unknown flag `--module`.
Run `jixia -h` for further information.

ERROR:jixia.run:error while processing ('Mathlib', 'Algebra', 'Category', 'Grp', 'Colimits'): Unknown flag `--module`.
Run `jixia -h` for further information.

ERROR:jixia.run:error while processing ('Mathlib', 'Algebra', 'Category', 'CoalgebraCat', 'Basic'): Unknown flag `--module`.
Run `jixia -h` for further information.

ERROR:jixia.run:error while processing ('Mathlib', 'Algebra', 'Category', 'AlgebraCat', 'Limits'): Unknown flag `--module`.
Run `jixia -h` for further information.

ERROR:jixia.run:error while processing ('Mathlib', 'Algebra', 'Category', 'Grp', 'Injective'): Unknown flag `--module`.
Run `jixia -h` for further information.

ERROR:jixia.run:error while processing ('Mathlib', 'Algebra', 'Order', 'Group', 'Indicator'): Unknown flag `--module`.
Run `jixia -h` for further information.

ERROR:jixia.run:error while processing ('Mathlib', 'Algebra', 'Order', 'Group', 'Lattice'): Unknown flag `--module`.
Run `jixia -h` for further information.

ERROR:jixia.run:error while processing ('Mathlib', 'Algebra', 'Order', 'Rearrangement'): Unknown flag `--module`.
Run `jixia -h` for further information.

ERROR:jixia.run:error while processing ('Mathlib', 'Algebra', 'Order', 'Kleene'): Unknown flag `--module`.
Run `jixia -h` for further information.

ERROR:jixia.run:error while processing ('Mathlib', 'Algebra', 'Order', 'EuclideanAbsoluteValue'): Unknown flag `--module`.
Run `jixia -h` for further information.

ERROR:jixia.run:error while processing ('Mathlib', 'Algebra', 'Order', 'Group', 'WithTop'): Unknown flag `--module`.
Run `jixia -h` for further information.

ERROR:jixia.run:error while processing ('Mathlib', 'Algebra', 'Order', 'CauSeq', 'Basic'): Unknown flag `--module`.
Run `jixia -h` for further information.

ERROR:jixia.run:error while processing ('Mathlib', 'Algebra', 'Tropical', 'Basic'): Unknown flag `--module`.
Run `jixia -h` for further information.

ERROR:jixia.run:error while processing ('Mathlib', 'Algebra', 'Category', 'Grp', 'Abelian'): Unknown flag `--module`.
Run `jixia -h` for further information.

ERROR:jixia.run:error while processing ('Mathlib', 'Algebra', 'Category', 'Grp', 'Adjunctions'): Unknown flag `--module`.
Run `jixia -h` for further information.

ERROR:jixia.run:error while processing ('Mathlib', 'Algebra', 'Category', 'Grp', 'Zero'): Unknown flag `--module`.
Run `jixia -h` for further information.

ERROR:jixia.run:error while processing ('Mathlib', 'Algebra', 'Category', 'MonCat', 'Basic'): Unknown flag `--module`.
Run `jixia -h` for further information.

ERROR:jixia.run:error while processing ('Mathlib', 'Algebra', 'Order', 'Group', 'Prod'): Unknown flag `--module`.
Run `jixia -h` for further information.

ERROR:jixia.run:error while processing ('Mathlib', 'Algebra', 'Order', 'Group', 'MinMax'): Unknown flag `--module`.
Run `jixia -h` for further information.

ERROR:jixia.run:error while processing ('Mathlib', 'Algebra', 'Category', 'MonCat', 'Adjunctions'): Unknown flag `--module`.
Run `jixia -h` for further information.

ERROR:jixia.run:error while processing ('Mathlib', 'Algebra', 'Category', 'Grp', 'Subobject'): Unknown flag `--module`.
Run `jixia -h` for further information.

ERROR:jixia.run:error while processing ('Mathlib', 'Algebra', 'Tropical', 'BigOperators'): Unknown flag `--module`.
Run `jixia -h` for further information.

ERROR:jixia.run:error while processing ('Mathlib', 'Algebra', 'Category', 'FGModuleCat', 'Limits'): Unknown flag `--module`.
Run `jixia -h` for further information.

ERROR:jixia.run:error while processing ('Mathlib', 'Algebra', 'Category', 'Grp', 'Kernels'): Unknown flag `--module`.
Run `jixia -h` for further information.

ERROR:jixia.run:error while processing ('Mathlib', 'Algebra', 'Order', 'CauSeq', 'Completion'): Unknown flag `--module`.
Run `jixia -h` for further information.

ERROR:jixia.run:error while processing ('Mathlib', 'Algebra', 'Order', 'Group', 'TypeTags'): Unknown flag `--module`.
Run `jixia -h` for further information.

ERROR:jixia.run:error while processing ('Mathlib', 'Algebra', 'Category', 'Grp', 'ZModuleEquivalence'): Unknown flag `--module`.
Run `jixia -h` for further information.

ERROR:jixia.run:error while processing ('Mathlib', 'Algebra', 'Order', 'Chebyshev'): Unknown flag `--module`.
Run `jixia -h` for further information.

ERROR:jixia.run:error while processing ('Mathlib', 'Algebra', 'Category', 'Grp', 'Biproducts'): Unknown flag `--module`.
Run `jixia -h` for further information.

ERROR:jixia.run:error while processing ('Mathlib', 'Algebra', 'Order', 'UpperLower'): Unknown flag `--module`.
Run `jixia -h` for further information.

ERROR:jixia.run:error while processing ('Mathlib', 'Algebra', 'Category', 'MonCat', 'FilteredColimits'): Unknown flag `--module`.
Run `jixia -h` for further information.

ERROR:jixia.run:error while processing ('Mathlib', 'Algebra', 'Order', 'ToIntervalMod'): Unknown flag `--module`.
Run `jixia -h` for further information.

ERROR:jixia.run:error while processing ('Mathlib', 'Algebra', 'Order', 'Group', 'Cone'): Unknown flag `--module`.
Run `jixia -h` for further information.

ERROR:jixia.run:error while processing ('Mathlib', 'Algebra', 'Category', 'MonCat', 'Limits'): Unknown flag `--module`.
Run `jixia -h` for further information.

ERROR:jixia.run:error while processing ('Mathlib', 'Algebra', 'Category', 'AlgebraCat', 'Monoidal'): Unknown flag `--module`.
Run `jixia -h` for further information.

ERROR:jixia.run:error while processing ('Mathlib', 'Algebra', 'Order', 'Sum'): Unknown flag `--module`.
Run `jixia -h` for further information.

ERROR:jixia.run:error while processing ('Mathlib', 'Algebra', 'Order', 'Algebra'): Unknown flag `--module`.
Run `jixia -h` for further information.

ERROR:jixia.run:error while processing ('Mathlib', 'Algebra', 'Order', 'Pi'): Unknown flag `--module`.
Run `jixia -h` for further information.

ERROR:jixia.run:error while processing ('Mathlib', 'Algebra', 'Tropical', 'Lattice'): Unknown flag `--module`.
Run `jixia -h` for further information.

ERROR:jixia.run:error while processing ('Mathlib', 'Algebra', 'Order', 'Group', 'Nat'): Unknown flag `--module`.
Run `jixia -h` for further information.

ERROR:jixia.run:error while processing ('Mathlib', 'Algebra', 'Category', 'FGModuleCat', 'Basic'): Unknown flag `--module`.
Run `jixia -h` for further information.

ERROR:jixia.run:error while processing ('Mathlib', 'Algebra', 'Order', 'Group', 'Instances'): Unknown flag `--module`.
Run `jixia -h` for further information.

ERROR:jixia.run:error while processing ('Mathlib', 'Algebra', 'Order', 'Group', 'InjSurj'): Unknown flag `--module`.
Run `jixia -h` for further information.

ERROR:jixia.run:error while processing ('Mathlib', 'Algebra', 'Order', 'CauSeq', 'BigOperators'): Unknown flag `--module`.
Run `jixia -h` for further information.

ERROR:jixia.run:error while processing ('Mathlib', 'Algebra', 'Order', 'Group', 'DenselyOrdered'): Unknown flag `--module`.
Run `jixia -h` for further information.

ERROR:jixia.run:error while processing ('Mathlib', 'Algebra', 'Order', 'Pointwise'): Unknown flag `--module`.
Run `jixia -h` for further information.

ERROR:jixia.run:error while processing ('Mathlib', 'Algebra', 'Order', 'BigOperators', 'Group', 'List'): Unknown flag `--module`.
Run `jixia -h` for further information.

ERROR:jixia.run:error while processing ('Mathlib', 'Algebra', 'Order', 'CompleteField'): Unknown flag `--module`.
Run `jixia -h` for further information.

ERROR:jixia.run:error while processing ('Mathlib', 'Algebra', 'Order', 'BigOperators', 'Ring', 'List'): Unknown flag `--module`.
Run `jixia -h` for further information.

ERROR:jixia.run:error while processing ('Mathlib', 'Algebra', 'Order', 'ZeroLEOne'): Unknown flag `--module`.
Run `jixia -h` for further information.

ERROR:jixia.run:error while processing ('Mathlib', 'Algebra', 'Order', 'BigOperators', 'Ring', 'Finset'): Unknown flag `--module`.
Run `jixia -h` for further information.

ERROR:jixia.run:error while processing ('Mathlib', 'Algebra', 'Order', 'BigOperators', 'Ring', 'Multiset'): Unknown flag `--module`.
Run `jixia -h` for further information.

ERROR:jixia.run:error while processing ('Mathlib', 'Algebra', 'Order', 'Positive', 'Ring'): Unknown flag `--module`.
Run `jixia -h` for further information.

ERROR:jixia.run:error while processing ('Mathlib', 'Algebra', 'Order', 'Group', 'Basic'): Unknown flag `--module`.
Run `jixia -h` for further information.

ERROR:jixia.run:error while processing ('Mathlib', 'Algebra', 'Order', 'Group', 'Int'): Unknown flag `--module`.
Run `jixia -h` for further information.

ERROR:jixia.run:error while processing ('Mathlib', 'Algebra', 'Order', 'Group', 'PosPart'): Unknown flag `--module`.
Run `jixia -h` for further information.

ERROR:jixia.run:error while processing ('Mathlib', 'Algebra', 'Order', 'Sub', 'WithTop'): Unknown flag `--module`.
Run `jixia -h` for further information.

ERROR:jixia.run:error while processing ('Mathlib', 'Algebra', 'Order', 'Sub', 'Canonical'): Unknown flag `--module`.
Run `jixia -h` for further information.

ERROR:jixia.run:error while processing ('Mathlib', 'Algebra', 'Order', 'BigOperators', 'Group', 'Finset'): Unknown flag `--module`.
Run `jixia -h` for further information.

ERROR:jixia.run:error while processing ('Mathlib', 'Algebra', 'Order', 'Group', 'Defs'): Unknown flag `--module`.
Run `jixia -h` for further information.

ERROR:jixia.run:error while processing ('Mathlib', 'Algebra', 'Order', 'BigOperators', 'Group', 'Multiset'): Unknown flag `--module`.
Run `jixia -h` for further information.

ERROR:jixia.run:error while processing ('Mathlib', 'Algebra', 'Order', 'Sub', 'Prod'): Unknown flag `--module`.
Run `jixia -h` for further information.

ERROR:jixia.run:error while processing ('Mathlib', 'Algebra', 'Order', 'Sub', 'Basic'): Unknown flag `--module`.
Run `jixia -h` for further information.

ERROR:jixia.run:error while processing ('Mathlib', 'Algebra', 'Order', 'Group', 'Action'): Unknown flag `--module`.
Run `jixia -h` for further information.

ERROR:jixia.run:error while processing ('Mathlib', 'Algebra', 'Order', 'Group', 'Abs'): Unknown flag `--module`.
Run `jixia -h` for further information.

ERROR:jixia.run:error while processing ('Mathlib', 'Algebra', 'Order', 'Group', 'Synonym'): Unknown flag `--module`.
Run `jixia -h` for further information.

ERROR:jixia.run:error while processing ('Mathlib', 'Algebra', 'Order', 'Group', 'OrderIso'): Unknown flag `--module`.
Run `jixia -h` for further information.

ERROR:jixia.run:error while processing ('Mathlib', 'Algebra', 'Order', 'Group', 'PiLex'): Unknown flag `--module`.
Run `jixia -h` for further information.

ERROR:jixia.run:error while processing ('Mathlib', 'Algebra', 'Order', 'Group', 'Bounds'): Unknown flag `--module`.
Run `jixia -h` for further information.

ERROR:jixia.run:error while processing ('Mathlib', 'Algebra', 'Order', 'Group', 'Units'): Unknown flag `--module`.
Run `jixia -h` for further information.

ERROR:jixia.run:error while processing ('Mathlib', 'Algebra', 'Order', 'Module', 'Synonym'): Unknown flag `--module`.
Run `jixia -h` for further information.

ERROR:jixia.run:error while processing ('Mathlib', 'Algebra', 'Order', 'Positive', 'Field'): Unknown flag `--module`.
Run `jixia -h` for further information.

ERROR:jixia.run:error while processing ('Mathlib', 'Algebra', 'Order', 'Hom', 'Ring'): Unknown flag `--module`.
Run `jixia -h` for further information.

ERROR:jixia.run:error while processing ('Mathlib', 'Algebra', 'Order', 'Sub', 'Defs'): Unknown flag `--module`.
Run `jixia -h` for further information.

ERROR:jixia.run:error while processing ('Mathlib', 'Algebra', 'Order', 'Antidiag', 'Finsupp'): Unknown flag `--module`.
Run `jixia -h` for further information.

ERROR:jixia.run:error while processing ('Mathlib', 'Algebra', 'Order', 'Hom', 'Basic'): Unknown flag `--module`.
Run `jixia -h` for further information.

ERROR:jixia.run:error while processing ('Mathlib', 'Algebra', 'Order', 'Module', 'Defs'): Unknown flag `--module`.
Run `jixia -h` for further information.

ERROR:jixia.run:error while processing ('Mathlib', 'Algebra', 'Order', 'Module', 'Algebra'): Unknown flag `--module`.
Run `jixia -h` for further information.

ERROR:jixia.run:error while processing ('Mathlib', 'Algebra', 'Order', 'Module', 'OrderedSMul'): Unknown flag `--module`.
Run `jixia -h` for further information.

ERROR:jixia.run:error while processing ('Mathlib', 'Algebra', 'Order', 'Module', 'Pointwise'): Unknown flag `--module`.
Run `jixia -h` for further information.

ERROR:jixia.run:error while processing ('Mathlib', 'Algebra', 'Order', 'Antidiag', 'Pi'): Unknown flag `--module`.
Run `jixia -h` for further information.

ERROR:jixia.run:error while processing ('Mathlib', 'Algebra', 'Order', 'Hom', 'Monoid'): Unknown flag `--module`.
Run `jixia -h` for further information.

ERROR:jixia.run:error while processing ('Mathlib', 'Algebra', 'Order', 'Antidiag', 'Prod'): Unknown flag `--module`.
Run `jixia -h` for further information.

ERROR:jixia.run:error while processing ('Mathlib', 'Algebra', 'Order', 'Nonneg', 'Field'): Unknown flag `--module`.
Run `jixia -h` for further information.

ERROR:jixia.run:error while processing ('Mathlib', 'Algebra', 'Order', 'Floor', 'Div'): Unknown flag `--module`.
Run `jixia -h` for further information.

ERROR:jixia.run:error while processing ('Mathlib', 'Algebra', 'Order', 'Nonneg', 'Module'): Unknown flag `--module`.
Run `jixia -h` for further information.

ERROR:jixia.run:error while processing ('Mathlib', 'Algebra', 'Order', 'GroupWithZero', 'Canonical'): Unknown flag `--module`.
Run `jixia -h` for further information.

ERROR:jixia.run:error while processing ('Mathlib', 'Algebra', 'Order', 'Floor', 'Prime'): Unknown flag `--module`.
Run `jixia -h` for further information.

ERROR:jixia.run:error while processing ('Mathlib', 'Algebra', 'Order', 'Nonneg', 'Ring'): Unknown flag `--module`.
Run `jixia -h` for further information.

ERROR:jixia.run:error while processing ('Mathlib', 'Algebra', 'Order', 'Nonneg', 'Floor'): Unknown flag `--module`.
Run `jixia -h` for further information.

ERROR:jixia.run:error while processing ('Mathlib', 'Algebra', 'Order', 'GroupWithZero', 'Synonym'): Unknown flag `--module`.
Run `jixia -h` for further information.

ERROR:jixia.run:error while processing ('Mathlib', 'Algebra', 'Order', 'GroupWithZero', 'Unbundled'): Unknown flag `--module`.
Run `jixia -h` for further information.

ERROR:jixia.run:error while processing ('Mathlib', 'Algebra', 'Order', 'Interval', 'Set', 'Group'): Unknown flag `--module`.
Run `jixia -h` for further information.

ERROR:jixia.run:error while processing ('Mathlib', 'Algebra', 'Order', 'GroupWithZero', 'WithZero'): Unknown flag `--module`.
Run `jixia -h` for further information.

ERROR:jixia.run:error while processing ('Mathlib', 'Algebra', 'Order', 'Ring', 'Defs'): Unknown flag `--module`.
Run `jixia -h` for further information.

ERROR:jixia.run:error while processing ('Mathlib', 'Algebra', 'Order', 'Field', 'Power'): Unknown flag `--module`.
Run `jixia -h` for further information.

ERROR:jixia.run:error while processing ('Mathlib', 'Algebra', 'Order', 'Monoid', 'Units'): Unknown flag `--module`.
Run `jixia -h` for further information.

ERROR:jixia.run:error while processing ('Mathlib', 'Algebra', 'Order', 'Ring', 'Star'): Unknown flag `--module`.
Run `jixia -h` for further information.

ERROR:jixia.run:error while processing ('Mathlib', 'Algebra', 'Order', 'Ring', 'Abs'): Unknown flag `--module`.
Run `jixia -h` for further information.

ERROR:jixia.run:error while processing ('Mathlib', 'Algebra', 'Order', 'Ring', 'Rat'): Unknown flag `--module`.
Run `jixia -h` for further information.

ERROR:jixia.run:error while processing ('Mathlib', 'Algebra', 'Order', 'Ring', 'Nat'): Unknown flag `--module`.
Run `jixia -h` for further information.

ERROR:jixia.run:error while processing ('Mathlib', 'Algebra', 'Order', 'Field', 'Canonical', 'Defs'): Unknown flag `--module`.
Run `jixia -h` for further information.

ERROR:jixia.run:error while processing ('Mathlib', 'Algebra', 'Order', 'Ring', 'Cast'): Unknown flag `--module`.
Run `jixia -h` for further information.

ERROR:jixia.run:error while processing ('Mathlib', 'Algebra', 'Order', 'Field', 'Pi'): Unknown flag `--module`.
Run `jixia -h` for further information.

ERROR:jixia.run:error while processing ('Mathlib', 'Algebra', 'Order', 'Interval', 'Basic'): Unknown flag `--module`.
Run `jixia -h` for further information.

ERROR:jixia.run:error while processing ('Mathlib', 'Algebra', 'MonoidAlgebra', 'Degree'): Unknown flag `--module`.
Run `jixia -h` for further information.

ERROR:jixia.run:error while processing ('Mathlib', 'Algebra', 'Order', 'Field', 'Canonical', 'Basic'): Unknown flag `--module`.
Run `jixia -h` for further information.

ERROR:jixia.run:error while processing ('Mathlib', 'Algebra', 'Order', 'Ring', 'Int'): Unknown flag `--module`.
Run `jixia -h` for further information.

ERROR:jixia.run:error while processing ('Mathlib', 'Algebra', 'Order', 'Ring', 'WithTop'): Unknown flag `--module`.
Run `jixia -h` for further information.

ERROR:jixia.run:error while processing ('Mathlib', 'Algebra', 'Order', 'Field', 'Subfield'): Unknown flag `--module`.
Run `jixia -h` for further information.

ERROR:jixia.run:error while processing ('Mathlib', 'Algebra', 'Order', 'Monoid', 'Unbundled', 'Defs'): Unknown flag `--module`.
Run `jixia -h` for further information.

ERROR:jixia.run:error while processing ('Mathlib', 'Algebra', 'ContinuedFractions', 'Computation', 'Approximations'): Unknown flag `--module`.
Run `jixia -h` for further information.

ERROR:jixia.run:error while processing ('Mathlib', 'Algebra', 'Order', 'Interval', 'Multiset'): Unknown flag `--module`.
Run `jixia -h` for further information.

ERROR:jixia.run:error while processing ('Mathlib', 'Algebra', 'Order', 'Interval', 'Set', 'Instances'): Unknown flag `--module`.
Run `jixia -h` for further information.

ERROR:jixia.run:error while processing ('Mathlib', 'Algebra', 'MonoidAlgebra', 'Division'): Unknown flag `--module`.
Run `jixia -h` for further information.

ERROR:jixia.run:error while processing ('Mathlib', 'Algebra', 'Order', 'Field', 'Basic'): Unknown flag `--module`.
Run `jixia -h` for further information.

ERROR:jixia.run:error while processing ('Mathlib', 'Algebra', 'ContinuedFractions', 'Translations'): Unknown flag `--module`.
Run `jixia -h` for further information.

ERROR:jixia.run:error while processing ('Mathlib', 'Algebra', 'Order', 'Monoid', 'Canonical', 'Defs'): Unknown flag `--module`.
Run `jixia -h` for further information.

ERROR:jixia.run:error while processing ('Mathlib', 'Algebra', 'ContinuedFractions', 'TerminatedStable'): Unknown flag `--module`.
Run `jixia -h` for further information.

ERROR:jixia.run:error while processing ('Mathlib', 'Algebra', 'Order', 'Monoid', 'NatCast'): Unknown flag `--module`.
Run `jixia -h` for further information.

ERROR:jixia.run:error while processing ('Mathlib', 'Algebra', 'MonoidAlgebra', 'Support'): Unknown flag `--module`.
Run `jixia -h` for further information.

ERROR:jixia.run:error while processing ('Mathlib', 'Algebra', 'ContinuedFractions', 'ContinuantsRecurrence'): Unknown flag `--module`.
Run `jixia -h` for further information.

ERROR:jixia.run:error while processing ('Mathlib', 'Algebra', 'MonoidAlgebra', 'Ideal'): Unknown flag `--module`.
Run `jixia -h` for further information.

ERROR:jixia.run:error while processing ('Mathlib', 'Algebra', 'Order', 'Ring', 'InjSurj'): Unknown flag `--module`.
Run `jixia -h` for further information.

ERROR:jixia.run:error while processing ('Mathlib', 'Algebra', 'Order', 'Ring', 'Synonym'): Unknown flag `--module`.
Run `jixia -h` for further information.

ERROR:jixia.run:error while processing ('Mathlib', 'Algebra', 'Order', 'Interval', 'Finset'): Unknown flag `--module`.
Run `jixia -h` for further information.

ERROR:jixia.run:error while processing ('Mathlib', 'Algebra', 'Order', 'Monoid', 'WithTop'): Unknown flag `--module`.
Run `jixia -h` for further information.

ERROR:jixia.run:error while processing ('Mathlib', 'Algebra', 'Order', 'Ring', 'Basic'): Unknown flag `--module`.
Run `jixia -h` for further information.

ERROR:jixia.run:error while processing ('Mathlib', 'Algebra', 'MonoidAlgebra', 'Basic'): Unknown flag `--module`.
Run `jixia -h` for further information.

ERROR:jixia.run:error while processing ('Mathlib', 'Algebra', 'Order', 'Ring', 'Cone'): Unknown flag `--module`.
Run `jixia -h` for further information.

ERROR:jixia.run:error while processing ('Mathlib', 'Algebra', 'Group', 'MinimalAxioms'): Unknown flag `--module`.
Run `jixia -h` for further information.

ERROR:jixia.run:error while processing ('Mathlib', 'Algebra', 'Order', 'Ring', 'Finset'): Unknown flag `--module`.
Run `jixia -h` for further information.

ERROR:jixia.run:error while processing ('Mathlib', 'Algebra', 'Order', 'Field', 'Rat'): Unknown flag `--module`.
Run `jixia -h` for further information.

ERROR:jixia.run:error while processing ('Mathlib', 'Algebra', 'Order', 'Field', 'Defs'): Unknown flag `--module`.
Run `jixia -h` for further information.

ERROR:jixia.run:error while processing ('Mathlib', 'Algebra', 'Order', 'Field', 'InjSurj'): Unknown flag `--module`.
Run `jixia -h` for further information.

ERROR:jixia.run:error while processing ('Mathlib', 'Algebra', 'Group', 'Units'): Unknown flag `--module`.
Run `jixia -h` for further information.

ERROR:jixia.run:error while processing ('Mathlib', 'Algebra', 'Divisibility', 'Prod'): Unknown flag `--module`.
Run `jixia -h` for further information.

ERROR:jixia.run:error while processing ('Mathlib', 'Algebra', 'Order', 'Monoid', 'Prod'): Unknown flag `--module`.
Run `jixia -h` for further information.

ERROR:jixia.run:error while processing ('Mathlib', 'Algebra', 'Order', 'Ring', 'Canonical'): Unknown flag `--module`.
Run `jixia -h` for further information.

ERROR:jixia.run:error while processing ('Mathlib', 'Algebra', 'Order', 'Interval', 'Set', 'Monoid'): Unknown flag `--module`.
Run `jixia -h` for further information.

ERROR:jixia.run:error while processing ('Mathlib', 'Algebra', 'Group', 'PNatPowAssoc'): Unknown flag `--module`.
Run `jixia -h` for further information.

ERROR:jixia.run:error while processing ('Mathlib', 'Algebra', 'Order', 'Ring', 'Pow'): Unknown flag `--module`.
Run `jixia -h` for further information.

ERROR:jixia.run:error while processing ('Mathlib', 'Algebra', 'ContinuedFractions', 'Computation', 'TerminatesIffRat'): Unknown flag `--module`.
Run `jixia -h` for further information.

ERROR:jixia.run:error while processing ('Mathlib', 'Algebra', 'Group', 'ConjFinite'): Unknown flag `--module`.
Run `jixia -h` for further information.

ERROR:jixia.run:error while processing ('Mathlib', 'Algebra', 'Group', 'Defs'): Unknown flag `--module`.
Run `jixia -h` for further information.

ERROR:jixia.run:error while processing ('Mathlib', 'Algebra', 'Group', 'Nat'): Unknown flag `--module`.
Run `jixia -h` for further information.

ERROR:jixia.run:error while processing ('Mathlib', 'Algebra', 'ContinuedFractions', 'ConvergentsEquiv'): Unknown flag `--module`.
Run `jixia -h` for further information.

ERROR:jixia.run:error while processing ('Mathlib', 'Algebra', 'MonoidAlgebra', 'ToDirectSum'): Unknown flag `--module`.
Run `jixia -h` for further information.

ERROR:jixia.run:error while processing ('Mathlib', 'Algebra', 'Group', 'FiniteSupport'): Unknown flag `--module`.
Run `jixia -h` for further information.

ERROR:jixia.run:error while processing ('Mathlib', 'Algebra', 'Group', 'Even'): Unknown flag `--module`.
Run `jixia -h` for further information.

ERROR:jixia.run:error while processing ('Mathlib', 'Algebra', 'Order', 'Monoid', 'Basic'): Unknown flag `--module`.
Run `jixia -h` for further information.

ERROR:jixia.run:error while processing ('Mathlib', 'Algebra', 'Order', 'Monoid', 'ToMulBot'): Unknown flag `--module`.
Run `jixia -h` for further information.

ERROR:jixia.run:error while processing ('Mathlib', 'Algebra', 'Order', 'Monoid', 'Unbundled', 'MinMax'): Unknown flag `--module`.
Run `jixia -h` for further information.

ERROR:jixia.run:error while processing ('Mathlib', 'Algebra', 'Order', 'Monoid', 'Defs'): Unknown flag `--module`.
Run `jixia -h` for further information.

ERROR:jixia.run:error while processing ('Mathlib', 'Algebra', 'Order', 'Monoid', 'Unbundled', 'Pow'): Unknown flag `--module`.
Run `jixia -h` for further information.

ERROR:jixia.run:error while processing ('Mathlib', 'Algebra', 'Jordan', 'Basic'): Unknown flag `--module`.
Run `jixia -h` for further information.

ERROR:jixia.run:error while processing ('Mathlib', 'Algebra', 'FreeMonoid', 'Basic'): Unknown flag `--module`.
Run `jixia -h` for further information.

ERROR:jixia.run:error while processing ('Mathlib', 'Algebra', 'Order', 'Monoid', 'Submonoid'): Unknown flag `--module`.
Run `jixia -h` for further information.

ERROR:jixia.run:error while processing ('Mathlib', 'Algebra', 'Group', 'Commutator'): Unknown flag `--module`.
Run `jixia -h` for further information.

ERROR:jixia.run:error while processing ('Mathlib', 'Algebra', 'Order', 'Monoid', 'OrderDual'): Unknown flag `--module`.
Run `jixia -h` for further information.

ERROR:jixia.run:error while processing ('Mathlib', 'Algebra', 'ContinuedFractions', 'Basic'): Unknown flag `--module`.
Run `jixia -h` for further information.

ERROR:jixia.run:error while processing ('Mathlib', 'Algebra', 'GroupPower', 'IterateHom'): Unknown flag `--module`.
Run `jixia -h` for further information.

ERROR:jixia.run:error while processing ('Mathlib', 'Algebra', 'Order', 'Monoid', 'Unbundled', 'Basic'): Unknown flag `--module`.
Run `jixia -h` for further information.

ERROR:jixia.run:error while processing ('Mathlib', 'Algebra', 'ContinuedFractions', 'Computation', 'Translations'): Unknown flag `--module`.
Run `jixia -h` for further information.

ERROR:jixia.run:error while processing ('Mathlib', 'Algebra', 'Group', 'TypeTags'): Unknown flag `--module`.
Run `jixia -h` for further information.

ERROR:jixia.run:error while processing ('Mathlib', 'Algebra', 'Group', 'Embedding'): Unknown flag `--module`.
Run `jixia -h` for further information.

ERROR:jixia.run:error while processing ('Mathlib', 'Algebra', 'FreeMonoid', 'Count'): Unknown flag `--module`.
Run `jixia -h` for further information.

ERROR:jixia.run:error while processing ('Mathlib', 'Algebra', 'Group', 'Center'): Unknown flag `--module`.
Run `jixia -h` for further information.

ERROR:jixia.run:error while processing ('Mathlib', 'Algebra', 'Order', 'Monoid', 'TypeTags'): Unknown flag `--module`.
Run `jixia -h` for further information.

ERROR:jixia.run:error while processing ('Mathlib', 'Algebra', 'ContinuedFractions', 'Computation', 'ApproximationCorollaries'): Unknown flag `--module`.
Run `jixia -h` for further information.

ERROR:jixia.run:error while processing ('Mathlib', 'Algebra', 'Group', 'Basic'): Unknown flag `--module`.
Run `jixia -h` for further information.

ERROR:jixia.run:error while processing ('Mathlib', 'Algebra', 'Pointwise', 'Stabilizer'): Unknown flag `--module`.
Run `jixia -h` for further information.

ERROR:jixia.run:error while processing ('Mathlib', 'Algebra', 'ContinuedFractions', 'Computation', 'CorrectnessTerminating'): Unknown flag `--module`.
Run `jixia -h` for further information.

ERROR:jixia.run:error while processing ('Mathlib', 'Algebra', 'MonoidAlgebra', 'NoZeroDivisors'): Unknown flag `--module`.
Run `jixia -h` for further information.

ERROR:jixia.run:error while processing ('Mathlib', 'Algebra', 'Group', 'AddChar'): Unknown flag `--module`.
Run `jixia -h` for further information.

ERROR:jixia.run:error while processing ('Mathlib', 'Algebra', 'Group', 'Aut'): Unknown flag `--module`.
Run `jixia -h` for further information.

ERROR:jixia.run:error while processing ('Mathlib', 'Algebra', 'Divisibility', 'Basic'): Unknown flag `--module`.
Run `jixia -h` for further information.

ERROR:jixia.run:error while processing ('Mathlib', 'Algebra', 'Divisibility', 'Units'): Unknown flag `--module`.
Run `jixia -h` for further information.

ERROR:jixia.run:error while processing ('Mathlib', 'Algebra', 'Group', 'Opposite'): Unknown flag `--module`.
Run `jixia -h` for further information.

ERROR:jixia.run:error while processing ('Mathlib', 'Algebra', 'Group', 'UniqueProds'): Unknown flag `--module`.
Run `jixia -h` for further information.

ERROR:jixia.run:error while processing ('Mathlib', 'Algebra', 'MonoidAlgebra', 'Grading'): Unknown flag `--module`.
Run `jixia -h` for further information.

ERROR:jixia.run:error while processing ('Mathlib', 'Algebra', 'Group', 'Indicator'): Unknown flag `--module`.
Run `jixia -h` for further information.

ERROR:jixia.run:error while processing ('Mathlib', 'Algebra', 'Group', 'Support'): Unknown flag `--module`.
Run `jixia -h` for further information.

ERROR:jixia.run:error while processing ('Mathlib', 'Algebra', 'Group', 'Centralizer'): Unknown flag `--module`.
Run `jixia -h` for further information.

ERROR:jixia.run:error while processing ('Mathlib', 'Algebra', 'ContinuedFractions', 'Computation', 'Basic'): Unknown flag `--module`.
Run `jixia -h` for further information.

ERROR:jixia.run:error while processing ('Mathlib', 'Algebra', 'Group', 'NatPowAssoc'): Unknown flag `--module`.
Run `jixia -h` for further information.

ERROR:jixia.run:error while processing ('Mathlib', 'Algebra', 'Group', 'Prod'): Unknown flag `--module`.
Run `jixia -h` for further information.

ERROR:jixia.run:error while processing ('Mathlib', 'Algebra', 'Group', 'Conj'): Unknown flag `--module`.
Run `jixia -h` for further information.

ERROR:jixia.run:error while processing ('Mathlib', 'Algebra', 'Group', 'Ext'): Unknown flag `--module`.
Run `jixia -h` for further information.

ERROR:jixia.run:error while processing ('Mathlib', 'Algebra', 'Group', 'ULift'): Unknown flag `--module`.
Run `jixia -h` for further information.

ERROR:jixia.run:error while processing ('Mathlib', 'Algebra', 'Group', 'Int'): Unknown flag `--module`.
Run `jixia -h` for further information.

ERROR:jixia.run:error while processing ('Mathlib', 'Algebra', 'Group', 'InjSurj'): Unknown flag `--module`.
Run `jixia -h` for further information.

ERROR:jixia.run:error while processing ('Mathlib', 'Algebra', 'Group', 'Units', 'Hom'): Unknown flag `--module`.
Run `jixia -h` for further information.

ERROR:jixia.run:error while processing ('Mathlib', 'Algebra', 'Group', 'Fin'): Unknown flag `--module`.
Run `jixia -h` for further information.

ERROR:jixia.run:error while processing ('Mathlib', 'Algebra', 'Group', 'Units', 'Equiv'): Unknown flag `--module`.
Run `jixia -h` for further information.

ERROR:jixia.run:error while processing ('Mathlib', 'Algebra', 'Group', 'Subgroup', 'Basic'): Unknown flag `--module`.
Run `jixia -h` for further information.

ERROR:jixia.run:error while processing ('Mathlib', 'Algebra', 'Group', 'Subgroup', 'Finite'): Unknown flag `--module`.
Run `jixia -h` for further information.

ERROR:jixia.run:error while processing ('Mathlib', 'Algebra', 'Group', 'Subgroup', 'ZPowers'): Unknown flag `--module`.
Run `jixia -h` for further information.

ERROR:jixia.run:error while processing ('Mathlib', 'Algebra', 'Group', 'Subgroup', 'Actions'): Unknown flag `--module`.
Run `jixia -h` for further information.

ERROR:jixia.run:error while processing ('Mathlib', 'Algebra', 'Group', 'Subgroup', 'Order'): Unknown flag `--module`.
Run `jixia -h` for further information.

ERROR:jixia.run:error while processing ('Mathlib', 'Algebra', 'Group', 'Hom', 'CompTypeclasses'): Unknown flag `--module`.
Run `jixia -h` for further information.

ERROR:jixia.run:error while processing ('Mathlib', 'Algebra', 'Group', 'Equiv', 'TypeTags'): Unknown flag `--module`.
Run `jixia -h` for further information.

ERROR:jixia.run:error while processing ('Mathlib', 'Algebra', 'Group', 'Submonoid', 'Membership'): Unknown flag `--module`.
Run `jixia -h` for further information.

ERROR:jixia.run:error while processing ('Mathlib', 'Algebra', 'Group', 'Equiv', 'Basic'): Unknown flag `--module`.
Run `jixia -h` for further information.

ERROR:jixia.run:error while processing ('Mathlib', 'Algebra', 'Group', 'Subgroup', 'MulOpposite'): Unknown flag `--module`.
Run `jixia -h` for further information.

ERROR:jixia.run:error while processing ('Mathlib', 'Algebra', 'Group', 'Subgroup', 'Pointwise'): Unknown flag `--module`.
Run `jixia -h` for further information.

ERROR:jixia.run:error while processing ('Mathlib', 'Algebra', 'Group', 'Hom', 'Instances'): Unknown flag `--module`.
Run `jixia -h` for further information.

ERROR:jixia.run:error while processing ('Mathlib', 'Algebra', 'Lie', 'IdealOperations'): Unknown flag `--module`.
Run `jixia -h` for further information.

ERROR:jixia.run:error while processing ('Mathlib', 'Algebra', 'Group', 'Pi', 'Lemmas'): Unknown flag `--module`.
Run `jixia -h` for further information.

ERROR:jixia.run:error while processing ('Mathlib', 'Algebra', 'Group', 'Submonoid', 'Basic'): Unknown flag `--module`.
Run `jixia -h` for further information.

ERROR:jixia.run:error while processing ('Mathlib', 'Algebra', 'Group', 'Submonoid', 'MulOpposite'): Unknown flag `--module`.
Run `jixia -h` for further information.

ERROR:jixia.run:error while processing ('Mathlib', 'Algebra', 'Group', 'Hom', 'End'): Unknown flag `--module`.
Run `jixia -h` for further information.

ERROR:jixia.run:error while processing ('Mathlib', 'Algebra', 'Lie', 'DirectSum'): Unknown flag `--module`.
Run `jixia -h` for further information.

ERROR:jixia.run:error while processing ('Mathlib', 'Algebra', 'Group', 'Action', 'Defs'): Unknown flag `--module`.
Run `jixia -h` for further information.

ERROR:jixia.run:error while processing ('Mathlib', 'Algebra', 'Lie', 'Engel'): Unknown flag `--module`.
Run `jixia -h` for further information.

ERROR:jixia.run:error while processing ('Mathlib', 'Algebra', 'Group', 'Commute', 'Units'): Unknown flag `--module`.
Run `jixia -h` for further information.

ERROR:jixia.run:error while processing ('Mathlib', 'Algebra', 'Lie', 'BaseChange'): Unknown flag `--module`.
Run `jixia -h` for further information.

ERROR:jixia.run:error while processing ('Mathlib', 'Algebra', 'Lie', 'Quotient'): Unknown flag `--module`.
Run `jixia -h` for further information.

ERROR:jixia.run:error while processing ('Mathlib', 'Algebra', 'Lie', 'TensorProduct'): Unknown flag `--module`.
Run `jixia -h` for further information.

ERROR:jixia.run:error while processing ('Mathlib', 'Algebra', 'Lie', 'OfAssociative'): Unknown flag `--module`.
Run `jixia -h` for further information.

ERROR:jixia.run:error while processing ('Mathlib', 'Algebra', 'Lie', 'TraceForm'): Unknown flag `--module`.
Run `jixia -h` for further information.

ERROR:jixia.run:error while processing ('Mathlib', 'Algebra', 'Group', 'Semiconj', 'Units'): Unknown flag `--module`.
Run `jixia -h` for further information.

ERROR:jixia.run:error while processing ('Mathlib', 'Algebra', 'Lie', 'Derivation', 'Basic'): Unknown flag `--module`.
Run `jixia -h` for further information.

ERROR:jixia.run:error while processing ('Mathlib', 'Algebra', 'Group', 'WithOne', 'Basic'): Unknown flag `--module`.
Run `jixia -h` for further information.

ERROR:jixia.run:error while processing ('Mathlib', 'Algebra', 'Lie', 'CartanExists'): Unknown flag `--module`.
Run `jixia -h` for further information.

ERROR:jixia.run:error while processing ('Mathlib', 'Algebra', 'Lie', 'CartanSubalgebra'): Unknown flag `--module`.
Run `jixia -h` for further information.

ERROR:jixia.run:error while processing ('Mathlib', 'Algebra', 'Lie', 'CartanMatrix'): Unknown flag `--module`.
Run `jixia -h` for further information.

ERROR:jixia.run:error while processing ('Mathlib', 'Algebra', 'Lie', 'Weights', 'Linear'): Unknown flag `--module`.
Run `jixia -h` for further information.

ERROR:jixia.run:error while processing ('Mathlib', 'Algebra', 'Lie', 'Semisimple', 'Basic'): Unknown flag `--module`.
Run `jixia -h` for further information.

ERROR:jixia.run:error while processing ('Mathlib', 'Algebra', 'Lie', 'Weights', 'RootSystem'): Unknown flag `--module`.
Run `jixia -h` for further information.

ERROR:jixia.run:error while processing ('Mathlib', 'Algebra', 'Module', 'Bimodule'): Unknown flag `--module`.
Run `jixia -h` for further information.

ERROR:jixia.run:error while processing ('Mathlib', 'Algebra', 'Lie', 'Derivation', 'AdjointAction'): Unknown flag `--module`.
Run `jixia -h` for further information.

ERROR:jixia.run:error while processing ('Mathlib', 'Algebra', 'Lie', 'Free'): Unknown flag `--module`.
Run `jixia -h` for further information.

ERROR:jixia.run:error while processing ('Mathlib', 'Algebra', 'Lie', 'Solvable'): Unknown flag `--module`.
Run `jixia -h` for further information.

ERROR:jixia.run:error while processing ('Mathlib', 'Algebra', 'Lie', 'NonUnitalNonAssocAlgebra'): Unknown flag `--module`.
Run `jixia -h` for further information.

ERROR:jixia.run:error while processing ('Mathlib', 'Algebra', 'Group', 'Semiconj', 'Defs'): Unknown flag `--module`.
Run `jixia -h` for further information.

ERROR:jixia.run:error while processing ('Mathlib', 'Algebra', 'Group', 'Subsemigroup', 'Membership'): Unknown flag `--module`.
Run `jixia -h` for further information.

ERROR:jixia.run:error while processing ('Mathlib', 'Algebra', 'Group', 'Hom', 'Basic'): Unknown flag `--module`.
Run `jixia -h` for further information.

ERROR:jixia.run:error while processing ('Mathlib', 'Algebra', 'Lie', 'Semisimple', 'Defs'): Unknown flag `--module`.
Run `jixia -h` for further information.

ERROR:jixia.run:error while processing ('Mathlib', 'Algebra', 'Group', 'Subsemigroup', 'Basic'): Unknown flag `--module`.
Run `jixia -h` for further information.

ERROR:jixia.run:error while processing ('Mathlib', 'Algebra', 'Module', 'Algebra'): Unknown flag `--module`.
Run `jixia -h` for further information.

ERROR:jixia.run:error while processing ('Mathlib', 'Algebra', 'Group', 'Hom', 'Defs'): Unknown flag `--module`.
Run `jixia -h` for further information.

ERROR:jixia.run:error while processing ('Mathlib', 'Algebra', 'Lie', 'Classical'): Unknown flag `--module`.
Run `jixia -h` for further information.

ERROR:jixia.run:error while processing ('Mathlib', 'Algebra', 'Group', 'WithOne', 'Defs'): Unknown flag `--module`.
Run `jixia -h` for further information.

ERROR:jixia.run:error while processing ('Mathlib', 'Algebra', 'Group', 'Pi', 'Basic'): Unknown flag `--module`.
Run `jixia -h` for further information.

ERROR:jixia.run:error while processing ('Mathlib', 'Algebra', 'Group', 'Commute', 'Basic'): Unknown flag `--module`.
Run `jixia -h` for further information.

ERROR:jixia.run:error while processing ('Mathlib', 'Algebra', 'Group', 'Submonoid', 'Pointwise'): Unknown flag `--module`.
Run `jixia -h` for further information.

ERROR:jixia.run:error while processing ('Mathlib', 'Algebra', 'Group', 'Subsemigroup', 'Operations'): Unknown flag `--module`.
Run `jixia -h` for further information.

ERROR:jixia.run:error while processing ('Mathlib', 'Algebra', 'Group', 'Submonoid', 'Operations'): Unknown flag `--module`.
Run `jixia -h` for further information.

ERROR:jixia.run:error while processing ('Mathlib', 'Algebra', 'Lie', 'Matrix'): Unknown flag `--module`.
Run `jixia -h` for further information.

ERROR:jixia.run:error while processing ('Mathlib', 'Algebra', 'Lie', 'Rank'): Unknown flag `--module`.
Run `jixia -h` for further information.

ERROR:jixia.run:error while processing ('Mathlib', 'Algebra', 'Lie', 'EngelSubalgebra'): Unknown flag `--module`.
Run `jixia -h` for further information.

ERROR:jixia.run:error while processing ('Mathlib', 'Algebra', 'Group', 'Invertible', 'Defs'): Unknown flag `--module`.
Run `jixia -h` for further information.

ERROR:jixia.run:error while processing ('Mathlib', 'Algebra', 'Group', 'Commute', 'Hom'): Unknown flag `--module`.
Run `jixia -h` for further information.

ERROR:jixia.run:error while processing ('Mathlib', 'Algebra', 'Module', 'Injective'): Unknown flag `--module`.
Run `jixia -h` for further information.

ERROR:jixia.run:error while processing ('Mathlib', 'Algebra', 'Lie', 'Weights', 'Basic'): Unknown flag `--module`.
Run `jixia -h` for further information.

ERROR:jixia.run:error while processing ('Mathlib', 'Algebra', 'Lie', 'Character'): Unknown flag `--module`.
Run `jixia -h` for further information.

ERROR:jixia.run:error while processing ('Mathlib', 'Algebra', 'Group', 'Submonoid', 'Units'): Unknown flag `--module`.
Run `jixia -h` for further information.

ERROR:jixia.run:error while processing ('Mathlib', 'Algebra', 'Lie', 'Basic'): Unknown flag `--module`.
Run `jixia -h` for further information.

ERROR:jixia.run:error while processing ('Mathlib', 'Algebra', 'AddConstMap', 'Basic'): Unknown flag `--module`.
Run `jixia -h` for further information.

ERROR:jixia.run:error while processing ('Mathlib', 'Algebra', 'Module', 'Defs'): Unknown flag `--module`.
Run `jixia -h` for further information.

ERROR:jixia.run:error while processing ('Mathlib', 'Algebra', 'Group', 'Invertible', 'Basic'): Unknown flag `--module`.
Run `jixia -h` for further information.

ERROR:jixia.run:error while processing ('Mathlib', 'Algebra', 'Module', 'Hom'): Unknown flag `--module`.
Run `jixia -h` for further information.

ERROR:jixia.run:error while processing ('Mathlib', 'Algebra', 'Group', 'Commute', 'Defs'): Unknown flag `--module`.
Run `jixia -h` for further information.

ERROR:jixia.run:error while processing ('Mathlib', 'Algebra', 'Lie', 'UniversalEnveloping'): Unknown flag `--module`.
Run `jixia -h` for further information.

ERROR:jixia.run:error while processing ('Mathlib', 'Algebra', 'Group', 'Semiconj', 'Basic'): Unknown flag `--module`.
Run `jixia -h` for further information.

ERROR:jixia.run:error while processing ('Mathlib', 'Algebra', 'Lie', 'Submodule'): Unknown flag `--module`.
Run `jixia -h` for further information.

ERROR:jixia.run:error while processing ('Mathlib', 'Algebra', 'Lie', 'Weights', 'Cartan'): Unknown flag `--module`.
Run `jixia -h` for further information.

ERROR:jixia.run:error while processing ('Mathlib', 'Algebra', 'Module', 'PointwisePi'): Unknown flag `--module`.
Run `jixia -h` for further information.

ERROR:jixia.run:error while processing ('Mathlib', 'Algebra', 'Module', 'MinimalAxioms'): Unknown flag `--module`.
Run `jixia -h` for further information.

ERROR:jixia.run:error while processing ('Mathlib', 'Algebra', 'Lie', 'Killing'): Unknown flag `--module`.
Run `jixia -h` for further information.

ERROR:jixia.run:error while processing ('Mathlib', 'Algebra', 'Lie', 'Abelian'): Unknown flag `--module`.
Run `jixia -h` for further information.

ERROR:jixia.run:error while processing ('Mathlib', 'Algebra', 'Lie', 'Nilpotent'): Unknown flag `--module`.
Run `jixia -h` for further information.

ERROR:jixia.run:error while processing ('Mathlib', 'Algebra', 'Lie', 'Weights', 'Killing'): Unknown flag `--module`.
Run `jixia -h` for further information.

ERROR:jixia.run:error while processing ('Mathlib', 'Algebra', 'Lie', 'Normalizer'): Unknown flag `--module`.
Run `jixia -h` for further information.

ERROR:jixia.run:error while processing ('Mathlib', 'Algebra', 'Lie', 'InvariantForm'): Unknown flag `--module`.
Run `jixia -h` for further information.

ERROR:jixia.run:error while processing ('Mathlib', 'Algebra', 'Lie', 'SkewAdjoint'): Unknown flag `--module`.
Run `jixia -h` for further information.

ERROR:jixia.run:error while processing ('Mathlib', 'Algebra', 'Module', 'Projective'): Unknown flag `--module`.
Run `jixia -h` for further information.

ERROR:jixia.run:error while processing ('Mathlib', 'Algebra', 'Lie', 'Sl2'): Unknown flag `--module`.
Run `jixia -h` for further information.

ERROR:jixia.run:error while processing ('Mathlib', 'Algebra', 'Lie', 'Subalgebra'): Unknown flag `--module`.
Run `jixia -h` for further information.

ERROR:jixia.run:error while processing ('Mathlib', 'Algebra', 'Lie', 'Derivation', 'Killing'): Unknown flag `--module`.
Run `jixia -h` for further information.

ERROR:jixia.run:error while processing ('Mathlib', 'Algebra', 'Module', 'GradedModule'): Unknown flag `--module`.
Run `jixia -h` for further information.

ERROR:jixia.run:error while processing ('Mathlib', 'Algebra', 'Lie', 'Weights', 'Chain'): Unknown flag `--module`.
Run `jixia -h` for further information.

ERROR:jixia.run:error while processing ('Mathlib', 'Algebra', 'Module', 'Prod'): Unknown flag `--module`.
Run `jixia -h` for further information.

ERROR:jixia.run:error while processing ('Mathlib', 'Algebra', 'Module', 'Pi'): Unknown flag `--module`.
Run `jixia -h` for further information.

ERROR:jixia.run:error while processing ('Mathlib', 'Algebra', 'Module', 'Zlattice', 'Basic'): Unknown flag `--module`.
Run `jixia -h` for further information.

ERROR:jixia.run:error while processing ('Mathlib', 'Algebra', 'Module', 'LocalizedModuleIntegers'): Unknown flag `--module`.
Run `jixia -h` for further information.

ERROR:jixia.run:error while processing ('Mathlib', 'Algebra', 'Module', 'Equiv'): Unknown flag `--module`.
Run `jixia -h` for further information.

ERROR:jixia.run:error while processing ('Mathlib', 'Algebra', 'Module', 'FinitePresentation'): Unknown flag `--module`.
Run `jixia -h` for further information.

ERROR:jixia.run:error while processing ('Mathlib', 'Algebra', 'Module', 'PID'): Unknown flag `--module`.
Run `jixia -h` for further information.

ERROR:jixia.run:error while processing ('Mathlib', 'Algebra', 'Module', 'Basic'): Unknown flag `--module`.
Run `jixia -h` for further information.

ERROR:jixia.run:error while processing ('Mathlib', 'Algebra', 'Module', 'Submodule', 'IterateMapComap'): Unknown flag `--module`.
Run `jixia -h` for further information.

ERROR:jixia.run:error while processing ('Mathlib', 'Algebra', 'Module', 'Submodule', 'EqLocus'): Unknown flag `--module`.
Run `jixia -h` for further information.

ERROR:jixia.run:error while processing ('Mathlib', 'Algebra', 'Module', 'ULift'): Unknown flag `--module`.
Run `jixia -h` for further information.

ERROR:jixia.run:error while processing ('Mathlib', 'Algebra', 'Module', 'Submodule', 'Range'): Unknown flag `--module`.
Run `jixia -h` for further information.

ERROR:jixia.run:error while processing ('Mathlib', 'Algebra', 'Module', 'Torsion'): Unknown flag `--module`.
Run `jixia -h` for further information.

ERROR:jixia.run:error while processing ('Mathlib', 'Algebra', 'Module', 'Zlattice', 'Covolume'): Unknown flag `--module`.
Run `jixia -h` for further information.

ERROR:jixia.run:error while processing ('Mathlib', 'Algebra', 'Module', 'CharacterModule'): Unknown flag `--module`.
Run `jixia -h` for further information.

ERROR:jixia.run:error while processing ('Mathlib', 'Algebra', 'Module', 'DedekindDomain'): Unknown flag `--module`.
Run `jixia -h` for further information.

ERROR:jixia.run:error while processing ('Mathlib', 'Algebra', 'Module', 'Submodule', 'Localization'): Unknown flag `--module`.
Run `jixia -h` for further information.

ERROR:jixia.run:error while processing ('Mathlib', 'Algebra', 'Module', 'BigOperators'): Unknown flag `--module`.
Run `jixia -h` for further information.

ERROR:jixia.run:error while processing ('Mathlib', 'Algebra', 'Module', 'LocalizedModule'): Unknown flag `--module`.
Run `jixia -h` for further information.

ERROR:jixia.run:error while processing ('Mathlib', 'Algebra', 'Module', 'Card'): Unknown flag `--module`.
Run `jixia -h` for further information.

ERROR:jixia.run:error while processing ('Mathlib', 'Algebra', 'Module', 'Opposites'): Unknown flag `--module`.
Run `jixia -h` for further information.

ERROR:jixia.run:error while processing ('Mathlib', 'Algebra', 'Module', 'Submodule', 'Basic'): Unknown flag `--module`.
Run `jixia -h` for further information.

ERROR:jixia.run:error while processing ('Mathlib', 'Algebra', 'Module', 'Submodule', 'Map'): Unknown flag `--module`.
Run `jixia -h` for further information.

ERROR:jixia.run:error while processing ('Mathlib', 'Algebra', 'Module', 'Submodule', 'Lattice'): Unknown flag `--module`.
Run `jixia -h` for further information.

ERROR:jixia.run:error while processing ('Mathlib', 'Algebra', 'Module', 'Submodule', 'Equiv'): Unknown flag `--module`.
Run `jixia -h` for further information.

ERROR:jixia.run:error while processing ('Mathlib', 'Algebra', 'Module', 'Submodule', 'Order'): Unknown flag `--module`.
Run `jixia -h` for further information.

ERROR:jixia.run:error while processing ('Mathlib', 'SetTheory', 'Cardinal', 'Subfield'): Unknown flag `--module`.
Run `jixia -h` for further information.

ERROR:jixia.run:error while processing ('Mathlib', 'SetTheory', 'Surreal', 'Multiplication'): Unknown flag `--module`.
Run `jixia -h` for further information.

ERROR:jixia.run:error while processing ('Mathlib', 'SetTheory', 'Cardinal', 'ENat'): Unknown flag `--module`.
Run `jixia -h` for further information.

ERROR:jixia.run:error while processing ('Mathlib', 'SetTheory', 'Lists'): Unknown flag `--module`.
Run `jixia -h` for further information.

ERROR:jixia.run:error while processing ('Mathlib', 'Algebra', 'Module', 'Submodule', 'Pointwise'): Unknown flag `--module`.
Run `jixia -h` for further information.

ERROR:jixia.run:error while processing ('Mathlib', 'SetTheory', 'Cardinal', 'Cofinality'): Unknown flag `--module`.
Run `jixia -h` for further information.

ERROR:jixia.run:error while processing ('Mathlib', 'Algebra', 'Module', 'Submodule', 'LinearMap'): Unknown flag `--module`.
Run `jixia -h` for further information.

ERROR:jixia.run:error while processing ('Mathlib', 'SetTheory', 'Cardinal', 'Basic'): Unknown flag `--module`.
Run `jixia -h` for further information.

ERROR:jixia.run:error while processing ('Mathlib', 'Algebra', 'Module', 'Submodule', 'Bilinear'): Unknown flag `--module`.
Run `jixia -h` for further information.

ERROR:jixia.run:error while processing ('Mathlib', 'SetTheory', 'Surreal', 'Basic'): Unknown flag `--module`.
Run `jixia -h` for further information.

ERROR:jixia.run:error while processing ('Mathlib', 'SetTheory', 'Cardinal', 'PartENat'): Unknown flag `--module`.
Run `jixia -h` for further information.

ERROR:jixia.run:error while processing ('Mathlib', 'SetTheory', 'Cardinal', 'Finite'): Unknown flag `--module`.
Run `jixia -h` for further information.

ERROR:jixia.run:error while processing ('Mathlib', 'SetTheory', 'Surreal', 'Dyadic'): Unknown flag `--module`.
Run `jixia -h` for further information.

ERROR:jixia.run:error while processing ('Mathlib', 'SetTheory', 'Cardinal', 'Continuum'): Unknown flag `--module`.
Run `jixia -h` for further information.

ERROR:jixia.run:error while processing ('Mathlib', 'SetTheory', 'Cardinal', 'Divisibility'): Unknown flag `--module`.
Run `jixia -h` for further information.

ERROR:jixia.run:error while processing ('Mathlib', 'SetTheory', 'Cardinal', 'CountableCover'): Unknown flag `--module`.
Run `jixia -h` for further information.

ERROR:jixia.run:error while processing ('Mathlib', 'SetTheory', 'Game', 'Short'): Unknown flag `--module`.
Run `jixia -h` for further information.

ERROR:jixia.run:error while processing ('Mathlib', 'SetTheory', 'Ordinal', 'Arithmetic'): Unknown flag `--module`.
Run `jixia -h` for further information.

ERROR:jixia.run:error while processing ('Mathlib', 'Algebra', 'Module', 'LinearMap', 'Prod'): Unknown flag `--module`.
Run `jixia -h` for further information.

ERROR:jixia.run:error while processing ('Mathlib', 'SetTheory', 'Ordinal', 'Basic'): Unknown flag `--module`.
Run `jixia -h` for further information.

ERROR:jixia.run:error while processing ('Mathlib', 'SetTheory', 'ZFC', 'Basic'): Unknown flag `--module`.
Run `jixia -h` for further information.

ERROR:jixia.run:error while processing ('Mathlib', 'SetTheory', 'Game', 'Nim'): Unknown flag `--module`.
Run `jixia -h` for further information.

ERROR:jixia.run:error while processing ('Mathlib', 'SetTheory', 'Cardinal', 'ToNat'): Unknown flag `--module`.
Run `jixia -h` for further information.

ERROR:jixia.run:error while processing ('Mathlib', 'SetTheory', 'Ordinal', 'NaturalOps'): Unknown flag `--module`.
Run `jixia -h` for further information.

ERROR:jixia.run:error while processing ('Mathlib', 'SetTheory', 'Cardinal', 'SchroederBernstein'): Unknown flag `--module`.
Run `jixia -h` for further information.

ERROR:jixia.run:error while processing ('Mathlib', 'SetTheory', 'Cardinal', 'Ordinal'): Unknown flag `--module`.
Run `jixia -h` for further information.

ERROR:jixia.run:error while processing ('Mathlib', 'SetTheory', 'ZFC', 'Ordinal'): Unknown flag `--module`.
Run `jixia -h` for further information.

ERROR:jixia.run:error while processing ('Mathlib', 'SetTheory', 'Ordinal', 'CantorNormalForm'): Unknown flag `--module`.
Run `jixia -h` for further information.

ERROR:jixia.run:error while processing ('Mathlib', 'SetTheory', 'Game', 'State'): Unknown flag `--module`.
Run `jixia -h` for further information.

ERROR:jixia.run:error while processing ('Mathlib', 'SetTheory', 'Ordinal', 'FixedPoint'): Unknown flag `--module`.
Run `jixia -h` for further information.

ERROR:jixia.run:error while processing ('Mathlib', 'SetTheory', 'Game', 'Impartial'): Unknown flag `--module`.
Run `jixia -h` for further information.

ERROR:jixia.run:error while processing ('Mathlib', 'AlgebraicGeometry', 'AffineScheme'): Unknown flag `--module`.
Run `jixia -h` for further information.

ERROR:jixia.run:error while processing ('Mathlib', 'AlgebraicGeometry', 'Restrict'): Unknown flag `--module`.
Run `jixia -h` for further information.

ERROR:jixia.run:error while processing ('Mathlib', 'SetTheory', 'Game', 'Ordinal'): Unknown flag `--module`.
Run `jixia -h` for further information.

ERROR:jixia.run:error while processing ('Mathlib', 'SetTheory', 'Ordinal', 'Principal'): Unknown flag `--module`.
Run `jixia -h` for further information.

ERROR:jixia.run:error while processing ('Mathlib', 'AlgebraicGeometry', 'FunctionField'): Unknown flag `--module`.
Run `jixia -h` for further information.

ERROR:jixia.run:error while processing ('Mathlib', 'AlgebraicGeometry', 'Spec'): Unknown flag `--module`.
Run `jixia -h` for further information.

ERROR:jixia.run:error while processing ('Mathlib', 'AlgebraicGeometry', 'EllipticCurve', 'Weierstrass'): Unknown flag `--module`.
Run `jixia -h` for further information.

ERROR:jixia.run:error while processing ('Mathlib', 'AlgebraicGeometry', 'OpenImmersion'): Unknown flag `--module`.
Run `jixia -h` for further information.

ERROR:jixia.run:error while processing ('Mathlib', 'AlgebraicGeometry', 'EllipticCurve', 'Group'): Unknown flag `--module`.
Run `jixia -h` for further information.

ERROR:jixia.run:error while processing ('Mathlib', 'SetTheory', 'Game', 'PGame'): Unknown flag `--module`.
Run `jixia -h` for further information.

ERROR:jixia.run:error while processing ('Mathlib', 'AlgebraicGeometry', 'Scheme'): Unknown flag `--module`.
Run `jixia -h` for further information.

ERROR:jixia.run:error while processing ('Mathlib', 'AlgebraicGeometry', 'EllipticCurve', 'Jacobian'): Unknown flag `--module`.
Run `jixia -h` for further information.

ERROR:jixia.run:error while processing ('Mathlib', 'Algebra', 'Module', 'LinearMap', 'Basic'): Unknown flag `--module`.
Run `jixia -h` for further information.

ERROR:jixia.run:error while processing ('Mathlib', 'Algebra', 'Module', 'LinearMap', 'End'): Unknown flag `--module`.
Run `jixia -h` for further information.

ERROR:jixia.run:error while processing ('Mathlib', 'Algebra', 'Module', 'Submodule', 'RestrictScalars'): Unknown flag `--module`.
Run `jixia -h` for further information.

ERROR:jixia.run:error while processing ('Mathlib', 'SetTheory', 'Cardinal', 'UnivLE'): Unknown flag `--module`.
Run `jixia -h` for further information.

ERROR:jixia.run:error while processing ('Mathlib', 'SetTheory', 'Game', 'Basic'): Unknown flag `--module`.
Run `jixia -h` for further information.

ERROR:jixia.run:error while processing ('Mathlib', 'SetTheory', 'Ordinal', 'Topology'): Unknown flag `--module`.
Run `jixia -h` for further information.

ERROR:jixia.run:error while processing ('Mathlib', 'AlgebraicGeometry', 'Modules', 'Sheaf'): Unknown flag `--module`.
Run `jixia -h` for further information.

ERROR:jixia.run:error while processing ('Mathlib', 'Algebra', 'Module', 'LinearMap', 'Polynomial'): Unknown flag `--module`.
Run `jixia -h` for further information.

ERROR:jixia.run:error while processing ('Mathlib', 'Algebra', 'Module', 'Submodule', 'Ker'): Unknown flag `--module`.
Run `jixia -h` for further information.

ERROR:jixia.run:error while processing ('Mathlib', 'Algebra', 'Module', 'LinearMap', 'Star'): Unknown flag `--module`.
Run `jixia -h` for further information.

ERROR:jixia.run:error while processing ('Mathlib', 'AlgebraicGeometry', 'Limits'): Unknown flag `--module`.
Run `jixia -h` for further information.

ERROR:jixia.run:error while processing ('Mathlib', 'AlgebraicGeometry', 'Gluing'): Unknown flag `--module`.
Run `jixia -h` for further information.

ERROR:jixia.run:error while processing ('Mathlib', 'AlgebraicGeometry', 'StructureSheaf'): Unknown flag `--module`.
Run `jixia -h` for further information.

ERROR:jixia.run:error while processing ('Mathlib', 'SetTheory', 'Ordinal', 'Notation'): Unknown flag `--module`.
Run `jixia -h` for further information.

ERROR:jixia.run:error while processing ('Mathlib', 'AlgebraicGeometry', 'GammaSpecAdjunction'): Unknown flag `--module`.
Run `jixia -h` for further information.

ERROR:jixia.run:error while processing ('Mathlib', 'SetTheory', 'Game', 'Birthday'): Unknown flag `--module`.
Run `jixia -h` for further information.

ERROR:jixia.run:error while processing ('Mathlib', 'SetTheory', 'Ordinal', 'FixedPointApproximants'): Unknown flag `--module`.
Run `jixia -h` for further information.

ERROR:jixia.run:error while processing ('Mathlib', 'AlgebraicGeometry', 'Pullbacks'): Unknown flag `--module`.
Run `jixia -h` for further information.

ERROR:jixia.run:error while processing ('Mathlib', 'AlgebraicGeometry', 'PrimeSpectrum', 'Basic'): Unknown flag `--module`.
Run `jixia -h` for further information.

ERROR:jixia.run:error while processing ('Mathlib', 'SetTheory', 'Ordinal', 'Exponential'): Unknown flag `--module`.
Run `jixia -h` for further information.

ERROR:jixia.run:error while processing ('Mathlib', 'Condensed', 'TopComparison'): Unknown flag `--module`.
Run `jixia -h` for further information.

ERROR:jixia.run:error while processing ('Mathlib', 'Condensed', 'Explicit'): Unknown flag `--module`.
Run `jixia -h` for further information.

ERROR:jixia.run:error while processing ('Mathlib', 'AlgebraicGeometry', 'EllipticCurve', 'Projective'): Unknown flag `--module`.
Run `jixia -h` for further information.

ERROR:jixia.run:error while processing ('Mathlib', 'AlgebraicGeometry', 'EllipticCurve', 'DivisionPolynomial', 'Degree'): Unknown flag `--module`.
Run `jixia -h` for further information.

ERROR:jixia.run:error while processing ('Mathlib', 'AlgebraicGeometry', 'PrimeSpectrum', 'IsOpenComapC'): Unknown flag `--module`.
Run `jixia -h` for further information.

ERROR:jixia.run:error while processing ('Mathlib', 'Condensed', 'Solid'): Unknown flag `--module`.
Run `jixia -h` for further information.

ERROR:jixia.run:error while processing ('Mathlib', 'SetTheory', 'Game', 'Domineering'): Unknown flag `--module`.
Run `jixia -h` for further information.

ERROR:jixia.run:error while processing ('Mathlib', 'AlgebraicGeometry', 'EllipticCurve', 'Affine'): Unknown flag `--module`.
Run `jixia -h` for further information.

ERROR:jixia.run:error while processing ('Mathlib', 'AlgebraicGeometry', 'Properties'): Unknown flag `--module`.
Run `jixia -h` for further information.

ERROR:jixia.run:error while processing ('Mathlib', 'AlgebraicGeometry', 'Morphisms', 'ClosedImmersion'): Unknown flag `--module`.
Run `jixia -h` for further information.

ERROR:jixia.run:error while processing ('Mathlib', 'AlgebraicGeometry', 'Morphisms', 'Basic'): Unknown flag `--module`.
Run `jixia -h` for further information.

ERROR:jixia.run:error while processing ('Mathlib', 'AlgebraicGeometry', 'EllipticCurve', 'DivisionPolynomial', 'Basic'): Unknown flag `--module`.
Run `jixia -h` for further information.

ERROR:jixia.run:error while processing ('Mathlib', 'AlgebraicGeometry', 'Morphisms', 'RingHomProperties'): Unknown flag `--module`.
Run `jixia -h` for further information.

ERROR:jixia.run:error while processing ('Mathlib', 'AlgebraicGeometry', 'Morphisms', 'UniversallyClosed'): Unknown flag `--module`.
Run `jixia -h` for further information.

ERROR:jixia.run:error while processing ('Mathlib', 'AlgebraicGeometry', 'Morphisms', 'FiniteType'): Unknown flag `--module`.
Run `jixia -h` for further information.

ERROR:jixia.run:error while processing ('Mathlib', 'AlgebraicGeometry', 'PrimeSpectrum', 'Maximal'): Unknown flag `--module`.
Run `jixia -h` for further information.

ERROR:jixia.run:error while processing ('Mathlib', 'Condensed', 'Limits'): Unknown flag `--module`.
Run `jixia -h` for further information.

ERROR:jixia.run:error while processing ('Mathlib', 'AlgebraicGeometry', 'Morphisms', 'QuasiCompact'): Unknown flag `--module`.
Run `jixia -h` for further information.

ERROR:jixia.run:error while processing ('Mathlib', 'Condensed', 'Discrete'): Unknown flag `--module`.
Run `jixia -h` for further information.

ERROR:jixia.run:error while processing ('Mathlib', 'AlgebraicGeometry', 'Morphisms', 'Separated'): Unknown flag `--module`.
Run `jixia -h` for further information.

ERROR:jixia.run:error while processing ('Mathlib', 'AlgebraicGeometry', 'ProjectiveSpectrum', 'StructureSheaf'): Unknown flag `--module`.
Run `jixia -h` for further information.

ERROR:jixia.run:error while processing ('Mathlib', 'AlgebraicGeometry', 'Modules', 'Presheaf'): Unknown flag `--module`.
Run `jixia -h` for further information.

ERROR:jixia.run:error while processing ('Mathlib', 'AlgebraicGeometry', 'Morphisms', 'QuasiSeparated'): Unknown flag `--module`.
Run `jixia -h` for further information.

ERROR:jixia.run:error while processing ('Mathlib', 'AlgebraicGeometry', 'PrimeSpectrum', 'Noetherian'): Unknown flag `--module`.
Run `jixia -h` for further information.

ERROR:jixia.run:error while processing ('Mathlib', 'AlgebraicGeometry', 'Cover', 'Open'): Unknown flag `--module`.
Run `jixia -h` for further information.

ERROR:jixia.run:error while processing ('Mathlib', 'AlgebraicGeometry', 'Sites', 'BigZariski'): Unknown flag `--module`.
Run `jixia -h` for further information.

ERROR:jixia.run:error while processing ('Mathlib', 'Dynamics', 'Minimal'): Unknown flag `--module`.
Run `jixia -h` for further information.

ERROR:jixia.run:error while processing ('Mathlib', 'AlgebraicGeometry', 'Morphisms', 'OpenImmersion'): Unknown flag `--module`.
Run `jixia -h` for further information.

ERROR:jixia.run:error while processing ('Mathlib', 'Condensed', 'Light', 'Basic'): Unknown flag `--module`.
Run `jixia -h` for further information.

ERROR:jixia.run:error while processing ('Mathlib', 'Condensed', 'Functors'): Unknown flag `--module`.
Run `jixia -h` for further information.

ERROR:jixia.run:error while processing ('Mathlib', 'AlgebraicGeometry', 'ProjectiveSpectrum', 'Scheme'): Unknown flag `--module`.
Run `jixia -h` for further information.

ERROR:jixia.run:error while processing ('Mathlib', 'Dynamics', 'PeriodicPts'): Unknown flag `--module`.
Run `jixia -h` for further information.

ERROR:jixia.run:error while processing ('Mathlib', 'Condensed', 'Equivalence'): Unknown flag `--module`.
Run `jixia -h` for further information.

ERROR:jixia.run:error while processing ('Mathlib', 'AlgebraicGeometry', 'ProjectiveSpectrum', 'Topology'): Unknown flag `--module`.
Run `jixia -h` for further information.

ERROR:jixia.run:error while processing ('Mathlib', 'Condensed', 'Module'): Unknown flag `--module`.
Run `jixia -h` for further information.

ERROR:jixia.run:error while processing ('Mathlib', 'Condensed', 'Basic'): Unknown flag `--module`.
Run `jixia -h` for further information.

ERROR:jixia.run:error while processing ('Mathlib', 'Condensed', 'Light', 'Explicit'): Unknown flag `--module`.
Run `jixia -h` for further information.

ERROR:jixia.run:error while processing ('Mathlib', 'Condensed', 'Light', 'Functors'): Unknown flag `--module`.
Run `jixia -h` for further information.

ERROR:jixia.run:error while processing ('Mathlib', 'Dynamics', 'Flow'): Unknown flag `--module`.
Run `jixia -h` for further information.

ERROR:jixia.run:error while processing ('Mathlib', 'Dynamics', 'Newton'): Unknown flag `--module`.
Run `jixia -h` for further information.

ERROR:jixia.run:error while processing ('Mathlib', 'Dynamics', 'Ergodic', 'MeasurePreserving'): Unknown flag `--module`.
Run `jixia -h` for further information.

ERROR:jixia.run:error while processing ('Mathlib', 'Dynamics', 'OmegaLimit'): Unknown flag `--module`.
Run `jixia -h` for further information.

ERROR:jixia.run:error while processing ('Mathlib', 'Condensed', 'Light', 'Discrete'): Unknown flag `--module`.
Run `jixia -h` for further information.

ERROR:jixia.run:error while processing ('Mathlib', 'Condensed', 'Light', 'Module'): Unknown flag `--module`.
Run `jixia -h` for further information.

ERROR:jixia.run:error while processing ('Mathlib', 'Dynamics', 'Ergodic', 'Function'): Unknown flag `--module`.
Run `jixia -h` for further information.

ERROR:jixia.run:error while processing ('Mathlib', 'Dynamics', 'Ergodic', 'AddCircle'): Unknown flag `--module`.
Run `jixia -h` for further information.

ERROR:jixia.run:error while processing ('Mathlib', 'Dynamics', 'Ergodic', 'Conservative'): Unknown flag `--module`.
Run `jixia -h` for further information.

ERROR:jixia.run:error while processing ('Mathlib', 'Dynamics', 'Ergodic', 'Ergodic'): Unknown flag `--module`.
Run `jixia -h` for further information.

ERROR:jixia.run:error while processing ('Mathlib', 'Dynamics', 'FixedPoints', 'Basic'): Unknown flag `--module`.
Run `jixia -h` for further information.

ERROR:jixia.run:error while processing ('Mathlib', 'Tactic', 'Clear_'): Unknown flag `--module`.
Run `jixia -h` for further information.

ERROR:jixia.run:error while processing ('Mathlib', 'Dynamics', 'Circle', 'RotationNumber', 'TranslationNumber'): Unknown flag `--module`.
Run `jixia -h` for further information.

ERROR:jixia.run:error while processing ('Mathlib', 'Dynamics', 'BirkhoffSum', 'NormedSpace'): Unknown flag `--module`.
Run `jixia -h` for further information.

ERROR:jixia.run:error while processing ('Mathlib', 'Tactic', 'SetLike'): Unknown flag `--module`.
Run `jixia -h` for further information.

ERROR:jixia.run:error while processing ('Mathlib', 'Dynamics', 'FixedPoints', 'Topology'): Unknown flag `--module`.
Run `jixia -h` for further information.

ERROR:jixia.run:error while processing ('Mathlib', 'Tactic', 'ExtendDoc'): Unknown flag `--module`.
Run `jixia -h` for further information.

ERROR:jixia.run:error while processing ('Mathlib', 'Tactic', 'IntervalCases'): Unknown flag `--module`.
Run `jixia -h` for further information.

ERROR:jixia.run:error while processing ('Mathlib', 'Tactic', 'HelpCmd'): Unknown flag `--module`.
Run `jixia -h` for further information.

ERROR:jixia.run:error while processing ('Mathlib', 'Tactic', 'Basic'): Unknown flag `--module`.
Run `jixia -h` for further information.

ERROR:jixia.run:error while processing ('Mathlib', 'Tactic', 'Convert'): Unknown flag `--module`.
Run `jixia -h` for further information.

ERROR:jixia.run:error while processing ('Mathlib', 'Tactic', 'SplitIfs'): Unknown flag `--module`.
Run `jixia -h` for further information.

ERROR:jixia.run:error while processing ('Mathlib', 'Tactic', 'Common'): Unknown flag `--module`.
Run `jixia -h` for further information.

ERROR:jixia.run:error while processing ('Mathlib', 'Tactic', 'SudoSetOption'): Unknown flag `--module`.
Run `jixia -h` for further information.

ERROR:jixia.run:error while processing ('Mathlib', 'Tactic', 'Have'): Unknown flag `--module`.
Run `jixia -h` for further information.

ERROR:jixia.run:error while processing ('Mathlib', 'Dynamics', 'BirkhoffSum', 'Average'): Unknown flag `--module`.
Run `jixia -h` for further information.

ERROR:jixia.run:error while processing ('Mathlib', 'Tactic', 'Abel'): Unknown flag `--module`.
Run `jixia -h` for further information.

ERROR:jixia.run:error while processing ('Mathlib', 'Tactic', 'RSuffices'): Unknown flag `--module`.
Run `jixia -h` for further information.

ERROR:jixia.run:error while processing ('Mathlib', 'Tactic', 'Polyrith'): Unknown flag `--module`.
Run `jixia -h` for further information.

ERROR:jixia.run:error while processing ('Mathlib', 'Tactic', 'DeriveToExpr'): Unknown flag `--module`.
Run `jixia -h` for further information.

ERROR:jixia.run:error while processing ('Mathlib', 'Tactic', 'Qify'): Unknown flag `--module`.
Run `jixia -h` for further information.

ERROR:jixia.run:error while processing ('Mathlib', 'Tactic', 'FinCases'): Unknown flag `--module`.
Run `jixia -h` for further information.

ERROR:jixia.run:error while processing ('Mathlib', 'Tactic', 'Rify'): Unknown flag `--module`.
Run `jixia -h` for further information.

ERROR:jixia.run:error while processing ('Mathlib', 'Tactic', 'Tauto'): Unknown flag `--module`.
Run `jixia -h` for further information.

ERROR:jixia.run:error while processing ('Mathlib', 'Tactic', 'RenameBVar'): Unknown flag `--module`.
Run `jixia -h` for further information.

ERROR:jixia.run:error while processing ('Mathlib', 'Tactic', 'Lemma'): Unknown flag `--module`.
Run `jixia -h` for further information.

ERROR:jixia.run:error while processing ('Mathlib', 'Tactic', 'Replace'): Unknown flag `--module`.
Run `jixia -h` for further information.

ERROR:jixia.run:error while processing ('Mathlib', 'Tactic', 'HaveI'): Unknown flag `--module`.
Run `jixia -h` for further information.

ERROR:jixia.run:error while processing ('Mathlib', 'Dynamics', 'BirkhoffSum', 'Basic'): Unknown flag `--module`.
Run `jixia -h` for further information.

ERROR:jixia.run:error while processing ('Mathlib', 'Tactic', 'CC'): Unknown flag `--module`.
Run `jixia -h` for further information.

ERROR:jixia.run:error while processing ('Mathlib', 'Tactic', 'Hint'): Unknown flag `--module`.
Run `jixia -h` for further information.

ERROR:jixia.run:error while processing ('Mathlib', 'Tactic', 'UnsetOption'): Unknown flag `--module`.
Run `jixia -h` for further information.

ERROR:jixia.run:error while processing ('Mathlib', 'Tactic', 'NoncommRing'): Unknown flag `--module`.
Run `jixia -h` for further information.

ERROR:jixia.run:error while processing ('Mathlib', 'Tactic', 'TFAE'): Unknown flag `--module`.
Run `jixia -h` for further information.

ERROR:jixia.run:error while processing ('Mathlib', 'Tactic', 'SuppressCompilation'): Unknown flag `--module`.
Run `jixia -h` for further information.

ERROR:jixia.run:error while processing ('Mathlib', 'Tactic', 'ClearExcept'): Unknown flag `--module`.
Run `jixia -h` for further information.

ERROR:jixia.run:error while processing ('Mathlib', 'Tactic', 'Contrapose'): Unknown flag `--module`.
Run `jixia -h` for further information.

ERROR:jixia.run:error while processing ('Mathlib', 'Tactic', 'Check'): Unknown flag `--module`.
Run `jixia -h` for further information.

ERROR:jixia.run:error while processing ('Mathlib', 'Tactic', 'GuardHypNums'): Unknown flag `--module`.
Run `jixia -h` for further information.

ERROR:jixia.run:error while processing ('Mathlib', 'Tactic', 'ScopedNS'): Unknown flag `--module`.
Run `jixia -h` for further information.

ERROR:jixia.run:error while processing ('Mathlib', 'Tactic', 'Recall'): Unknown flag `--module`.
Run `jixia -h` for further information.

ERROR:jixia.run:error while processing ('Mathlib', 'Tactic', 'GuardGoalNums'): Unknown flag `--module`.
Run `jixia -h` for further information.

ERROR:jixia.run:error while processing ('Mathlib', 'Tactic', 'Choose'): Unknown flag `--module`.
Run `jixia -h` for further information.

ERROR:jixia.run:error while processing ('Mathlib', 'Tactic', 'ToLevel'): Unknown flag `--module`.
Run `jixia -h` for further information.

ERROR:jixia.run:error while processing ('Mathlib', 'Tactic', 'MoveAdd'): Unknown flag `--module`.
Run `jixia -h` for further information.

ERROR:jixia.run:error while processing ('Mathlib', 'Tactic', 'ToExpr'): Unknown flag `--module`.
Run `jixia -h` for further information.

ERROR:jixia.run:error while processing ('Mathlib', 'Tactic', 'NthRewrite'): Unknown flag `--module`.
Run `jixia -h` for further information.

ERROR:jixia.run:error while processing ('Mathlib', 'Tactic', 'AdaptationNote'): Unknown flag `--module`.
Run `jixia -h` for further information.

ERROR:jixia.run:error while processing ('Mathlib', 'Tactic', 'Recover'): Unknown flag `--module`.
Run `jixia -h` for further information.

ERROR:jixia.run:error while processing ('Mathlib', 'Tactic', 'LinearCombination'): Unknown flag `--module`.
Run `jixia -h` for further information.

ERROR:jixia.run:error while processing ('Mathlib', 'Tactic', 'Explode'): Unknown flag `--module`.
Run `jixia -h` for further information.

ERROR:jixia.run:error while processing ('Mathlib', 'Tactic', 'Peel'): Unknown flag `--module`.
Run `jixia -h` for further information.

ERROR:jixia.run:error while processing ('Mathlib', 'Tactic', 'Lift'): Unknown flag `--module`.
Run `jixia -h` for further information.

ERROR:jixia.run:error while processing ('Mathlib', 'Tactic', 'Variable'): Unknown flag `--module`.
Run `jixia -h` for further information.

ERROR:jixia.run:error while processing ('Mathlib', 'Tactic', 'Congr!'): Unknown flag `--module`.
Run `jixia -h` for further information.

ERROR:jixia.run:error while processing ('Mathlib', 'Tactic', 'GeneralizeProofs'): Unknown flag `--module`.
Run `jixia -h` for further information.

ERROR:jixia.run:error while processing ('Mathlib', 'Tactic', 'TermCongr'): Unknown flag `--module`.
Run `jixia -h` for further information.

ERROR:jixia.run:error while processing ('Mathlib', 'Tactic', 'FailIfNoProgress'): Unknown flag `--module`.
Run `jixia -h` for further information.

ERROR:jixia.run:error while processing ('Mathlib', 'Tactic', 'Linter'): Unknown flag `--module`.
Run `jixia -h` for further information.

ERROR:jixia.run:error while processing ('Mathlib', 'Tactic', 'ExtractLets'): Unknown flag `--module`.
Run `jixia -h` for further information.

ERROR:jixia.run:error while processing ('Mathlib', 'Tactic', 'Measurability'): Unknown flag `--module`.
Run `jixia -h` for further information.

ERROR:jixia.run:error while processing ('Mathlib', 'Tactic', 'ByContra'): Unknown flag `--module`.
Run `jixia -h` for further information.

ERROR:jixia.run:error while processing ('Mathlib', 'Tactic', 'ProxyType'): Unknown flag `--module`.
Run `jixia -h` for further information.

ERROR:jixia.run:error while processing ('Mathlib', 'Tactic', 'DeprecateMe'): Unknown flag `--module`.
Run `jixia -h` for further information.

ERROR:jixia.run:error while processing ('Mathlib', 'Tactic', 'ProjectionNotation'): Unknown flag `--module`.
Run `jixia -h` for further information.

ERROR:jixia.run:error while processing ('Mathlib', 'Tactic', 'Cases'): Unknown flag `--module`.
Run `jixia -h` for further information.

ERROR:jixia.run:error while processing ('Mathlib', 'Tactic', 'SlimCheck'): Unknown flag `--module`.
Run `jixia -h` for further information.

ERROR:jixia.run:error while processing ('Mathlib', 'Tactic', 'ToAdditive'): Unknown flag `--module`.
Run `jixia -h` for further information.

ERROR:jixia.run:error while processing ('Mathlib', 'Tactic', 'TypeStar'): Unknown flag `--module`.
Run `jixia -h` for further information.

ERROR:jixia.run:error while processing ('Mathlib', 'Tactic', 'Trace'): Unknown flag `--module`.
Run `jixia -h` for further information.

ERROR:jixia.run:error while processing ('Mathlib', 'Tactic', 'Continuity'): Unknown flag `--module`.
Run `jixia -h` for further information.

ERROR:jixia.run:error while processing ('Mathlib', 'Tactic', 'FBinop'): Unknown flag `--module`.
Run `jixia -h` for further information.

ERROR:jixia.run:error while processing ('Mathlib', 'Tactic', 'ExtractGoal'): Unknown flag `--module`.
Run `jixia -h` for further information.

ERROR:jixia.run:error while processing ('Mathlib', 'Tactic', 'Monotonicity'): Unknown flag `--module`.
Run `jixia -h` for further information.

ERROR:jixia.run:error while processing ('Mathlib', 'Tactic', 'ITauto'): Unknown flag `--module`.
Run `jixia -h` for further information.

ERROR:jixia.run:error while processing ('Mathlib', 'Tactic', 'ApplyFun'): Unknown flag `--module`.
Run `jixia -h` for further information.

ERROR:jixia.run:error while processing ('Mathlib', 'Tactic', 'InferParam'): Unknown flag `--module`.
Run `jixia -h` for further information.

ERROR:jixia.run:error while processing ('Mathlib', 'Tactic', 'CancelDenoms'): Unknown flag `--module`.
Run `jixia -h` for further information.

ERROR:jixia.run:error while processing ('Mathlib', 'Tactic', 'Linarith'): Unknown flag `--module`.
Run `jixia -h` for further information.

ERROR:jixia.run:error while processing ('Mathlib', 'Tactic', 'Rename'): Unknown flag `--module`.
Run `jixia -h` for further information.

ERROR:jixia.run:error while processing ('Mathlib', 'Tactic', 'SimpRw'): Unknown flag `--module`.
Run `jixia -h` for further information.

ERROR:jixia.run:error while processing ('Mathlib', 'Tactic', 'ComputeDegree'): Unknown flag `--module`.
Run `jixia -h` for further information.

ERROR:jixia.run:error while processing ('Mathlib', 'Tactic', 'ApplyCongr'): Unknown flag `--module`.
Run `jixia -h` for further information.

ERROR:jixia.run:error while processing ('Mathlib', 'Tactic', 'ProdAssoc'): Unknown flag `--module`.
Run `jixia -h` for further information.

ERROR:jixia.run:error while processing ('Mathlib', 'Tactic', 'WLOG'): Unknown flag `--module`.
Run `jixia -h` for further information.

ERROR:jixia.run:error while processing ('Mathlib', 'Tactic', 'DeriveFintype'): Unknown flag `--module`.
Run `jixia -h` for further information.

ERROR:jixia.run:error while processing ('Mathlib', 'Tactic', 'ApplyAt'): Unknown flag `--module`.
Run `jixia -h` for further information.

ERROR:jixia.run:error while processing ('Mathlib', 'Tactic', 'FunProp'): Unknown flag `--module`.
Run `jixia -h` for further information.

ERROR:jixia.run:error while processing ('Mathlib', 'Tactic', 'SwapVar'): Unknown flag `--module`.
Run `jixia -h` for further information.

ERROR:jixia.run:error while processing ('Mathlib', 'Tactic', 'SuccessIfFailWithMsg'): Unknown flag `--module`.
Run `jixia -h` for further information.

ERROR:jixia.run:error while processing ('Mathlib', 'Tactic', 'MkIffOfInductiveProp'): Unknown flag `--module`.
Run `jixia -h` for further information.

ERROR:jixia.run:error while processing ('Mathlib', 'Tactic', 'Eqns'): Unknown flag `--module`.
Run `jixia -h` for further information.

ERROR:jixia.run:error while processing ('Mathlib', 'Tactic', 'GCongr'): Unknown flag `--module`.
Run `jixia -h` for further information.

ERROR:jixia.run:error while processing ('Mathlib', 'Tactic', 'Says'): Unknown flag `--module`.
Run `jixia -h` for further information.

ERROR:jixia.run:error while processing ('Mathlib', 'Tactic', 'Congrm'): Unknown flag `--module`.
Run `jixia -h` for further information.

ERROR:jixia.run:error while processing ('Mathlib', 'Tactic', 'Observe'): Unknown flag `--module`.
Run `jixia -h` for further information.

ERROR:jixia.run:error while processing ('Mathlib', 'Tactic', 'Constructor'): Unknown flag `--module`.
Run `jixia -h` for further information.

ERROR:jixia.run:error while processing ('Mathlib', 'Tactic', 'Propose'): Unknown flag `--module`.
Run `jixia -h` for further information.

ERROR:jixia.run:error while processing ('Mathlib', 'Tactic', 'Substs'): Unknown flag `--module`.
Run `jixia -h` for further information.

ERROR:jixia.run:error while processing ('Mathlib', 'Tactic', 'Nontriviality'): Unknown flag `--module`.
Run `jixia -h` for further information.

ERROR:jixia.run:error while processing ('Mathlib', 'Tactic', 'SimpIntro'): Unknown flag `--module`.
Run `jixia -h` for further information.

ERROR:jixia.run:error while processing ('Mathlib', 'Tactic', 'TryThis'): Unknown flag `--module`.
Run `jixia -h` for further information.

ERROR:jixia.run:error while processing ('Mathlib', 'Tactic', 'DeriveTraversable'): Unknown flag `--module`.
Run `jixia -h` for further information.

ERROR:jixia.run:error while processing ('Mathlib', 'Tactic', 'Conv'): Unknown flag `--module`.
Run `jixia -h` for further information.

ERROR:jixia.run:error while processing ('Mathlib', 'Tactic', 'Existsi'): Unknown flag `--module`.
Run `jixia -h` for further information.

ERROR:jixia.run:error while processing ('Mathlib', 'Tactic', 'Group'): Unknown flag `--module`.
Run `jixia -h` for further information.

ERROR:jixia.run:error while processing ('Mathlib', 'Tactic', 'Use'): Unknown flag `--module`.
Run `jixia -h` for further information.

ERROR:jixia.run:error while processing ('Mathlib', 'Tactic', 'ApplyWith'): Unknown flag `--module`.
Run `jixia -h` for further information.

ERROR:jixia.run:error while processing ('Mathlib', 'Tactic', 'NormNum'): Unknown flag `--module`.
Run `jixia -h` for further information.

ERROR:jixia.run:error while processing ('Mathlib', 'Tactic', 'PPWithUniv'): Unknown flag `--module`.
Run `jixia -h` for further information.

ERROR:jixia.run:error while processing ('Mathlib', 'Tactic', 'Inhabit'): Unknown flag `--module`.
Run `jixia -h` for further information.

ERROR:jixia.run:error while processing ('Mathlib', 'Tactic', 'CasesM'): Unknown flag `--module`.
Run `jixia -h` for further information.

ERROR:jixia.run:error while processing ('Mathlib', 'Tactic', 'Linarith', 'Frontend'): Unknown flag `--module`.
Run `jixia -h` for further information.

ERROR:jixia.run:error while processing ('Mathlib', 'Tactic', 'Positivity', 'Core'): Unknown flag `--module`.
Run `jixia -h` for further information.

ERROR:jixia.run:error while processing ('Mathlib', 'Tactic', 'Clean'): Unknown flag `--module`.
Run `jixia -h` for further information.

ERROR:jixia.run:error while processing ('Mathlib', 'Tactic', 'NormNum', 'LegendreSymbol'): Unknown flag `--module`.
Run `jixia -h` for further information.

ERROR:jixia.run:error while processing ('Mathlib', 'Tactic', 'NormNum', 'Core'): Unknown flag `--module`.
Run `jixia -h` for further information.

ERROR:jixia.run:error while processing ('Mathlib', 'Tactic', 'Eval'): Unknown flag `--module`.
Run `jixia -h` for further information.

ERROR:jixia.run:error while processing ('Mathlib', 'Tactic', 'Measurability', 'Init'): Unknown flag `--module`.
Run `jixia -h` for further information.

ERROR:jixia.run:error while processing ('Mathlib', 'Tactic', 'Linarith', 'Datatypes'): Unknown flag `--module`.
Run `jixia -h` for further information.

ERROR:jixia.run:error while processing ('Mathlib', 'Tactic', 'Linter', 'Lint'): Unknown flag `--module`.
Run `jixia -h` for further information.

ERROR:jixia.run:error while processing ('Mathlib', 'Tactic', 'Spread'): Unknown flag `--module`.
Run `jixia -h` for further information.

ERROR:jixia.run:error while processing ('Mathlib', 'Tactic', 'Positivity', 'Finset'): Unknown flag `--module`.
Run `jixia -h` for further information.

ERROR:jixia.run:error while processing ('Mathlib', 'Tactic', 'Ring'): Unknown flag `--module`.
Run `jixia -h` for further information.

ERROR:jixia.run:error while processing ('Mathlib', 'Tactic', 'NormNum', 'Eq'): Unknown flag `--module`.
Run `jixia -h` for further information.

ERROR:jixia.run:error while processing ('Mathlib', 'Tactic', 'ModCases'): Unknown flag `--module`.
Run `jixia -h` for further information.

ERROR:jixia.run:error while processing ('Mathlib', 'Tactic', 'NormNum', 'IsCoprime'): Unknown flag `--module`.
Run `jixia -h` for further information.

ERROR:jixia.run:error while processing ('Mathlib', 'Tactic', 'Linarith', 'Oracle', 'SimplexAlgorithm', 'SimplexAlgorithm'): Unknown flag `--module`.
Run `jixia -h` for further information.

ERROR:jixia.run:error while processing ('Mathlib', 'Tactic', 'Linter', 'UnusedTactic'): Unknown flag `--module`.
Run `jixia -h` for further information.

ERROR:jixia.run:error while processing ('Mathlib', 'Tactic', 'FieldSimp'): Unknown flag `--module`.
Run `jixia -h` for further information.

ERROR:jixia.run:error while processing ('Mathlib', 'Tactic', 'IrreducibleDef'): Unknown flag `--module`.
Run `jixia -h` for further information.

ERROR:jixia.run:error while processing ('Mathlib', 'Tactic', 'Generalize'): Unknown flag `--module`.
Run `jixia -h` for further information.

ERROR:jixia.run:error while processing ('Mathlib', 'Tactic', 'Continuity', 'Init'): Unknown flag `--module`.
Run `jixia -h` for further information.

ERROR:jixia.run:error while processing ('Mathlib', 'Tactic', 'Change'): Unknown flag `--module`.
Run `jixia -h` for further information.

ERROR:jixia.run:error while processing ('Mathlib', 'Tactic', 'HigherOrder'): Unknown flag `--module`.
Run `jixia -h` for further information.

ERROR:jixia.run:error while processing ('Mathlib', 'Tactic', 'RewriteSearch'): Unknown flag `--module`.
Run `jixia -h` for further information.

ERROR:jixia.run:error while processing ('Mathlib', 'Tactic', 'NormNum', 'Ineq'): Unknown flag `--module`.
Run `jixia -h` for further information.

ERROR:jixia.run:error while processing ('Mathlib', 'Tactic', 'ReduceModChar', 'Ext'): Unknown flag `--module`.
Run `jixia -h` for further information.

ERROR:jixia.run:error while processing ('Mathlib', 'Tactic', 'Positivity', 'Basic'): Unknown flag `--module`.
Run `jixia -h` for further information.

ERROR:jixia.run:error while processing ('Mathlib', 'Tactic', 'Coe'): Unknown flag `--module`.
Run `jixia -h` for further information.

ERROR:jixia.run:error while processing ('Mathlib', 'Tactic', 'Linter', 'TextBased'): Unknown flag `--module`.
Run `jixia -h` for further information.

ERROR:jixia.run:error while processing ('Mathlib', 'Tactic', 'TypeCheck'): Unknown flag `--module`.
Run `jixia -h` for further information.

ERROR:jixia.run:error while processing ('Mathlib', 'Tactic', 'ReduceModChar'): Unknown flag `--module`.
Run `jixia -h` for further information.

ERROR:jixia.run:error while processing ('Mathlib', 'Tactic', 'Core'): Unknown flag `--module`.
Run `jixia -h` for further information.

ERROR:jixia.run:error while processing ('Mathlib', 'Tactic', 'Linter', 'HashCommandLinter'): Unknown flag `--module`.
Run `jixia -h` for further information.

ERROR:jixia.run:error while processing ('Mathlib', 'Tactic', 'LiftLets'): Unknown flag `--module`.
Run `jixia -h` for further information.

ERROR:jixia.run:error while processing ('Mathlib', 'Tactic', 'Set'): Unknown flag `--module`.
Run `jixia -h` for further information.

ERROR:jixia.run:error while processing ('Mathlib', 'Tactic', 'Explode', 'Pretty'): Unknown flag `--module`.
Run `jixia -h` for further information.

ERROR:jixia.run:error while processing ('Mathlib', 'Tactic', 'Linter', 'OldObtain'): Unknown flag `--module`.
Run `jixia -h` for further information.

ERROR:jixia.run:error while processing ('Mathlib', 'Tactic', 'NormNum', 'DivMod'): Unknown flag `--module`.
Run `jixia -h` for further information.

ERROR:jixia.run:error while processing ('Mathlib', 'Tactic', 'NormNum', 'Basic'): Unknown flag `--module`.
Run `jixia -h` for further information.

ERROR:jixia.run:error while processing ('Mathlib', 'Tactic', 'Linter', 'Style'): Unknown flag `--module`.
Run `jixia -h` for further information.

ERROR:jixia.run:error while processing ('Mathlib', 'Tactic', 'Find'): Unknown flag `--module`.
Run `jixia -h` for further information.

ERROR:jixia.run:error while processing ('Mathlib', 'Tactic', 'NormNum', 'OfScientific'): Unknown flag `--module`.
Run `jixia -h` for further information.

ERROR:jixia.run:error while processing ('Mathlib', 'Tactic', 'NormNum', 'NatSqrt'): Unknown flag `--module`.
Run `jixia -h` for further information.

ERROR:jixia.run:error while processing ('Mathlib', 'Tactic', 'Zify'): Unknown flag `--module`.
Run `jixia -h` for further information.

ERROR:jixia.run:error while processing ('Mathlib', 'Tactic', 'ClearExclamation'): Unknown flag `--module`.
Run `jixia -h` for further information.

ERROR:jixia.run:error while processing ('Mathlib', 'Tactic', 'NormNum', 'Inv'): Unknown flag `--module`.
Run `jixia -h` for further information.

ERROR:jixia.run:error while processing ('Mathlib', 'Tactic', 'Linarith', 'Verification'): Unknown flag `--module`.
Run `jixia -h` for further information.

ERROR:jixia.run:error while processing ('Mathlib', 'Tactic', 'Linarith', 'Oracle', 'FourierMotzkin'): Unknown flag `--module`.
Run `jixia -h` for further information.

ERROR:jixia.run:error while processing ('Mathlib', 'Tactic', 'Simps', 'NotationClass'): Unknown flag `--module`.
Run `jixia -h` for further information.

ERROR:jixia.run:error while processing ('Mathlib', 'Tactic', 'Positivity'): Unknown flag `--module`.
Run `jixia -h` for further information.

ERROR:jixia.run:error while processing ('Mathlib', 'Tactic', 'DefEqTransformations'): Unknown flag `--module`.
Run `jixia -h` for further information.

ERROR:jixia.run:error while processing ('Mathlib', 'Tactic', 'Linarith', 'Lemmas'): Unknown flag `--module`.
Run `jixia -h` for further information.

ERROR:jixia.run:error while processing ('Mathlib', 'Tactic', 'Explode', 'Datatypes'): Unknown flag `--module`.
Run `jixia -h` for further information.

ERROR:jixia.run:error while processing ('Mathlib', 'Tactic', 'Linarith', 'Parsing'): Unknown flag `--module`.
Run `jixia -h` for further information.

ERROR:jixia.run:error while processing ('Mathlib', 'Tactic', 'PushNeg'): Unknown flag `--module`.
Run `jixia -h` for further information.

ERROR:jixia.run:error while processing ('Mathlib', 'Tactic', 'Linarith', 'Oracle', 'SimplexAlgorithm', 'Datatypes'): Unknown flag `--module`.
Run `jixia -h` for further information.

ERROR:jixia.run:error while processing ('Mathlib', 'Tactic', 'NormNum', 'NatFib'): Unknown flag `--module`.
Run `jixia -h` for further information.

ERROR:jixia.run:error while processing ('Mathlib', 'Tactic', 'Linarith', 'Oracle', 'SimplexAlgorithm', 'Gauss'): Unknown flag `--module`.
Run `jixia -h` for further information.

ERROR:jixia.run:error while processing ('Mathlib', 'Tactic', 'NormNum', 'BigOperators'): Unknown flag `--module`.
Run `jixia -h` for further information.

ERROR:jixia.run:error while processing ('Mathlib', 'Tactic', 'NormNum', 'Prime'): Unknown flag `--module`.
Run `jixia -h` for further information.

ERROR:jixia.run:error while processing ('Mathlib', 'Tactic', 'ArithMult'): Unknown flag `--module`.
Run `jixia -h` for further information.

ERROR:jixia.run:error while processing ('Mathlib', 'Tactic', 'FunProp', 'StateList'): Unknown flag `--module`.
Run `jixia -h` for further information.

ERROR:jixia.run:error while processing ('Mathlib', 'Tactic', 'NormNum', 'Pow'): Unknown flag `--module`.
Run `jixia -h` for further information.

ERROR:jixia.run:error while processing ('Mathlib', 'Tactic', 'Linarith', 'Preprocessing'): Unknown flag `--module`.
Run `jixia -h` for further information.

ERROR:jixia.run:error while processing ('Mathlib', 'Tactic', 'Linarith', 'Oracle', 'SimplexAlgorithm'): Unknown flag `--module`.
Run `jixia -h` for further information.

ERROR:jixia.run:error while processing ('Mathlib', 'Tactic', 'Linarith', 'Oracle', 'SimplexAlgorithm', 'PositiveVector'): Unknown flag `--module`.
Run `jixia -h` for further information.

ERROR:jixia.run:error while processing ('Mathlib', 'Tactic', 'NormNum', 'Result'): Unknown flag `--module`.
Run `jixia -h` for further information.

ERROR:jixia.run:error while processing ('Mathlib', 'Tactic', 'FunProp', 'ToBatteries'): Unknown flag `--module`.
Run `jixia -h` for further information.

ERROR:jixia.run:error while processing ('Mathlib', 'Tactic', 'FunProp', 'Mor'): Unknown flag `--module`.
Run `jixia -h` for further information.

ERROR:jixia.run:error while processing ('Mathlib', 'Tactic', 'Linter', 'GlobalAttributeIn'): Unknown flag `--module`.
Run `jixia -h` for further information.

ERROR:jixia.run:error while processing ('Mathlib', 'Tactic', 'FunProp', 'Core'): Unknown flag `--module`.
Run `jixia -h` for further information.

ERROR:jixia.run:error while processing ('Mathlib', 'Tactic', 'FunProp', 'ContDiff'): Unknown flag `--module`.
Run `jixia -h` for further information.

ERROR:jixia.run:error while processing ('Mathlib', 'Tactic', 'FunProp', 'AEMeasurable'): Unknown flag `--module`.
Run `jixia -h` for further information.

ERROR:jixia.run:error while processing ('Mathlib', 'Tactic', 'Monotonicity', 'Attr'): Unknown flag `--module`.
Run `jixia -h` for further information.

ERROR:jixia.run:error while processing ('Mathlib', 'Tactic', 'NormNum', 'GCD'): Unknown flag `--module`.
Run `jixia -h` for further information.

ERROR:jixia.run:error while processing ('Mathlib', 'Tactic', 'FunProp', 'Theorems'): Unknown flag `--module`.
Run `jixia -h` for further information.

ERROR:jixia.run:error while processing ('Mathlib', 'Tactic', 'Monotonicity', 'Lemmas'): Unknown flag `--module`.
Run `jixia -h` for further information.

ERROR:jixia.run:error while processing ('Mathlib', 'Tactic', 'FunProp', 'Elab'): Unknown flag `--module`.
Run `jixia -h` for further information.

ERROR:jixia.run:error while processing ('Mathlib', 'Tactic', 'FunProp', 'Decl'): Unknown flag `--module`.
Run `jixia -h` for further information.

ERROR:jixia.run:error while processing ('Mathlib', 'Tactic', 'FunProp', 'RefinedDiscrTree'): Unknown flag `--module`.
Run `jixia -h` for further information.

ERROR:jixia.run:error while processing ('Mathlib', 'Tactic', 'Monotonicity', 'Basic'): Unknown flag `--module`.
Run `jixia -h` for further information.

ERROR:jixia.run:error while processing ('Mathlib', 'Tactic', 'Simps', 'Basic'): Unknown flag `--module`.
Run `jixia -h` for further information.

ERROR:jixia.run:error while processing ('Mathlib', 'Tactic', 'CancelDenoms', 'Core'): Unknown flag `--module`.
Run `jixia -h` for further information.

ERROR:jixia.run:error while processing ('Mathlib', 'Tactic', 'FunProp', 'Attr'): Unknown flag `--module`.
Run `jixia -h` for further information.

ERROR:jixia.run:error while processing ('Mathlib', 'Tactic', 'FunProp', 'Types'): Unknown flag `--module`.
Run `jixia -h` for further information.

ERROR:jixia.run:error while processing ('Mathlib', 'Tactic', 'FunProp', 'Differentiable'): Unknown flag `--module`.
Run `jixia -h` for further information.

ERROR:jixia.run:error while processing ('Mathlib', 'Tactic', 'CC', 'Datatypes'): Unknown flag `--module`.
Run `jixia -h` for further information.

ERROR:jixia.run:error while processing ('Mathlib', 'Tactic', 'ArithMult', 'Init'): Unknown flag `--module`.
Run `jixia -h` for further information.

ERROR:jixia.run:error while processing ('Mathlib', 'Tactic', 'Nontriviality', 'Core'): Unknown flag `--module`.
Run `jixia -h` for further information.

ERROR:jixia.run:error while processing ('Mathlib', 'Tactic', 'FunProp', 'FunctionData'): Unknown flag `--module`.
Run `jixia -h` for further information.

ERROR:jixia.run:error while processing ('Mathlib', 'Tactic', 'Attr', 'Core'): Unknown flag `--module`.
Run `jixia -h` for further information.

ERROR:jixia.run:error while processing ('Mathlib', 'Tactic', 'Ring', 'PNat'): Unknown flag `--module`.
Run `jixia -h` for further information.

ERROR:jixia.run:error while processing ('Mathlib', 'Tactic', 'Ring', 'RingNF'): Unknown flag `--module`.
Run `jixia -h` for further information.

ERROR:jixia.run:error while processing ('Mathlib', 'Tactic', 'Ring', 'Basic'): Unknown flag `--module`.
Run `jixia -h` for further information.

ERROR:jixia.run:error while processing ('Mathlib', 'Tactic', 'Attr', 'Register'): Unknown flag `--module`.
Run `jixia -h` for further information.

ERROR:jixia.run:error while processing ('Mathlib', 'Tactic', 'Widget', 'Conv'): Unknown flag `--module`.
Run `jixia -h` for further information.

ERROR:jixia.run:error while processing ('Mathlib', 'Tactic', 'Widget', 'SelectPanelUtils'): Unknown flag `--module`.
Run `jixia -h` for further information.

ERROR:jixia.run:error while processing ('Mathlib', 'Tactic', 'Widget', 'Calc'): Unknown flag `--module`.
Run `jixia -h` for further information.

ERROR:jixia.run:error while processing ('Mathlib', 'Tactic', 'CC', 'Lemmas'): Unknown flag `--module`.
Run `jixia -h` for further information.

ERROR:jixia.run:error while processing ('Mathlib', 'Tactic', 'CC', 'Addition'): Unknown flag `--module`.
Run `jixia -h` for further information.

ERROR:jixia.run:error while processing ('Mathlib', 'Tactic', 'Sat', 'FromLRAT'): Unknown flag `--module`.
Run `jixia -h` for further information.

ERROR:jixia.run:error while processing ('Mathlib', 'Tactic', 'Widget', 'Gcongr'): Unknown flag `--module`.
Run `jixia -h` for further information.

ERROR:jixia.run:error while processing ('Mathlib', 'Tactic', 'CategoryTheory', 'MonoidalComp'): Unknown flag `--module`.
Run `jixia -h` for further information.

ERROR:jixia.run:error while processing ('Mathlib', 'Tactic', 'Widget', 'SelectInsertParamsClass'): Unknown flag `--module`.
Run `jixia -h` for further information.

ERROR:jixia.run:error while processing ('Mathlib', 'Tactic', 'Widget', 'Congrm'): Unknown flag `--module`.
Run `jixia -h` for further information.

ERROR:jixia.run:error while processing ('Mathlib', 'Tactic', 'CategoryTheory', 'BicategoryCoherence'): Unknown flag `--module`.
Run `jixia -h` for further information.

ERROR:jixia.run:error while processing ('Mathlib', 'Tactic', 'CategoryTheory', 'Reassoc'): Unknown flag `--module`.
Run `jixia -h` for further information.

ERROR:jixia.run:error while processing ('Mathlib', 'Tactic', 'CategoryTheory', 'Slice'): Unknown flag `--module`.
Run `jixia -h` for further information.

ERROR:jixia.run:error while processing ('Mathlib', 'Tactic', 'Widget', 'CommDiag'): Unknown flag `--module`.
Run `jixia -h` for further information.

ERROR:jixia.run:error while processing ('Mathlib', 'Tactic', 'CategoryTheory', 'Elementwise'): Unknown flag `--module`.
Run `jixia -h` for further information.

ERROR:jixia.run:error while processing ('Mathlib', 'Tactic', 'CategoryTheory', 'Coherence'): Unknown flag `--module`.
Run `jixia -h` for further information.

ERROR:jixia.run:error while processing ('Mathlib', 'Tactic', 'Relation', 'Rfl'): Unknown flag `--module`.
Run `jixia -h` for further information.

ERROR:jixia.run:error while processing ('Mathlib', 'CategoryTheory', 'Equivalence'): Unknown flag `--module`.
Run `jixia -h` for further information.

ERROR:jixia.run:error while processing ('Mathlib', 'CategoryTheory', 'Balanced'): Unknown flag `--module`.
Run `jixia -h` for further information.

ERROR:jixia.run:error while processing ('Mathlib', 'CategoryTheory', 'Iso'): Unknown flag `--module`.
Run `jixia -h` for further information.

ERROR:jixia.run:error while processing ('Mathlib', 'CategoryTheory', 'SingleObj'): Unknown flag `--module`.
Run `jixia -h` for further information.

ERROR:jixia.run:error while processing ('Mathlib', 'CategoryTheory', 'Conj'): Unknown flag `--module`.
Run `jixia -h` for further information.

ERROR:jixia.run:error while processing ('Mathlib', 'CategoryTheory', 'Endomorphism'): Unknown flag `--module`.
Run `jixia -h` for further information.

ERROR:jixia.run:error while processing ('Mathlib', 'CategoryTheory', 'GradedObject'): Unknown flag `--module`.
Run `jixia -h` for further information.

ERROR:jixia.run:error while processing ('Mathlib', 'CategoryTheory', 'PEmpty'): Unknown flag `--module`.
Run `jixia -h` for further information.

ERROR:jixia.run:error while processing ('Mathlib', 'CategoryTheory', 'Groupoid'): Unknown flag `--module`.
Run `jixia -h` for further information.

ERROR:jixia.run:error while processing ('Mathlib', 'CategoryTheory', 'WithTerminal'): Unknown flag `--module`.
Run `jixia -h` for further information.

ERROR:jixia.run:error while processing ('Mathlib', 'CategoryTheory', 'Functor', 'Basic'): Unknown flag `--module`.
Run `jixia -h` for further information.

ERROR:jixia.run:error while processing ('Mathlib', 'CategoryTheory', 'Functor', 'Hom'): Unknown flag `--module`.
Run `jixia -h` for further information.

ERROR:jixia.run:error while processing ('Mathlib', 'CategoryTheory', 'Elements'): Unknown flag `--module`.
Run `jixia -h` for further information.

ERROR:jixia.run:error while processing ('Mathlib', 'CategoryTheory', 'Generator'): Unknown flag `--module`.
Run `jixia -h` for further information.

ERROR:jixia.run:error while processing ('Mathlib', 'CategoryTheory', 'Comma', 'Basic'): Unknown flag `--module`.
Run `jixia -h` for further information.

ERROR:jixia.run:error while processing ('Mathlib', 'CategoryTheory', 'Adhesive'): Unknown flag `--module`.
Run `jixia -h` for further information.

ERROR:jixia.run:error while processing ('Mathlib', 'CategoryTheory', 'Functor', 'EpiMono'): Unknown flag `--module`.
Run `jixia -h` for further information.

ERROR:jixia.run:error while processing ('Mathlib', 'CategoryTheory', 'IsomorphismClasses'): Unknown flag `--module`.
Run `jixia -h` for further information.

ERROR:jixia.run:error while processing ('Mathlib', 'CategoryTheory', 'Action'): Unknown flag `--module`.
Run `jixia -h` for further information.

ERROR:jixia.run:error while processing ('Mathlib', 'CategoryTheory', 'CofilteredSystem'): Unknown flag `--module`.
Run `jixia -h` for further information.

ERROR:jixia.run:error while processing ('Mathlib', 'CategoryTheory', 'UnivLE'): Unknown flag `--module`.
Run `jixia -h` for further information.

ERROR:jixia.run:error while processing ('Mathlib', 'CategoryTheory', 'Functor', 'Category'): Unknown flag `--module`.
Run `jixia -h` for further information.

ERROR:jixia.run:error while processing ('Mathlib', 'Tactic', 'Relation', 'Trans'): Unknown flag `--module`.
Run `jixia -h` for further information.

ERROR:jixia.run:error while processing ('Mathlib', 'CategoryTheory', 'Comma', 'StructuredArrow'): Unknown flag `--module`.
Run `jixia -h` for further information.

ERROR:jixia.run:error while processing ('Mathlib', 'CategoryTheory', 'Comma', 'Arrow'): Unknown flag `--module`.
Run `jixia -h` for further information.

ERROR:jixia.run:error while processing ('Mathlib', 'CategoryTheory', 'Functor', 'Functorial'): Unknown flag `--module`.
Run `jixia -h` for further information.

ERROR:jixia.run:error while processing ('Mathlib', 'Tactic', 'GCongr', 'ForwardAttr'): Unknown flag `--module`.
Run `jixia -h` for further information.

ERROR:jixia.run:error while processing ('Mathlib', 'CategoryTheory', 'Opposites'): Unknown flag `--module`.
Run `jixia -h` for further information.

ERROR:jixia.run:error while processing ('Mathlib', 'CategoryTheory', 'Functor', 'Flat'): Unknown flag `--module`.
Run `jixia -h` for further information.

ERROR:jixia.run:error while processing ('Mathlib', 'CategoryTheory', 'Noetherian'): Unknown flag `--module`.
Run `jixia -h` for further information.

ERROR:jixia.run:error while processing ('Mathlib', 'CategoryTheory', 'EssentialImage'): Unknown flag `--module`.
Run `jixia -h` for further information.

ERROR:jixia.run:error while processing ('Mathlib', 'Tactic', 'Relation', 'Symm'): Unknown flag `--module`.
Run `jixia -h` for further information.

ERROR:jixia.run:error while processing ('Mathlib', 'CategoryTheory', 'Thin'): Unknown flag `--module`.
Run `jixia -h` for further information.

ERROR:jixia.run:error while processing ('Mathlib', 'CategoryTheory', 'DifferentialObject'): Unknown flag `--module`.
Run `jixia -h` for further information.

ERROR:jixia.run:error while processing ('Mathlib', 'CategoryTheory', 'Quotient'): Unknown flag `--module`.
Run `jixia -h` for further information.

ERROR:jixia.run:error while processing ('Mathlib', 'CategoryTheory', 'ChosenFiniteProducts'): Unknown flag `--module`.
Run `jixia -h` for further information.

ERROR:jixia.run:error while processing ('Mathlib', 'CategoryTheory', 'DiscreteCategory'): Unknown flag `--module`.
Run `jixia -h` for further information.

ERROR:jixia.run:error while processing ('Mathlib', 'CategoryTheory', 'Functor', 'Const'): Unknown flag `--module`.
Run `jixia -h` for further information.

ERROR:jixia.run:error while processing ('Mathlib', 'CategoryTheory', 'Simple'): Unknown flag `--module`.
Run `jixia -h` for further information.

ERROR:jixia.run:error while processing ('Mathlib', 'CategoryTheory', 'Types'): Unknown flag `--module`.
Run `jixia -h` for further information.

ERROR:jixia.run:error while processing ('Mathlib', 'CategoryTheory', 'Functor', 'Trifunctor'): Unknown flag `--module`.
Run `jixia -h` for further information.

ERROR:jixia.run:error while processing ('Mathlib', 'CategoryTheory', 'CommSq'): Unknown flag `--module`.
Run `jixia -h` for further information.

ERROR:jixia.run:error while processing ('Mathlib', 'CategoryTheory', 'CatCommSq'): Unknown flag `--module`.
Run `jixia -h` for further information.

ERROR:jixia.run:error while processing ('Mathlib', 'CategoryTheory', 'NatIso'): Unknown flag `--module`.
Run `jixia -h` for further information.

ERROR:jixia.run:error while processing ('Mathlib', 'Tactic', 'GCongr', 'Core'): Unknown flag `--module`.
Run `jixia -h` for further information.

ERROR:jixia.run:error while processing ('Mathlib', 'CategoryTheory', 'Functor', 'KanExtension', 'Pointwise'): Unknown flag `--module`.
Run `jixia -h` for further information.

ERROR:jixia.run:error while processing ('Mathlib', 'CategoryTheory', 'Functor', 'Derived', 'RightDerived'): Unknown flag `--module`.
Run `jixia -h` for further information.

ERROR:jixia.run:error while processing ('Mathlib', 'CategoryTheory', 'GlueData'): Unknown flag `--module`.
Run `jixia -h` for further information.

ERROR:jixia.run:error while processing ('Mathlib', 'CategoryTheory', 'EqToHom'): Unknown flag `--module`.
Run `jixia -h` for further information.

ERROR:jixia.run:error while processing ('Mathlib', 'CategoryTheory', 'PUnit'): Unknown flag `--module`.
Run `jixia -h` for further information.

ERROR:jixia.run:error while processing ('Mathlib', 'CategoryTheory', 'ComposableArrows'): Unknown flag `--module`.
Run `jixia -h` for further information.

ERROR:jixia.run:error while processing ('Mathlib', 'CategoryTheory', 'Elementwise'): Unknown flag `--module`.
Run `jixia -h` for further information.

ERROR:jixia.run:error while processing ('Mathlib', 'CategoryTheory', 'Sigma', 'Basic'): Unknown flag `--module`.
Run `jixia -h` for further information.

ERROR:jixia.run:error while processing ('Mathlib', 'CategoryTheory', 'ClosedUnderIsomorphisms'): Unknown flag `--module`.
Run `jixia -h` for further information.

ERROR:jixia.run:error while processing ('Mathlib', 'CategoryTheory', 'Yoneda'): Unknown flag `--module`.
Run `jixia -h` for further information.

ERROR:jixia.run:error while processing ('Mathlib', 'CategoryTheory', 'FintypeCat'): Unknown flag `--module`.
Run `jixia -h` for further information.

ERROR:jixia.run:error while processing ('Mathlib', 'CategoryTheory', 'Core'): Unknown flag `--module`.
Run `jixia -h` for further information.

ERROR:jixia.run:error while processing ('Mathlib', 'CategoryTheory', 'Skeletal'): Unknown flag `--module`.
Run `jixia -h` for further information.

ERROR:jixia.run:error while processing ('Mathlib', 'CategoryTheory', 'Functor', 'KanExtension', 'Adjunction'): Unknown flag `--module`.
Run `jixia -h` for further information.

ERROR:jixia.run:error while processing ('Mathlib', 'CategoryTheory', 'Comma', 'Over'): Unknown flag `--module`.
Run `jixia -h` for further information.

ERROR:jixia.run:error while processing ('Mathlib', 'CategoryTheory', 'GradedObject', 'Monoidal'): Unknown flag `--module`.
Run `jixia -h` for further information.

ERROR:jixia.run:error while processing ('Mathlib', 'CategoryTheory', 'PathCategory'): Unknown flag `--module`.
Run `jixia -h` for further information.

ERROR:jixia.run:error while processing ('Mathlib', 'CategoryTheory', 'Countable'): Unknown flag `--module`.
Run `jixia -h` for further information.

ERROR:jixia.run:error while processing ('Mathlib', 'CategoryTheory', 'FullSubcategory'): Unknown flag `--module`.
Run `jixia -h` for further information.

ERROR:jixia.run:error while processing ('Mathlib', 'CategoryTheory', 'Whiskering'): Unknown flag `--module`.
Run `jixia -h` for further information.

ERROR:jixia.run:error while processing ('Mathlib', 'CategoryTheory', 'Grothendieck'): Unknown flag `--module`.
Run `jixia -h` for further information.

ERROR:jixia.run:error while processing ('Mathlib', 'CategoryTheory', 'IsConnected'): Unknown flag `--module`.
Run `jixia -h` for further information.

ERROR:jixia.run:error while processing ('Mathlib', 'CategoryTheory', 'EpiMono'): Unknown flag `--module`.
Run `jixia -h` for further information.

ERROR:jixia.run:error while processing ('Mathlib', 'CategoryTheory', 'NatTrans'): Unknown flag `--module`.
Run `jixia -h` for further information.

ERROR:jixia.run:error while processing ('Mathlib', 'CategoryTheory', 'Subterminal'): Unknown flag `--module`.
Run `jixia -h` for further information.

ERROR:jixia.run:error while processing ('Mathlib', 'CategoryTheory', 'EssentiallySmall'): Unknown flag `--module`.
Run `jixia -h` for further information.

ERROR:jixia.run:error while processing ('Mathlib', 'CategoryTheory', 'Extensive'): Unknown flag `--module`.
Run `jixia -h` for further information.

ERROR:jixia.run:error while processing ('Mathlib', 'CategoryTheory', 'ConnectedComponents'): Unknown flag `--module`.
Run `jixia -h` for further information.

ERROR:jixia.run:error while processing ('Mathlib', 'CategoryTheory', 'GradedObject', 'Trifunctor'): Unknown flag `--module`.
Run `jixia -h` for further information.

ERROR:jixia.run:error while processing ('Mathlib', 'CategoryTheory', 'GradedObject', 'Single'): Unknown flag `--module`.
Run `jixia -h` for further information.

ERROR:jixia.run:error while processing ('Mathlib', 'CategoryTheory', 'GradedObject', 'Associator'): Unknown flag `--module`.
Run `jixia -h` for further information.

ERROR:jixia.run:error while processing ('Mathlib', 'CategoryTheory', 'Comma', 'Presheaf'): Unknown flag `--module`.
Run `jixia -h` for further information.

ERROR:jixia.run:error while processing ('Mathlib', 'CategoryTheory', 'Functor', 'Currying'): Unknown flag `--module`.
Run `jixia -h` for further information.

ERROR:jixia.run:error while processing ('Mathlib', 'CategoryTheory', 'Functor', 'FullyFaithful'): Unknown flag `--module`.
Run `jixia -h` for further information.

ERROR:jixia.run:error while processing ('Mathlib', 'CategoryTheory', 'Functor', 'KanExtension', 'Basic'): Unknown flag `--module`.
Run `jixia -h` for further information.

ERROR:jixia.run:error while processing ('Mathlib', 'CategoryTheory', 'Functor', 'ReflectsIso'): Unknown flag `--module`.
Run `jixia -h` for further information.

ERROR:jixia.run:error while processing ('Mathlib', 'CategoryTheory', 'Functor', 'OfSequence'): Unknown flag `--module`.
Run `jixia -h` for further information.

ERROR:jixia.run:error while processing ('Mathlib', 'CategoryTheory', 'Monoidal', 'End'): Unknown flag `--module`.
Run `jixia -h` for further information.

ERROR:jixia.run:error while processing ('Mathlib', 'CategoryTheory', 'GradedObject', 'Bifunctor'): Unknown flag `--module`.
Run `jixia -h` for further information.

ERROR:jixia.run:error while processing ('Mathlib', 'CategoryTheory', 'Monoidal', 'Functor'): Unknown flag `--module`.
Run `jixia -h` for further information.

ERROR:jixia.run:error while processing ('Mathlib', 'CategoryTheory', 'Monoidal', 'Limits'): Unknown flag `--module`.
Run `jixia -h` for further information.

ERROR:jixia.run:error while processing ('Mathlib', 'CategoryTheory', 'Monoidal', 'Discrete'): Unknown flag `--module`.
Run `jixia -h` for further information.

ERROR:jixia.run:error while processing ('Mathlib', 'CategoryTheory', 'Monoidal', 'Comon_'): Unknown flag `--module`.
Run `jixia -h` for further information.

ERROR:jixia.run:error while processing ('Mathlib', 'CategoryTheory', 'GradedObject', 'Unitor'): Unknown flag `--module`.
Run `jixia -h` for further information.

ERROR:jixia.run:error while processing ('Mathlib', 'CategoryTheory', 'Monoidal', 'Skeleton'): Unknown flag `--module`.
Run `jixia -h` for further information.

ERROR:jixia.run:error while processing ('Mathlib', 'CategoryTheory', 'Monoidal', 'FunctorCategory'): Unknown flag `--module`.
Run `jixia -h` for further information.

ERROR:jixia.run:error while processing ('Mathlib', 'CategoryTheory', 'Monoidal', 'Functorial'): Unknown flag `--module`.
Run `jixia -h` for further information.

ERROR:jixia.run:error while processing ('Mathlib', 'CategoryTheory', 'Monoidal', 'Bimon_'): Unknown flag `--module`.
Run `jixia -h` for further information.

ERROR:jixia.run:error while processing ('Mathlib', 'CategoryTheory', 'Monoidal', 'Transport'): Unknown flag `--module`.
Run `jixia -h` for further information.

ERROR:jixia.run:error while processing ('Mathlib', 'CategoryTheory', 'Monoidal', 'OfHasFiniteProducts'): Unknown flag `--module`.
Run `jixia -h` for further information.

ERROR:jixia.run:error while processing ('Mathlib', 'CategoryTheory', 'Monoidal', 'CoherenceLemmas'): Unknown flag `--module`.
Run `jixia -h` for further information.

ERROR:jixia.run:error while processing ('Mathlib', 'CategoryTheory', 'Monoidal', 'Subcategory'): Unknown flag `--module`.
Run `jixia -h` for further information.

ERROR:jixia.run:error while processing ('Mathlib', 'CategoryTheory', 'Monoidal', 'Preadditive'): Unknown flag `--module`.
Run `jixia -h` for further information.

ERROR:jixia.run:error while processing ('Mathlib', 'CategoryTheory', 'Monoidal', 'Category'): Unknown flag `--module`.
Run `jixia -h` for further information.

ERROR:jixia.run:error while processing ('Mathlib', 'CategoryTheory', 'Monoidal', 'Opposite'): Unknown flag `--module`.
Run `jixia -h` for further information.

ERROR:jixia.run:error while processing ('Mathlib', 'CategoryTheory', 'Monoidal', 'Mod_'): Unknown flag `--module`.
Run `jixia -h` for further information.

ERROR:jixia.run:error while processing ('Mathlib', 'CategoryTheory', 'Monoidal', 'CommMon_'): Unknown flag `--module`.
Run `jixia -h` for further information.

ERROR:jixia.run:error while processing ('Mathlib', 'CategoryTheory', 'Monoidal', 'Center'): Unknown flag `--module`.
Run `jixia -h` for further information.

ERROR:jixia.run:error while processing ('Mathlib', 'CategoryTheory', 'Monoidal', 'Braided', 'Opposite'): Unknown flag `--module`.
Run `jixia -h` for further information.

ERROR:jixia.run:error while processing ('Mathlib', 'CategoryTheory', 'Monoidal', 'Types', 'Symmetric'): Unknown flag `--module`.
Run `jixia -h` for further information.

ERROR:jixia.run:error while processing ('Mathlib', 'CategoryTheory', 'Monoidal', 'Tor'): Unknown flag `--module`.
Run `jixia -h` for further information.

ERROR:jixia.run:error while processing ('Mathlib', 'CategoryTheory', 'Monoidal', 'NaturalTransformation'): Unknown flag `--module`.
Run `jixia -h` for further information.

ERROR:jixia.run:error while processing ('Mathlib', 'CategoryTheory', 'Monoidal', 'Linear'): Unknown flag `--module`.
Run `jixia -h` for further information.

ERROR:jixia.run:error while processing ('Mathlib', 'CategoryTheory', 'Monoidal', 'Mon_'): Unknown flag `--module`.
Run `jixia -h` for further information.

ERROR:jixia.run:error while processing ('Mathlib', 'CategoryTheory', 'Monoidal', 'Bimod'): Unknown flag `--module`.
Run `jixia -h` for further information.

ERROR:jixia.run:error while processing ('Mathlib', 'CategoryTheory', 'Monoidal', 'Braided', 'Basic'): Unknown flag `--module`.
Run `jixia -h` for further information.

ERROR:jixia.run:error while processing ('Mathlib', 'CategoryTheory', 'Monoidal', 'Types', 'Basic'): Unknown flag `--module`.
Run `jixia -h` for further information.

ERROR:jixia.run:error while processing ('Mathlib', 'CategoryTheory', 'Monoidal', 'Internal', 'Module'): Unknown flag `--module`.
Run `jixia -h` for further information.

ERROR:jixia.run:error while processing ('Mathlib', 'CategoryTheory', 'Monoidal', 'Cartesian', 'Comon_'): Unknown flag `--module`.
Run `jixia -h` for further information.

ERROR:jixia.run:error while processing ('Mathlib', 'CategoryTheory', 'Monoidal', 'Internal', 'Types'): Unknown flag `--module`.
Run `jixia -h` for further information.

ERROR:jixia.run:error while processing ('Mathlib', 'CategoryTheory', 'Monoidal', 'Internal', 'FunctorCategory'): Unknown flag `--module`.
Run `jixia -h` for further information.

ERROR:jixia.run:error while processing ('Mathlib', 'CategoryTheory', 'Monoidal', 'Rigid', 'FunctorCategory'): Unknown flag `--module`.
Run `jixia -h` for further information.

ERROR:jixia.run:error while processing ('Mathlib', 'CategoryTheory', 'Monoidal', 'Free', 'Coherence'): Unknown flag `--module`.
Run `jixia -h` for further information.

ERROR:jixia.run:error while processing ('Mathlib', 'CategoryTheory', 'Monoidal', 'Internal', 'Limits'): Unknown flag `--module`.
Run `jixia -h` for further information.

ERROR:jixia.run:error while processing ('Mathlib', 'CategoryTheory', 'Galois', 'GaloisObjects'): Unknown flag `--module`.
Run `jixia -h` for further information.

ERROR:jixia.run:error while processing ('Mathlib', 'CategoryTheory', 'Galois', 'Decomposition'): Unknown flag `--module`.
Run `jixia -h` for further information.

ERROR:jixia.run:error while processing ('Mathlib', 'CategoryTheory', 'Monoidal', 'Types', 'Coyoneda'): Unknown flag `--module`.
Run `jixia -h` for further information.

ERROR:jixia.run:error while processing ('Mathlib', 'CategoryTheory', 'Category', 'Bipointed'): Unknown flag `--module`.
Run `jixia -h` for further information.

ERROR:jixia.run:error while processing ('Mathlib', 'CategoryTheory', 'Monoidal', 'OfChosenFiniteProducts', 'Basic'): Unknown flag `--module`.
Run `jixia -h` for further information.

ERROR:jixia.run:error while processing ('Mathlib', 'CategoryTheory', 'ConcreteCategory', 'ReflectsIso'): Unknown flag `--module`.
Run `jixia -h` for further information.

ERROR:jixia.run:error while processing ('Mathlib', 'CategoryTheory', 'Category', 'Preorder'): Unknown flag `--module`.
Run `jixia -h` for further information.

ERROR:jixia.run:error while processing ('Mathlib', 'CategoryTheory', 'Category', 'Basic'): Unknown flag `--module`.
Run `jixia -h` for further information.

ERROR:jixia.run:error while processing ('Mathlib', 'CategoryTheory', 'Category', 'GaloisConnection'): Unknown flag `--module`.
Run `jixia -h` for further information.

ERROR:jixia.run:error while processing ('Mathlib', 'CategoryTheory', 'Monoidal', 'Rigid', 'OfEquivalence'): Unknown flag `--module`.
Run `jixia -h` for further information.

ERROR:jixia.run:error while processing ('Mathlib', 'CategoryTheory', 'Category', 'KleisliCat'): Unknown flag `--module`.
Run `jixia -h` for further information.

ERROR:jixia.run:error while processing ('Mathlib', 'CategoryTheory', 'Category', 'Quiv'): Unknown flag `--module`.
Run `jixia -h` for further information.

ERROR:jixia.run:error while processing ('Mathlib', 'CategoryTheory', 'ConcreteCategory', 'BundledHom'): Unknown flag `--module`.
Run `jixia -h` for further information.

ERROR:jixia.run:error while processing ('Mathlib', 'CategoryTheory', 'Galois', 'Prorepresentability'): Unknown flag `--module`.
Run `jixia -h` for further information.

ERROR:jixia.run:error while processing ('Mathlib', 'CategoryTheory', 'ConcreteCategory', 'UnbundledHom'): Unknown flag `--module`.
Run `jixia -h` for further information.

ERROR:jixia.run:error while processing ('Mathlib', 'CategoryTheory', 'Idempotents', 'FunctorCategories'): Unknown flag `--module`.
Run `jixia -h` for further information.

ERROR:jixia.run:error while processing ('Mathlib', 'CategoryTheory', 'Idempotents', 'FunctorExtension'): Unknown flag `--module`.
Run `jixia -h` for further information.

ERROR:jixia.run:error while processing ('Mathlib', 'CategoryTheory', 'Triangulated', 'HomologicalFunctor'): Unknown flag `--module`.
Run `jixia -h` for further information.

ERROR:jixia.run:error while processing ('Mathlib', 'CategoryTheory', 'Bicategory', 'End'): Unknown flag `--module`.
Run `jixia -h` for further information.

ERROR:jixia.run:error while processing ('Mathlib', 'CategoryTheory', 'ConcreteCategory', 'EpiMono'): Unknown flag `--module`.
Run `jixia -h` for further information.

ERROR:jixia.run:error while processing ('Mathlib', 'CategoryTheory', 'Category', 'ULift'): Unknown flag `--module`.
Run `jixia -h` for further information.

ERROR:jixia.run:error while processing ('Mathlib', 'CategoryTheory', 'Idempotents', 'Biproducts'): Unknown flag `--module`.
Run `jixia -h` for further information.

ERROR:jixia.run:error while processing ('Mathlib', 'CategoryTheory', 'Bicategory', 'NaturalTransformation'): Unknown flag `--module`.
Run `jixia -h` for further information.

ERROR:jixia.run:error while processing ('Mathlib', 'CategoryTheory', 'Category', 'Init'): Unknown flag `--module`.
Run `jixia -h` for further information.

ERROR:jixia.run:error while processing ('Mathlib', 'CategoryTheory', 'Monoidal', 'OfChosenFiniteProducts', 'Symmetric'): Unknown flag `--module`.
Run `jixia -h` for further information.

ERROR:jixia.run:error while processing ('Mathlib', 'CategoryTheory', 'Bicategory', 'SingleObj'): Unknown flag `--module`.
Run `jixia -h` for further information.

ERROR:jixia.run:error while processing ('Mathlib', 'CategoryTheory', 'Subobject', 'MonoOver'): Unknown flag `--module`.
Run `jixia -h` for further information.

ERROR:jixia.run:error while processing ('Mathlib', 'CategoryTheory', 'Monoidal', 'Rigid', 'Basic'): Unknown flag `--module`.
Run `jixia -h` for further information.

ERROR:jixia.run:error while processing ('Mathlib', 'CategoryTheory', 'Triangulated', 'Basic'): Unknown flag `--module`.
Run `jixia -h` for further information.

ERROR:jixia.run:error while processing ('Mathlib', 'CategoryTheory', 'Bicategory', 'LocallyDiscrete'): Unknown flag `--module`.
Run `jixia -h` for further information.

ERROR:jixia.run:error while processing ('Mathlib', 'CategoryTheory', 'Category', 'Pointed'): Unknown flag `--module`.
Run `jixia -h` for further information.

ERROR:jixia.run:error while processing ('Mathlib', 'CategoryTheory', 'Galois', 'Examples'): Unknown flag `--module`.
Run `jixia -h` for further information.

ERROR:jixia.run:error while processing ('Mathlib', 'CategoryTheory', 'Monoidal', 'Free', 'Basic'): Unknown flag `--module`.
Run `jixia -h` for further information.

ERROR:jixia.run:error while processing ('Mathlib', 'CategoryTheory', 'Galois', 'Basic'): Unknown flag `--module`.
Run `jixia -h` for further information.

ERROR:jixia.run:error while processing ('Mathlib', 'CategoryTheory', 'Bicategory', 'Free'): Unknown flag `--module`.
Run `jixia -h` for further information.

ERROR:jixia.run:error while processing ('Mathlib', 'CategoryTheory', 'Pi', 'Basic'): Unknown flag `--module`.
Run `jixia -h` for further information.

ERROR:jixia.run:error while processing ('Mathlib', 'CategoryTheory', 'ConcreteCategory', 'Elementwise'): Unknown flag `--module`.
Run `jixia -h` for further information.

ERROR:jixia.run:error while processing ('Mathlib', 'CategoryTheory', 'Triangulated', 'Pretriangulated'): Unknown flag `--module`.
Run `jixia -h` for further information.

ERROR:jixia.run:error while processing ('Mathlib', 'CategoryTheory', 'Bicategory', 'Adjunction'): Unknown flag `--module`.
Run `jixia -h` for further information.

ERROR:jixia.run:error while processing ('Mathlib', 'CategoryTheory', 'Bicategory', 'Coherence'): Unknown flag `--module`.
Run `jixia -h` for further information.

ERROR:jixia.run:error while processing ('Mathlib', 'CategoryTheory', 'ConcreteCategory', 'Basic'): Unknown flag `--module`.
Run `jixia -h` for further information.

ERROR:jixia.run:error while processing ('Mathlib', 'CategoryTheory', 'Category', 'Grpd'): Unknown flag `--module`.
Run `jixia -h` for further information.

ERROR:jixia.run:error while processing ('Mathlib', 'CategoryTheory', 'Bicategory', 'Functor', 'Pseudofunctor'): Unknown flag `--module`.
Run `jixia -h` for further information.

ERROR:jixia.run:error while processing ('Mathlib', 'CategoryTheory', 'Category', 'Factorisation'): Unknown flag `--module`.
Run `jixia -h` for further information.

ERROR:jixia.run:error while processing ('Mathlib', 'CategoryTheory', 'Category', 'Cat'): Unknown flag `--module`.
Run `jixia -h` for further information.

ERROR:jixia.run:error while processing ('Mathlib', 'CategoryTheory', 'Category', 'TwoP'): Unknown flag `--module`.
Run `jixia -h` for further information.

ERROR:jixia.run:error while processing ('Mathlib', 'CategoryTheory', 'Category', 'Cat', 'Limit'): Unknown flag `--module`.
Run `jixia -h` for further information.

ERROR:jixia.run:error while processing ('Mathlib', 'CategoryTheory', 'Bicategory', 'FunctorBicategory'): Unknown flag `--module`.
Run `jixia -h` for further information.

ERROR:jixia.run:error while processing ('Mathlib', 'CategoryTheory', 'Bicategory', 'Extension'): Unknown flag `--module`.
Run `jixia -h` for further information.

ERROR:jixia.run:error while processing ('Mathlib', 'CategoryTheory', 'Bicategory', 'Functor', 'Oplax'): Unknown flag `--module`.
Run `jixia -h` for further information.

ERROR:jixia.run:error while processing ('Mathlib', 'CategoryTheory', 'Idempotents', 'SimplicialObject'): Unknown flag `--module`.
Run `jixia -h` for further information.

ERROR:jixia.run:error while processing ('Mathlib', 'CategoryTheory', 'Idempotents', 'HomologicalComplex'): Unknown flag `--module`.
Run `jixia -h` for further information.

ERROR:jixia.run:error while processing ('Mathlib', 'CategoryTheory', 'Idempotents', 'KaroubiKaroubi'): Unknown flag `--module`.
Run `jixia -h` for further information.

ERROR:jixia.run:error while processing ('Mathlib', 'CategoryTheory', 'Category', 'PartialFun'): Unknown flag `--module`.
Run `jixia -h` for further information.

ERROR:jixia.run:error while processing ('Mathlib', 'CategoryTheory', 'Category', 'RelCat'): Unknown flag `--module`.
Run `jixia -h` for further information.

ERROR:jixia.run:error while processing ('Mathlib', 'CategoryTheory', 'Subobject', 'Limits'): Unknown flag `--module`.
Run `jixia -h` for further information.

ERROR:jixia.run:error while processing ('Mathlib', 'CategoryTheory', 'Category', 'Pairwise'): Unknown flag `--module`.
Run `jixia -h` for further information.

ERROR:jixia.run:error while processing ('Mathlib', 'CategoryTheory', 'Subobject', 'Comma'): Unknown flag `--module`.
Run `jixia -h` for further information.

ERROR:jixia.run:error while processing ('Mathlib', 'CategoryTheory', 'Subobject', 'Basic'): Unknown flag `--module`.
Run `jixia -h` for further information.

ERROR:jixia.run:error while processing ('Mathlib', 'CategoryTheory', 'Subobject', 'FactorThru'): Unknown flag `--module`.
Run `jixia -h` for further information.

ERROR:jixia.run:error while processing ('Mathlib', 'CategoryTheory', 'Triangulated', 'TriangleShift'): Unknown flag `--module`.
Run `jixia -h` for further information.

ERROR:jixia.run:error while processing ('Mathlib', 'CategoryTheory', 'Triangulated', 'Opposite'): Unknown flag `--module`.
Run `jixia -h` for further information.

ERROR:jixia.run:error while processing ('Mathlib', 'CategoryTheory', 'Idempotents', 'Basic'): Unknown flag `--module`.
Run `jixia -h` for further information.

ERROR:jixia.run:error while processing ('Mathlib', 'CategoryTheory', 'Idempotents', 'Karoubi'): Unknown flag `--module`.
Run `jixia -h` for further information.

ERROR:jixia.run:error while processing ('Mathlib', 'CategoryTheory', 'Triangulated', 'Triangulated'): Unknown flag `--module`.
Run `jixia -h` for further information.

ERROR:jixia.run:error while processing ('Mathlib', 'CategoryTheory', 'ConcreteCategory', 'Bundled'): Unknown flag `--module`.
Run `jixia -h` for further information.

ERROR:jixia.run:error while processing ('Mathlib', 'CategoryTheory', 'Subobject', 'WellPowered'): Unknown flag `--module`.
Run `jixia -h` for further information.

ERROR:jixia.run:error while processing ('Mathlib', 'CategoryTheory', 'Triangulated', 'Rotate'): Unknown flag `--module`.
Run `jixia -h` for further information.

ERROR:jixia.run:error while processing ('Mathlib', 'CategoryTheory', 'Bicategory', 'Kan', 'IsKan'): Unknown flag `--module`.
Run `jixia -h` for further information.

ERROR:jixia.run:error while processing ('Mathlib', 'CategoryTheory', 'Subobject', 'Lattice'): Unknown flag `--module`.
Run `jixia -h` for further information.

ERROR:jixia.run:error while processing ('Mathlib', 'CategoryTheory', 'Triangulated', 'Functor'): Unknown flag `--module`.
Run `jixia -h` for further information.

ERROR:jixia.run:error while processing ('Mathlib', 'CategoryTheory', 'Subobject', 'Types'): Unknown flag `--module`.
Run `jixia -h` for further information.

ERROR:jixia.run:error while processing ('Mathlib', 'CategoryTheory', 'Triangulated', 'Subcategory'): Unknown flag `--module`.
Run `jixia -h` for further information.

ERROR:jixia.run:error while processing ('Mathlib', 'CategoryTheory', 'Triangulated', 'TStructure', 'Basic'): Unknown flag `--module`.
Run `jixia -h` for further information.

ERROR:jixia.run:error while processing ('Mathlib', 'CategoryTheory', 'Bicategory', 'Basic'): Unknown flag `--module`.
Run `jixia -h` for further information.

ERROR:jixia.run:error while processing ('Mathlib', 'CategoryTheory', 'Quotient', 'Linear'): Unknown flag `--module`.
Run `jixia -h` for further information.

ERROR:jixia.run:error while processing ('Mathlib', 'CategoryTheory', 'Quotient', 'Preadditive'): Unknown flag `--module`.
Run `jixia -h` for further information.

ERROR:jixia.run:error while processing ('Mathlib', 'CategoryTheory', 'ChosenFiniteProducts', 'FunctorCategory'): Unknown flag `--module`.
Run `jixia -h` for further information.

ERROR:jixia.run:error while processing ('Mathlib', 'CategoryTheory', 'Bicategory', 'Strict'): Unknown flag `--module`.
Run `jixia -h` for further information.

ERROR:jixia.run:error while processing ('Mathlib', 'CategoryTheory', 'Bicategory', 'Kan', 'Adjunction'): Unknown flag `--module`.
Run `jixia -h` for further information.

ERROR:jixia.run:error while processing ('Mathlib', 'CategoryTheory', 'GuitartExact', 'Basic'): Unknown flag `--module`.
Run `jixia -h` for further information.

ERROR:jixia.run:error while processing ('Mathlib', 'CategoryTheory', 'Preadditive', 'Mat'): Unknown flag `--module`.
Run `jixia -h` for further information.

ERROR:jixia.run:error while processing ('Mathlib', 'CategoryTheory', 'Preadditive', 'Opposite'): Unknown flag `--module`.
Run `jixia -h` for further information.

ERROR:jixia.run:error while processing ('Mathlib', 'CategoryTheory', 'GuitartExact', 'VerticalComposition'): Unknown flag `--module`.
Run `jixia -h` for further information.

ERROR:jixia.run:error while processing ('Mathlib', 'CategoryTheory', 'Preadditive', 'OfBiproducts'): Unknown flag `--module`.
Run `jixia -h` for further information.

ERROR:jixia.run:error while processing ('Mathlib', 'CategoryTheory', 'Preadditive', 'InjectiveResolution'): Unknown flag `--module`.
Run `jixia -h` for further information.

ERROR:jixia.run:error while processing ('Mathlib', 'CategoryTheory', 'Enriched', 'Basic'): Unknown flag `--module`.
Run `jixia -h` for further information.

ERROR:jixia.run:error while processing ('Mathlib', 'CategoryTheory', 'Preadditive', 'ProjectiveResolution'): Unknown flag `--module`.
Run `jixia -h` for further information.

ERROR:jixia.run:error while processing ('Mathlib', 'CategoryTheory', 'Preadditive', 'HomOrthogonal'): Unknown flag `--module`.
Run `jixia -h` for further information.

ERROR:jixia.run:error while processing ('Mathlib', 'CategoryTheory', 'Preadditive', 'EilenbergMoore'): Unknown flag `--module`.
Run `jixia -h` for further information.

ERROR:jixia.run:error while processing ('Mathlib', 'CategoryTheory', 'Preadditive', 'Basic'): Unknown flag `--module`.
Run `jixia -h` for further information.

ERROR:jixia.run:error while processing ('Mathlib', 'CategoryTheory', 'Preadditive', 'SingleObj'): Unknown flag `--module`.
Run `jixia -h` for further information.

ERROR:jixia.run:error while processing ('Mathlib', 'CategoryTheory', 'Preadditive', 'Generator'): Unknown flag `--module`.
Run `jixia -h` for further information.

ERROR:jixia.run:error while processing ('Mathlib', 'CategoryTheory', 'Preadditive', 'LeftExact'): Unknown flag `--module`.
Run `jixia -h` for further information.

ERROR:jixia.run:error while processing ('Mathlib', 'CategoryTheory', 'Preadditive', 'EndoFunctor'): Unknown flag `--module`.
Run `jixia -h` for further information.

ERROR:jixia.run:error while processing ('Mathlib', 'CategoryTheory', 'Preadditive', 'FunctorCategory'): Unknown flag `--module`.
Run `jixia -h` for further information.

ERROR:jixia.run:error while processing ('Mathlib', 'CategoryTheory', 'Preadditive', 'Schur'): Unknown flag `--module`.
Run `jixia -h` for further information.

ERROR:jixia.run:error while processing ('Mathlib', 'CategoryTheory', 'Preadditive', 'Yoneda', 'Limits'): Unknown flag `--module`.
Run `jixia -h` for further information.

ERROR:jixia.run:error while processing ('Mathlib', 'CategoryTheory', 'Preadditive', 'Biproducts'): Unknown flag `--module`.
Run `jixia -h` for further information.

ERROR:jixia.run:error while processing ('Mathlib', 'CategoryTheory', 'Preadditive', 'Yoneda', 'Injective'): Unknown flag `--module`.
Run `jixia -h` for further information.

ERROR:jixia.run:error while processing ('Mathlib', 'CategoryTheory', 'Preadditive', 'Yoneda', 'Basic'): Unknown flag `--module`.
Run `jixia -h` for further information.

ERROR:jixia.run:error while processing ('Mathlib', 'CategoryTheory', 'Preadditive', 'AdditiveFunctor'): Unknown flag `--module`.
Run `jixia -h` for further information.

ERROR:jixia.run:error while processing ('Mathlib', 'CategoryTheory', 'Adjunction', 'Unique'): Unknown flag `--module`.
Run `jixia -h` for further information.

ERROR:jixia.run:error while processing ('Mathlib', 'CategoryTheory', 'Preadditive', 'Yoneda', 'Projective'): Unknown flag `--module`.
Run `jixia -h` for further information.

ERROR:jixia.run:error while processing ('Mathlib', 'CategoryTheory', 'Preadditive', 'Injective'): Unknown flag `--module`.
Run `jixia -h` for further information.

ERROR:jixia.run:error while processing ('Mathlib', 'CategoryTheory', 'Preadditive', 'Projective'): Unknown flag `--module`.
Run `jixia -h` for further information.

ERROR:jixia.run:error while processing ('Mathlib', 'CategoryTheory', 'Adjunction', 'Mates'): Unknown flag `--module`.
Run `jixia -h` for further information.

ERROR:jixia.run:error while processing ('Mathlib', 'CategoryTheory', 'FiberedCategory', 'BasedCategory'): Unknown flag `--module`.
Run `jixia -h` for further information.

ERROR:jixia.run:error while processing ('Mathlib', 'CategoryTheory', 'Adjunction', 'Basic'): Unknown flag `--module`.
Run `jixia -h` for further information.

ERROR:jixia.run:error while processing ('Mathlib', 'CategoryTheory', 'Adjunction', 'Whiskering'): Unknown flag `--module`.
Run `jixia -h` for further information.

ERROR:jixia.run:error while processing ('Mathlib', 'CategoryTheory', 'Adjunction', 'FullyFaithful'): Unknown flag `--module`.
Run `jixia -h` for further information.

ERROR:jixia.run:error while processing ('Mathlib', 'CategoryTheory', 'Abelian', 'RightDerived'): Unknown flag `--module`.
Run `jixia -h` for further information.

ERROR:jixia.run:error while processing ('Mathlib', 'CategoryTheory', 'Abelian', 'EpiWithInjectiveKernel'): Unknown flag `--module`.
Run `jixia -h` for further information.

ERROR:jixia.run:error while processing ('Mathlib', 'CategoryTheory', 'Adjunction', 'Comma'): Unknown flag `--module`.
Run `jixia -h` for further information.

ERROR:jixia.run:error while processing ('Mathlib', 'CategoryTheory', 'Abelian', 'NonPreadditive'): Unknown flag `--module`.
Run `jixia -h` for further information.

ERROR:jixia.run:error while processing ('Mathlib', 'CategoryTheory', 'Abelian', 'Refinements'): Unknown flag `--module`.
Run `jixia -h` for further information.

ERROR:jixia.run:error while processing ('Mathlib', 'CategoryTheory', 'Limits', 'Opposites'): Unknown flag `--module`.
Run `jixia -h` for further information.

ERROR:jixia.run:error while processing ('Mathlib', 'CategoryTheory', 'Adjunction', 'Restrict'): Unknown flag `--module`.
Run `jixia -h` for further information.

ERROR:jixia.run:error while processing ('Mathlib', 'CategoryTheory', 'Adjunction', 'Over'): Unknown flag `--module`.
Run `jixia -h` for further information.

ERROR:jixia.run:error while processing ('Mathlib', 'CategoryTheory', 'Sums', 'Associator'): Unknown flag `--module`.
Run `jixia -h` for further information.

ERROR:jixia.run:error while processing ('Mathlib', 'CategoryTheory', 'Adjunction', 'Evaluation'): Unknown flag `--module`.
Run `jixia -h` for further information.

ERROR:jixia.run:error while processing ('Mathlib', 'CategoryTheory', 'FiberedCategory', 'Cartesian'): Unknown flag `--module`.
Run `jixia -h` for further information.

ERROR:jixia.run:error while processing ('Mathlib', 'CategoryTheory', 'Adjunction', 'Lifting'): Unknown flag `--module`.
Run `jixia -h` for further information.

ERROR:jixia.run:error while processing ('Mathlib', 'CategoryTheory', 'Adjunction', 'AdjointFunctorTheorems'): Unknown flag `--module`.
Run `jixia -h` for further information.

ERROR:jixia.run:error while processing ('Mathlib', 'CategoryTheory', 'Abelian', 'Images'): Unknown flag `--module`.
Run `jixia -h` for further information.

ERROR:jixia.run:error while processing ('Mathlib', 'CategoryTheory', 'Adjunction', 'Reflective'): Unknown flag `--module`.
Run `jixia -h` for further information.

ERROR:jixia.run:error while processing ('Mathlib', 'CategoryTheory', 'Abelian', 'Injective'): Unknown flag `--module`.
Run `jixia -h` for further information.

ERROR:jixia.run:error while processing ('Mathlib', 'CategoryTheory', 'Limits', 'Pi'): Unknown flag `--module`.
Run `jixia -h` for further information.

ERROR:jixia.run:error while processing ('Mathlib', 'CategoryTheory', 'Abelian', 'Projective'): Unknown flag `--module`.
Run `jixia -h` for further information.

ERROR:jixia.run:error while processing ('Mathlib', 'CategoryTheory', 'Limits', 'Over'): Unknown flag `--module`.
Run `jixia -h` for further information.

ERROR:jixia.run:error while processing ('Mathlib', 'CategoryTheory', 'Limits', 'Unit'): Unknown flag `--module`.
Run `jixia -h` for further information.

ERROR:jixia.run:error while processing ('Mathlib', 'CategoryTheory', 'Abelian', 'ProjectiveResolution'): Unknown flag `--module`.
Run `jixia -h` for further information.

ERROR:jixia.run:error while processing ('Mathlib', 'CategoryTheory', 'Abelian', 'LeftDerived'): Unknown flag `--module`.
Run `jixia -h` for further information.

ERROR:jixia.run:error while processing ('Mathlib', 'CategoryTheory', 'Abelian', 'Exact'): Unknown flag `--module`.
Run `jixia -h` for further information.

ERROR:jixia.run:error while processing ('Mathlib', 'CategoryTheory', 'Limits', 'FullSubcategory'): Unknown flag `--module`.
Run `jixia -h` for further information.

ERROR:jixia.run:error while processing ('Mathlib', 'CategoryTheory', 'Limits', 'SmallComplete'): Unknown flag `--module`.
Run `jixia -h` for further information.

ERROR:jixia.run:error while processing ('Mathlib', 'CategoryTheory', 'Limits', 'EssentiallySmall'): Unknown flag `--module`.
Run `jixia -h` for further information.

ERROR:jixia.run:error while processing ('Mathlib', 'CategoryTheory', 'Limits', 'ConeCategory'): Unknown flag `--module`.
Run `jixia -h` for further information.

ERROR:jixia.run:error while processing ('Mathlib', 'CategoryTheory', 'Adjunction', 'Opposites'): Unknown flag `--module`.
Run `jixia -h` for further information.

ERROR:jixia.run:error while processing ('Mathlib', 'CategoryTheory', 'Limits', 'FunctorToTypes'): Unknown flag `--module`.
Run `jixia -h` for further information.

ERROR:jixia.run:error while processing ('Mathlib', 'CategoryTheory', 'Abelian', 'Opposite'): Unknown flag `--module`.
Run `jixia -h` for further information.

ERROR:jixia.run:error while processing ('Mathlib', 'CategoryTheory', 'Limits', 'FinallySmall'): Unknown flag `--module`.
Run `jixia -h` for further information.

ERROR:jixia.run:error while processing ('Mathlib', 'CategoryTheory', 'Adjunction', 'Limits'): Unknown flag `--module`.
Run `jixia -h` for further information.

ERROR:jixia.run:error while processing ('Mathlib', 'CategoryTheory', 'Abelian', 'Homology'): Unknown flag `--module`.
Run `jixia -h` for further information.

ERROR:jixia.run:error while processing ('Mathlib', 'CategoryTheory', 'Limits', 'FintypeCat'): Unknown flag `--module`.
Run `jixia -h` for further information.

ERROR:jixia.run:error while processing ('Mathlib', 'CategoryTheory', 'Limits', 'IsConnected'): Unknown flag `--module`.
Run `jixia -h` for further information.

ERROR:jixia.run:error while processing ('Mathlib', 'CategoryTheory', 'Abelian', 'Transfer'): Unknown flag `--module`.
Run `jixia -h` for further information.

ERROR:jixia.run:error while processing ('Mathlib', 'CategoryTheory', 'Limits', 'Types'): Unknown flag `--module`.
Run `jixia -h` for further information.

ERROR:jixia.run:error while processing ('Mathlib', 'CategoryTheory', 'Abelian', 'Generator'): Unknown flag `--module`.
Run `jixia -h` for further information.

ERROR:jixia.run:error while processing ('Mathlib', 'CategoryTheory', 'Limits', 'Lattice'): Unknown flag `--module`.
Run `jixia -h` for further information.

ERROR:jixia.run:error while processing ('Mathlib', 'CategoryTheory', 'Abelian', 'FunctorCategory'): Unknown flag `--module`.
Run `jixia -h` for further information.

ERROR:jixia.run:error while processing ('Mathlib', 'CategoryTheory', 'Limits', 'TypesFiltered'): Unknown flag `--module`.
Run `jixia -h` for further information.

ERROR:jixia.run:error while processing ('Mathlib', 'CategoryTheory', 'Limits', 'IndYoneda'): Unknown flag `--module`.
Run `jixia -h` for further information.

ERROR:jixia.run:error while processing ('Mathlib', 'CategoryTheory', 'FiberedCategory', 'HomLift'): Unknown flag `--module`.
Run `jixia -h` for further information.

ERROR:jixia.run:error while processing ('Mathlib', 'CategoryTheory', 'Abelian', 'Subobject'): Unknown flag `--module`.
Run `jixia -h` for further information.

ERROR:jixia.run:error while processing ('Mathlib', 'CategoryTheory', 'Abelian', 'InjectiveResolution'): Unknown flag `--module`.
Run `jixia -h` for further information.

ERROR:jixia.run:error while processing ('Mathlib', 'CategoryTheory', 'Limits', 'IsLimit'): Unknown flag `--module`.
Run `jixia -h` for further information.

ERROR:jixia.run:error while processing ('Mathlib', 'CategoryTheory', 'Limits', 'Final'): Unknown flag `--module`.
Run `jixia -h` for further information.

ERROR:jixia.run:error while processing ('Mathlib', 'CategoryTheory', 'Limits', 'FunctorCategory'): Unknown flag `--module`.
Run `jixia -h` for further information.

ERROR:jixia.run:error while processing ('Mathlib', 'CategoryTheory', 'Limits', 'ConcreteCategory'): Unknown flag `--module`.
Run `jixia -h` for further information.

ERROR:jixia.run:error while processing ('Mathlib', 'CategoryTheory', 'Limits', 'Creates'): Unknown flag `--module`.
Run `jixia -h` for further information.

ERROR:jixia.run:error while processing ('Mathlib', 'CategoryTheory', 'Limits', 'VanKampen'): Unknown flag `--module`.
Run `jixia -h` for further information.

ERROR:jixia.run:error while processing ('Mathlib', 'CategoryTheory', 'Limits', 'Bicones'): Unknown flag `--module`.
Run `jixia -h` for further information.

ERROR:jixia.run:error while processing ('Mathlib', 'CategoryTheory', 'Limits', 'FilteredColimitCommutesFiniteLimit'): Unknown flag `--module`.
Run `jixia -h` for further information.

ERROR:jixia.run:error while processing ('Mathlib', 'CategoryTheory', 'Abelian', 'Pseudoelements'): Unknown flag `--module`.
Run `jixia -h` for further information.

ERROR:jixia.run:error while processing ('Mathlib', 'CategoryTheory', 'Sums', 'Basic'): Unknown flag `--module`.
Run `jixia -h` for further information.

ERROR:jixia.run:error while processing ('Mathlib', 'CategoryTheory', 'Limits', 'KanExtension'): Unknown flag `--module`.
Run `jixia -h` for further information.

ERROR:jixia.run:error while processing ('Mathlib', 'CategoryTheory', 'Abelian', 'Basic'): Unknown flag `--module`.
Run `jixia -h` for further information.

ERROR:jixia.run:error while processing ('Mathlib', 'CategoryTheory', 'Limits', 'EpiMono'): Unknown flag `--module`.
Run `jixia -h` for further information.

ERROR:jixia.run:error while processing ('Mathlib', 'CategoryTheory', 'Limits', 'Connected'): Unknown flag `--module`.
Run `jixia -h` for further information.

ERROR:jixia.run:error while processing ('Mathlib', 'CategoryTheory', 'Limits', 'Constructions', 'FiniteProductsOfBinaryProducts'): Unknown flag `--module`.
Run `jixia -h` for further information.

ERROR:jixia.run:error while processing ('Mathlib', 'CategoryTheory', 'Limits', 'Fubini'): Unknown flag `--module`.
Run `jixia -h` for further information.

ERROR:jixia.run:error while processing ('Mathlib', 'CategoryTheory', 'Limits', 'ExactFunctor'): Unknown flag `--module`.
Run `jixia -h` for further information.

ERROR:jixia.run:error while processing ('Mathlib', 'CategoryTheory', 'Abelian', 'DiagramLemmas', 'Four'): Unknown flag `--module`.
Run `jixia -h` for further information.

ERROR:jixia.run:error while processing ('Mathlib', 'CategoryTheory', 'Limits', 'MonoCoprod'): Unknown flag `--module`.
Run `jixia -h` for further information.

ERROR:jixia.run:error while processing ('Mathlib', 'CategoryTheory', 'Limits', 'Yoneda'): Unknown flag `--module`.
Run `jixia -h` for further information.

ERROR:jixia.run:error while processing ('Mathlib', 'CategoryTheory', 'Abelian', 'Ext'): Unknown flag `--module`.
Run `jixia -h` for further information.

ERROR:jixia.run:error while processing ('Mathlib', 'CategoryTheory', 'Limits', 'Comma'): Unknown flag `--module`.
Run `jixia -h` for further information.

ERROR:jixia.run:error while processing ('Mathlib', 'CategoryTheory', 'Limits', 'Filtered'): Unknown flag `--module`.
Run `jixia -h` for further information.

ERROR:jixia.run:error while processing ('Mathlib', 'CategoryTheory', 'Limits', 'HasLimits'): Unknown flag `--module`.
Run `jixia -h` for further information.

ERROR:jixia.run:error while processing ('Mathlib', 'CategoryTheory', 'Limits', 'Cones'): Unknown flag `--module`.
Run `jixia -h` for further information.

ERROR:jixia.run:error while processing ('Mathlib', 'CategoryTheory', 'Limits', 'Constructions', 'ZeroObjects'): Unknown flag `--module`.
Run `jixia -h` for further information.

ERROR:jixia.run:error while processing ('Mathlib', 'CategoryTheory', 'Limits', 'Presheaf'): Unknown flag `--module`.
Run `jixia -h` for further information.

ERROR:jixia.run:error while processing ('Mathlib', 'CategoryTheory', 'Limits', 'Final', 'ParallelPair'): Unknown flag `--module`.
Run `jixia -h` for further information.

ERROR:jixia.run:error while processing ('Mathlib', 'CategoryTheory', 'Limits', 'Indization', 'IndObject'): Unknown flag `--module`.
Run `jixia -h` for further information.

ERROR:jixia.run:error while processing ('Mathlib', 'CategoryTheory', 'Limits', 'ColimitLimit'): Unknown flag `--module`.
Run `jixia -h` for further information.

ERROR:jixia.run:error while processing ('Mathlib', 'CategoryTheory', 'Limits', 'Elements'): Unknown flag `--module`.
Run `jixia -h` for further information.

ERROR:jixia.run:error while processing ('Mathlib', 'CategoryTheory', 'Limits', 'Constructions', 'Pullbacks'): Unknown flag `--module`.
Run `jixia -h` for further information.

ERROR:jixia.run:error while processing ('Mathlib', 'CategoryTheory', 'Limits', 'Constructions', 'Filtered'): Unknown flag `--module`.
Run `jixia -h` for further information.

ERROR:jixia.run:error while processing ('Mathlib', 'CategoryTheory', 'Limits', 'Constructions', 'WeaklyInitial'): Unknown flag `--module`.
Run `jixia -h` for further information.

ERROR:jixia.run:error while processing ('Mathlib', 'CategoryTheory', 'Limits', 'Constructions', 'BinaryProducts'): Unknown flag `--module`.
Run `jixia -h` for further information.

ERROR:jixia.run:error while processing ('Mathlib', 'CategoryTheory', 'Limits', 'Constructions', 'LimitsOfProductsAndEqualizers'): Unknown flag `--module`.
Run `jixia -h` for further information.

ERROR:jixia.run:error while processing ('Mathlib', 'CategoryTheory', 'Limits', 'Constructions', 'Equalizers'): Unknown flag `--module`.
Run `jixia -h` for further information.

ERROR:jixia.run:error while processing ('Mathlib', 'CategoryTheory', 'Limits', 'Constructions', 'EpiMono'): Unknown flag `--module`.
Run `jixia -h` for further information.

ERROR:jixia.run:error while processing ('Mathlib', 'CategoryTheory', 'Limits', 'Constructions', 'Over', 'Connected'): Unknown flag `--module`.
Run `jixia -h` for further information.

ERROR:jixia.run:error while processing ('Mathlib', 'CategoryTheory', 'Limits', 'Constructions', 'Over', 'Basic'): Unknown flag `--module`.
Run `jixia -h` for further information.

ERROR:jixia.run:error while processing ('Mathlib', 'CategoryTheory', 'Limits', 'Preserves', 'FunctorCategory'): Unknown flag `--module`.
Run `jixia -h` for further information.

ERROR:jixia.run:error while processing ('Mathlib', 'CategoryTheory', 'Limits', 'Preserves', 'Filtered'): Unknown flag `--module`.
Run `jixia -h` for further information.

ERROR:jixia.run:error while processing ('Mathlib', 'CategoryTheory', 'Limits', 'Preserves', 'Limits'): Unknown flag `--module`.
Run `jixia -h` for further information.

ERROR:jixia.run:error while processing ('Mathlib', 'CategoryTheory', 'Limits', 'Preserves', 'Ulift'): Unknown flag `--module`.
Run `jixia -h` for further information.

ERROR:jixia.run:error while processing ('Mathlib', 'CategoryTheory', 'Limits', 'Constructions', 'Over', 'Products'): Unknown flag `--module`.
Run `jixia -h` for further information.

ERROR:jixia.run:error while processing ('Mathlib', 'CategoryTheory', 'Limits', 'Preserves', 'Finite'): Unknown flag `--module`.
Run `jixia -h` for further information.

ERROR:jixia.run:error while processing ('Mathlib', 'CategoryTheory', 'Limits', 'Preserves', 'Opposites'): Unknown flag `--module`.
Run `jixia -h` for further information.

ERROR:jixia.run:error while processing ('Mathlib', 'CategoryTheory', 'Limits', 'Preserves', 'Basic'): Unknown flag `--module`.
Run `jixia -h` for further information.

ERROR:jixia.run:error while processing ('Mathlib', 'CategoryTheory', 'Limits', 'Preserves', 'Shapes', 'Images'): Unknown flag `--module`.
Run `jixia -h` for further information.

ERROR:jixia.run:error while processing ('Mathlib', 'CategoryTheory', 'Limits', 'Preserves', 'Shapes', 'BinaryProducts'): Unknown flag `--module`.
Run `jixia -h` for further information.

ERROR:jixia.run:error while processing ('Mathlib', 'CategoryTheory', 'Limits', 'Preserves', 'Shapes', 'Zero'): Unknown flag `--module`.
Run `jixia -h` for further information.

ERROR:jixia.run:error while processing ('Mathlib', 'CategoryTheory', 'Limits', 'Shapes', 'Equivalence'): Unknown flag `--module`.
Run `jixia -h` for further information.

ERROR:jixia.run:error while processing ('Mathlib', 'CategoryTheory', 'Limits', 'Shapes', 'FunctorCategory'): Unknown flag `--module`.
Run `jixia -h` for further information.

ERROR:jixia.run:error while processing ('Mathlib', 'CategoryTheory', 'Limits', 'Shapes', 'Countable'): Unknown flag `--module`.
Run `jixia -h` for further information.

ERROR:jixia.run:error while processing ('Mathlib', 'CategoryTheory', 'Limits', 'Shapes', 'Terminal'): Unknown flag `--module`.
Run `jixia -h` for further information.

ERROR:jixia.run:error while processing ('Mathlib', 'CategoryTheory', 'Limits', 'Preserves', 'Shapes', 'Terminal'): Unknown flag `--module`.
Run `jixia -h` for further information.

ERROR:jixia.run:error while processing ('Mathlib', 'CategoryTheory', 'Limits', 'Shapes', 'Images'): Unknown flag `--module`.
Run `jixia -h` for further information.

ERROR:jixia.run:error while processing ('Mathlib', 'CategoryTheory', 'Limits', 'Shapes', 'SplitCoequalizer'): Unknown flag `--module`.
Run `jixia -h` for further information.

ERROR:jixia.run:error while processing ('Mathlib', 'CategoryTheory', 'Limits', 'Preserves', 'Shapes', 'Equalizers'): Unknown flag `--module`.
Run `jixia -h` for further information.

ERROR:jixia.run:error while processing ('Mathlib', 'CategoryTheory', 'Limits', 'Shapes', 'ConcreteCategory'): Unknown flag `--module`.
Run `jixia -h` for further information.

ERROR:jixia.run:error while processing ('Mathlib', 'CategoryTheory', 'Limits', 'Preserves', 'Shapes', 'Products'): Unknown flag `--module`.
Run `jixia -h` for further information.

ERROR:jixia.run:error while processing ('Mathlib', 'CategoryTheory', 'Limits', 'Preserves', 'Shapes', 'Kernels'): Unknown flag `--module`.
Run `jixia -h` for further information.

ERROR:jixia.run:error while processing ('Mathlib', 'CategoryTheory', 'Limits', 'Shapes', 'BinaryProducts'): Unknown flag `--module`.
Run `jixia -h` for further information.

ERROR:jixia.run:error while processing ('Mathlib', 'CategoryTheory', 'Limits', 'Preserves', 'Shapes', 'Biproducts'): Unknown flag `--module`.
Run `jixia -h` for further information.

ERROR:jixia.run:error while processing ('Mathlib', 'CategoryTheory', 'Limits', 'Shapes', 'FiniteProducts'): Unknown flag `--module`.
Run `jixia -h` for further information.

ERROR:jixia.run:error while processing ('Mathlib', 'CategoryTheory', 'Limits', 'Preserves', 'Shapes', 'Pullbacks'): Unknown flag `--module`.
Run `jixia -h` for further information.

ERROR:jixia.run:error while processing ('Mathlib', 'CategoryTheory', 'Limits', 'Shapes', 'StrongEpi'): Unknown flag `--module`.
Run `jixia -h` for further information.

ERROR:jixia.run:error while processing ('Mathlib', 'CategoryTheory', 'Limits', 'Shapes', 'WidePullbacks'): Unknown flag `--module`.
Run `jixia -h` for further information.

ERROR:jixia.run:error while processing ('Mathlib', 'CategoryTheory', 'Limits', 'Shapes', 'NormalMono', 'Basic'): Unknown flag `--module`.
Run `jixia -h` for further information.

ERROR:jixia.run:error while processing ('Mathlib', 'CategoryTheory', 'Limits', 'Shapes', 'StrictInitial'): Unknown flag `--module`.
Run `jixia -h` for further information.

ERROR:jixia.run:error while processing ('Mathlib', 'CategoryTheory', 'Limits', 'Shapes', 'ZeroObjects'): Unknown flag `--module`.
Run `jixia -h` for further information.

ERROR:jixia.run:error while processing ('Mathlib', 'CategoryTheory', 'Limits', 'Shapes', 'KernelPair'): Unknown flag `--module`.
Run `jixia -h` for further information.

ERROR:jixia.run:error while processing ('Mathlib', 'CategoryTheory', 'Limits', 'Shapes', 'WideEqualizers'): Unknown flag `--module`.
Run `jixia -h` for further information.

ERROR:jixia.run:error while processing ('Mathlib', 'CategoryTheory', 'LiftingProperties', 'Basic'): Unknown flag `--module`.
Run `jixia -h` for further information.

ERROR:jixia.run:error while processing ('Mathlib', 'CategoryTheory', 'FinCategory', 'AsType'): Unknown flag `--module`.
Run `jixia -h` for further information.

ERROR:jixia.run:error while processing ('Mathlib', 'CategoryTheory', 'Limits', 'Shapes', 'Types'): Unknown flag `--module`.
Run `jixia -h` for further information.

ERROR:jixia.run:error while processing ('Mathlib', 'CategoryTheory', 'Limits', 'Shapes', 'CombinedProducts'): Unknown flag `--module`.
Run `jixia -h` for further information.

ERROR:jixia.run:error while processing ('Mathlib', 'CategoryTheory', 'Sites', 'Closed'): Unknown flag `--module`.
Run `jixia -h` for further information.

ERROR:jixia.run:error while processing ('Mathlib', 'CategoryTheory', 'Limits', 'Shapes', 'CommSq'): Unknown flag `--module`.
Run `jixia -h` for further information.

ERROR:jixia.run:error while processing ('Mathlib', 'CategoryTheory', 'Sites', 'LocallyInjective'): Unknown flag `--module`.
Run `jixia -h` for further information.

ERROR:jixia.run:error while processing ('Mathlib', 'CategoryTheory', 'Sites', 'EqualizerSheafCondition'): Unknown flag `--module`.
Run `jixia -h` for further information.

ERROR:jixia.run:error while processing ('Mathlib', 'CategoryTheory', 'Limits', 'Shapes', 'FunctorToTypes'): Unknown flag `--module`.
Run `jixia -h` for further information.

ERROR:jixia.run:error while processing ('Mathlib', 'CategoryTheory', 'Limits', 'Shapes', 'Diagonal'): Unknown flag `--module`.
Run `jixia -h` for further information.

ERROR:jixia.run:error while processing ('Mathlib', 'CategoryTheory', 'Limits', 'Shapes', 'FiniteLimits'): Unknown flag `--module`.
Run `jixia -h` for further information.

ERROR:jixia.run:error while processing ('Mathlib', 'CategoryTheory', 'Limits', 'Shapes', 'Biproducts'): Unknown flag `--module`.
Run `jixia -h` for further information.

ERROR:jixia.run:error while processing ('Mathlib', 'CategoryTheory', 'Sites', 'LocallyBijective'): Unknown flag `--module`.
Run `jixia -h` for further information.

ERROR:jixia.run:error while processing ('Mathlib', 'CategoryTheory', 'Sites', 'Spaces'): Unknown flag `--module`.
Run `jixia -h` for further information.

ERROR:jixia.run:error while processing ('Mathlib', 'CategoryTheory', 'Sites', 'CoverLifting'): Unknown flag `--module`.
Run `jixia -h` for further information.

ERROR:jixia.run:error while processing ('Mathlib', 'CategoryTheory', 'Sites', 'Sheaf'): Unknown flag `--module`.
Run `jixia -h` for further information.

ERROR:jixia.run:error while processing ('Mathlib', 'CategoryTheory', 'Limits', 'Shapes', 'NormalMono', 'Equalizers'): Unknown flag `--module`.
Run `jixia -h` for further information.

ERROR:jixia.run:error while processing ('Mathlib', 'CategoryTheory', 'Sites', 'CoversTop'): Unknown flag `--module`.
Run `jixia -h` for further information.

ERROR:jixia.run:error while processing ('Mathlib', 'CategoryTheory', 'Sites', 'Adjunction'): Unknown flag `--module`.
Run `jixia -h` for further information.

ERROR:jixia.run:error while processing ('Mathlib', 'CategoryTheory', 'Sites', 'IsSheafFor'): Unknown flag `--module`.
Run `jixia -h` for further information.

ERROR:jixia.run:error while processing ('Mathlib', 'CategoryTheory', 'Limits', 'Shapes', 'Pullbacks'): Unknown flag `--module`.
Run `jixia -h` for further information.

ERROR:jixia.run:error while processing ('Mathlib', 'CategoryTheory', 'Limits', 'Shapes', 'Multiequalizer'): Unknown flag `--module`.
Run `jixia -h` for further information.

ERROR:jixia.run:error while processing ('Mathlib', 'CategoryTheory', 'Limits', 'Shapes', 'Equalizers'): Unknown flag `--module`.
Run `jixia -h` for further information.

ERROR:jixia.run:error while processing ('Mathlib', 'CategoryTheory', 'Limits', 'Shapes', 'Kernels'): Unknown flag `--module`.
Run `jixia -h` for further information.

ERROR:jixia.run:error while processing ('Mathlib', 'CategoryTheory', 'Limits', 'Shapes', 'RegularMono'): Unknown flag `--module`.
Run `jixia -h` for further information.

ERROR:jixia.run:error while processing ('Mathlib', 'CategoryTheory', 'Limits', 'Shapes', 'ZeroMorphisms'): Unknown flag `--module`.
Run `jixia -h` for further information.

ERROR:jixia.run:error while processing ('Mathlib', 'CategoryTheory', 'Sites', 'Whiskering'): Unknown flag `--module`.
Run `jixia -h` for further information.

ERROR:jixia.run:error while processing ('Mathlib', 'CategoryTheory', 'Limits', 'Shapes', 'SingleObj'): Unknown flag `--module`.
Run `jixia -h` for further information.

ERROR:jixia.run:error while processing ('Mathlib', 'CategoryTheory', 'Sites', 'LocallySurjective'): Unknown flag `--module`.
Run `jixia -h` for further information.

ERROR:jixia.run:error while processing ('Mathlib', 'CategoryTheory', 'Sites', 'Sieves'): Unknown flag `--module`.
Run `jixia -h` for further information.

ERROR:jixia.run:error while processing ('Mathlib', 'CategoryTheory', 'Sites', 'CompatibleSheafification'): Unknown flag `--module`.
Run `jixia -h` for further information.

ERROR:jixia.run:error while processing ('Mathlib', 'CategoryTheory', 'Sites', 'Types'): Unknown flag `--module`.
Run `jixia -h` for further information.

ERROR:jixia.run:error while processing ('Mathlib', 'CategoryTheory', 'Limits', 'Shapes', 'Reflexive'): Unknown flag `--module`.
Run `jixia -h` for further information.

ERROR:jixia.run:error while processing ('Mathlib', 'CategoryTheory', 'Limits', 'Shapes', 'DisjointCoproduct'): Unknown flag `--module`.
Run `jixia -h` for further information.

ERROR:jixia.run:error while processing ('Mathlib', 'CategoryTheory', 'Sites', 'DenseSubsite'): Unknown flag `--module`.
Run `jixia -h` for further information.

ERROR:jixia.run:error while processing ('Mathlib', 'CategoryTheory', 'Sites', 'ConcreteSheafification'): Unknown flag `--module`.
Run `jixia -h` for further information.

ERROR:jixia.run:error while processing ('Mathlib', 'CategoryTheory', 'FinCategory', 'Basic'): Unknown flag `--module`.
Run `jixia -h` for further information.

ERROR:jixia.run:error while processing ('Mathlib', 'CategoryTheory', 'Sites', 'Limits'): Unknown flag `--module`.
Run `jixia -h` for further information.

ERROR:jixia.run:error while processing ('Mathlib', 'CategoryTheory', 'Sites', 'Pullback'): Unknown flag `--module`.
Run `jixia -h` for further information.

ERROR:jixia.run:error while processing ('Mathlib', 'CategoryTheory', 'Limits', 'Shapes', 'Products'): Unknown flag `--module`.
Run `jixia -h` for further information.

ERROR:jixia.run:error while processing ('Mathlib', 'CategoryTheory', 'Sites', 'Over'): Unknown flag `--module`.
Run `jixia -h` for further information.

ERROR:jixia.run:error while processing ('Mathlib', 'CategoryTheory', 'Sites', 'Canonical'): Unknown flag `--module`.
Run `jixia -h` for further information.

ERROR:jixia.run:error while processing ('Mathlib', 'CategoryTheory', 'Sites', 'Pretopology'): Unknown flag `--module`.
Run `jixia -h` for further information.

ERROR:jixia.run:error while processing ('Mathlib', 'CategoryTheory', 'Sites', 'OneHypercover'): Unknown flag `--module`.
Run `jixia -h` for further information.

ERROR:jixia.run:error while processing ('Mathlib', 'CategoryTheory', 'LiftingProperties', 'Adjunction'): Unknown flag `--module`.
Run `jixia -h` for further information.

ERROR:jixia.run:error while processing ('Mathlib', 'CategoryTheory', 'Sites', 'ConstantSheaf'): Unknown flag `--module`.
Run `jixia -h` for further information.

ERROR:jixia.run:error while processing ('Mathlib', 'CategoryTheory', 'Sites', 'Preserves'): Unknown flag `--module`.
Run `jixia -h` for further information.

ERROR:jixia.run:error while processing ('Mathlib', 'CategoryTheory', 'Sites', 'Plus'): Unknown flag `--module`.
Run `jixia -h` for further information.

ERROR:jixia.run:error while processing ('Mathlib', 'CategoryTheory', 'Sites', 'PreservesSheafification'): Unknown flag `--module`.
Run `jixia -h` for further information.

ERROR:jixia.run:error while processing ('Mathlib', 'CategoryTheory', 'Sites', 'CompatiblePlus'): Unknown flag `--module`.
Run `jixia -h` for further information.

ERROR:jixia.run:error while processing ('Mathlib', 'CategoryTheory', 'Sites', 'Equivalence'): Unknown flag `--module`.
Run `jixia -h` for further information.

ERROR:jixia.run:error while processing ('Mathlib', 'CategoryTheory', 'Sites', 'CoverPreserving'): Unknown flag `--module`.
Run `jixia -h` for further information.

ERROR:jixia.run:error while processing ('Mathlib', 'CategoryTheory', 'Sites', 'PreservesLocallyBijective'): Unknown flag `--module`.
Run `jixia -h` for further information.

ERROR:jixia.run:error while processing ('Mathlib', 'CategoryTheory', 'Sites', 'NonabelianCohomology', 'H1'): Unknown flag `--module`.
Run `jixia -h` for further information.

ERROR:jixia.run:error while processing ('Mathlib', 'CategoryTheory', 'Sites', 'EffectiveEpimorphic'): Unknown flag `--module`.
Run `jixia -h` for further information.

ERROR:jixia.run:error while processing ('Mathlib', 'CategoryTheory', 'Sites', 'LeftExact'): Unknown flag `--module`.
Run `jixia -h` for further information.

ERROR:jixia.run:error while processing ('Mathlib', 'CategoryTheory', 'Sites', 'IsSheafOneHypercover'): Unknown flag `--module`.
Run `jixia -h` for further information.

ERROR:jixia.run:error while processing ('Mathlib', 'CategoryTheory', 'Sites', 'Subsheaf'): Unknown flag `--module`.
Run `jixia -h` for further information.

ERROR:jixia.run:error while processing ('Mathlib', 'CategoryTheory', 'Sites', 'Coverage'): Unknown flag `--module`.
Run `jixia -h` for further information.

ERROR:jixia.run:error while processing ('Mathlib', 'CategoryTheory', 'Sites', 'Sheafification'): Unknown flag `--module`.
Run `jixia -h` for further information.

ERROR:jixia.run:error while processing ('Mathlib', 'CategoryTheory', 'Sites', 'InducedTopology'): Unknown flag `--module`.
Run `jixia -h` for further information.

ERROR:jixia.run:error while processing ('Mathlib', 'CategoryTheory', 'Sites', 'EpiMono'): Unknown flag `--module`.
Run `jixia -h` for further information.

ERROR:jixia.run:error while processing ('Mathlib', 'CategoryTheory', 'Sites', 'SheafOfTypes'): Unknown flag `--module`.
Run `jixia -h` for further information.

ERROR:jixia.run:error while processing ('Mathlib', 'CategoryTheory', 'Sites', 'SheafHom'): Unknown flag `--module`.
Run `jixia -h` for further information.

ERROR:jixia.run:error while processing ('Mathlib', 'CategoryTheory', 'Sites', 'Localization'): Unknown flag `--module`.
Run `jixia -h` for further information.

ERROR:jixia.run:error while processing ('Mathlib', 'CategoryTheory', 'Sites', 'Coherent', 'CoherentTopology'): Unknown flag `--module`.
Run `jixia -h` for further information.

ERROR:jixia.run:error while processing ('Mathlib', 'CategoryTheory', 'Sites', 'Abelian'): Unknown flag `--module`.
Run `jixia -h` for further information.

ERROR:jixia.run:error while processing ('Mathlib', 'CategoryTheory', 'Sites', 'Coherent', 'Comparison'): Unknown flag `--module`.
Run `jixia -h` for further information.

ERROR:jixia.run:error while processing ('Mathlib', 'CategoryTheory', 'Sites', 'Coherent', 'SheafComparison'): Unknown flag `--module`.
Run `jixia -h` for further information.

ERROR:jixia.run:error while processing ('Mathlib', 'CategoryTheory', 'Sites', 'Coherent', 'RegularTopology'): Unknown flag `--module`.
Run `jixia -h` for further information.

ERROR:jixia.run:error while processing ('Mathlib', 'CategoryTheory', 'Sites', 'Grothendieck'): Unknown flag `--module`.
Run `jixia -h` for further information.

ERROR:jixia.run:error while processing ('Mathlib', 'CategoryTheory', 'Sites', 'Coherent', 'Basic'): Unknown flag `--module`.
Run `jixia -h` for further information.

ERROR:jixia.run:error while processing ('Mathlib', 'CategoryTheory', 'Sites', 'Coherent', 'ExtensiveSheaves'): Unknown flag `--module`.
Run `jixia -h` for further information.

ERROR:jixia.run:error while processing ('Mathlib', 'CategoryTheory', 'Sites', 'Coherent', 'ReflectsPreregular'): Unknown flag `--module`.
Run `jixia -h` for further information.

ERROR:jixia.run:error while processing ('Mathlib', 'CategoryTheory', 'Sites', 'Coherent', 'RegularSheaves'): Unknown flag `--module`.
Run `jixia -h` for further information.

ERROR:jixia.run:error while processing ('Mathlib', 'CategoryTheory', 'Sites', 'Coherent', 'ReflectsPrecoherent'): Unknown flag `--module`.
Run `jixia -h` for further information.

ERROR:jixia.run:error while processing ('Mathlib', 'CategoryTheory', 'Sites', 'Coherent', 'Equivalence'): Unknown flag `--module`.
Run `jixia -h` for further information.

ERROR:jixia.run:error while processing ('Mathlib', 'CategoryTheory', 'Sites', 'Coherent', 'ExtensiveTopology'): Unknown flag `--module`.
Run `jixia -h` for further information.

ERROR:jixia.run:error while processing ('Mathlib', 'CategoryTheory', 'Sites', 'Coherent', 'CoherentSheaves'): Unknown flag `--module`.
Run `jixia -h` for further information.

ERROR:jixia.run:error while processing ('Mathlib', 'CategoryTheory', 'Closed', 'Zero'): Unknown flag `--module`.
Run `jixia -h` for further information.

ERROR:jixia.run:error while processing ('Mathlib', 'CategoryTheory', 'Closed', 'Ideal'): Unknown flag `--module`.
Run `jixia -h` for further information.

ERROR:jixia.run:error while processing ('Mathlib', 'CategoryTheory', 'Closed', 'Monoidal'): Unknown flag `--module`.
Run `jixia -h` for further information.

ERROR:jixia.run:error while processing ('Mathlib', 'CategoryTheory', 'Closed', 'Functor'): Unknown flag `--module`.
Run `jixia -h` for further information.

ERROR:jixia.run:error while processing ('Mathlib', 'CategoryTheory', 'Shift', 'Predicate'): Unknown flag `--module`.
Run `jixia -h` for further information.

ERROR:jixia.run:error while processing ('Mathlib', 'CategoryTheory', 'Closed', 'FunctorCategory'): Unknown flag `--module`.
Run `jixia -h` for further information.

ERROR:jixia.run:error while processing ('Mathlib', 'CategoryTheory', 'Linear', 'FunctorCategory'): Unknown flag `--module`.
Run `jixia -h` for further information.

ERROR:jixia.run:error while processing ('Mathlib', 'CategoryTheory', 'Groupoid', 'Subgroupoid'): Unknown flag `--module`.
Run `jixia -h` for further information.

ERROR:jixia.run:error while processing ('Mathlib', 'CategoryTheory', 'Filtered', 'Connected'): Unknown flag `--module`.
Run `jixia -h` for further information.

ERROR:jixia.run:error while processing ('Mathlib', 'CategoryTheory', 'MorphismProperty', 'Basic'): Unknown flag `--module`.
Run `jixia -h` for further information.

ERROR:jixia.run:error while processing ('Mathlib', 'CategoryTheory', 'Monad', 'EquivMon'): Unknown flag `--module`.
Run `jixia -h` for further information.

ERROR:jixia.run:error while processing ('Mathlib', 'CategoryTheory', 'Shift', 'Basic'): Unknown flag `--module`.
Run `jixia -h` for further information.

ERROR:jixia.run:error while processing ('Mathlib', 'CategoryTheory', 'Linear', 'LinearFunctor'): Unknown flag `--module`.
Run `jixia -h` for further information.

ERROR:jixia.run:error while processing ('Mathlib', 'CategoryTheory', 'Closed', 'Cartesian'): Unknown flag `--module`.
Run `jixia -h` for further information.

ERROR:jixia.run:error while processing ('Mathlib', 'CategoryTheory', 'Closed', 'Types'): Unknown flag `--module`.
Run `jixia -h` for further information.

ERROR:jixia.run:error while processing ('Mathlib', 'CategoryTheory', 'Monad', 'Adjunction'): Unknown flag `--module`.
Run `jixia -h` for further information.

ERROR:jixia.run:error while processing ('Mathlib', 'CategoryTheory', 'Linear', 'Yoneda'): Unknown flag `--module`.
Run `jixia -h` for further information.

ERROR:jixia.run:error while processing ('Mathlib', 'CategoryTheory', 'Shift', 'Pullback'): Unknown flag `--module`.
Run `jixia -h` for further information.

ERROR:jixia.run:error while processing ('Mathlib', 'CategoryTheory', 'MorphismProperty', 'Limits'): Unknown flag `--module`.
Run `jixia -h` for further information.

ERROR:jixia.run:error while processing ('Mathlib', 'CategoryTheory', 'Linear', 'Basic'): Unknown flag `--module`.
Run `jixia -h` for further information.

ERROR:jixia.run:error while processing ('Mathlib', 'CategoryTheory', 'MorphismProperty', 'Concrete'): Unknown flag `--module`.
Run `jixia -h` for further information.

ERROR:jixia.run:error while processing ('Mathlib', 'CategoryTheory', 'Groupoid', 'VertexGroup'): Unknown flag `--module`.
Run `jixia -h` for further information.

ERROR:jixia.run:error while processing ('Mathlib', 'CategoryTheory', 'Shift', 'Localization'): Unknown flag `--module`.
Run `jixia -h` for further information.

ERROR:jixia.run:error while processing ('Mathlib', 'CategoryTheory', 'Groupoid', 'FreeGroupoid'): Unknown flag `--module`.
Run `jixia -h` for further information.

ERROR:jixia.run:error while processing ('Mathlib', 'CategoryTheory', 'Localization', 'LocalizerMorphism'): Unknown flag `--module`.
Run `jixia -h` for further information.

ERROR:jixia.run:error while processing ('Mathlib', 'CategoryTheory', 'Monad', 'Kleisli'): Unknown flag `--module`.
Run `jixia -h` for further information.

ERROR:jixia.run:error while processing ('Mathlib', 'CategoryTheory', 'Monad', 'Algebra'): Unknown flag `--module`.
Run `jixia -h` for further information.

ERROR:jixia.run:error while processing ('Mathlib', 'CategoryTheory', 'Localization', 'Adjunction'): Unknown flag `--module`.
Run `jixia -h` for further information.

ERROR:jixia.run:error while processing ('Mathlib', 'CategoryTheory', 'Localization', 'Pi'): Unknown flag `--module`.
Run `jixia -h` for further information.

ERROR:jixia.run:error while processing ('Mathlib', 'CategoryTheory', 'Shift', 'SingleFunctors'): Unknown flag `--module`.
Run `jixia -h` for further information.

ERROR:jixia.run:error while processing ('Mathlib', 'CategoryTheory', 'Localization', 'Triangulated'): Unknown flag `--module`.
Run `jixia -h` for further information.

ERROR:jixia.run:error while processing ('Mathlib', 'CategoryTheory', 'Endofunctor', 'Algebra'): Unknown flag `--module`.
Run `jixia -h` for further information.

ERROR:jixia.run:error while processing ('Mathlib', 'CategoryTheory', 'SmallObject', 'Construction'): Unknown flag `--module`.
Run `jixia -h` for further information.

ERROR:jixia.run:error while processing ('Mathlib', 'CategoryTheory', 'Localization', 'HasLocalization'): Unknown flag `--module`.
Run `jixia -h` for further information.

ERROR:jixia.run:error while processing ('Mathlib', 'CategoryTheory', 'Localization', 'Composition'): Unknown flag `--module`.
Run `jixia -h` for further information.

ERROR:jixia.run:error while processing ('Mathlib', 'CategoryTheory', 'Localization', 'CalculusOfFractions', 'Fractions'): Unknown flag `--module`.
Run `jixia -h` for further information.

ERROR:jixia.run:error while processing ('Mathlib', 'CategoryTheory', 'Products', 'Unitor'): Unknown flag `--module`.
Run `jixia -h` for further information.

ERROR:jixia.run:error while processing ('Mathlib', 'CategoryTheory', 'Monad', 'Types'): Unknown flag `--module`.
Run `jixia -h` for further information.

ERROR:jixia.run:error while processing ('Mathlib', 'CategoryTheory', 'Localization', 'Bousfield'): Unknown flag `--module`.
Run `jixia -h` for further information.

ERROR:jixia.run:error while processing ('Mathlib', 'CategoryTheory', 'Localization', 'HomEquiv'): Unknown flag `--module`.
Run `jixia -h` for further information.

ERROR:jixia.run:error while processing ('Mathlib', 'CategoryTheory', 'Shift', 'Quotient'): Unknown flag `--module`.
Run `jixia -h` for further information.

ERROR:jixia.run:error while processing ('Mathlib', 'CategoryTheory', 'Shift', 'InducedShiftSequence'): Unknown flag `--module`.
Run `jixia -h` for further information.

ERROR:jixia.run:error while processing ('Mathlib', 'CategoryTheory', 'Shift', 'Opposite'): Unknown flag `--module`.
Run `jixia -h` for further information.

ERROR:jixia.run:error while processing ('Mathlib', 'CategoryTheory', 'Localization', 'DerivabilityStructure', 'Basic'): Unknown flag `--module`.
Run `jixia -h` for further information.

ERROR:jixia.run:error while processing ('Mathlib', 'CategoryTheory', 'Filtered', 'Final'): Unknown flag `--module`.
Run `jixia -h` for further information.

ERROR:jixia.run:error while processing ('Mathlib', 'CategoryTheory', 'MorphismProperty', 'Factorization'): Unknown flag `--module`.
Run `jixia -h` for further information.

ERROR:jixia.run:error while processing ('Mathlib', 'CategoryTheory', 'Filtered', 'Basic'): Unknown flag `--module`.
Run `jixia -h` for further information.

ERROR:jixia.run:error while processing ('Mathlib', 'CategoryTheory', 'Groupoid', 'Basic'): Unknown flag `--module`.
Run `jixia -h` for further information.

ERROR:jixia.run:error while processing ('Mathlib', 'CategoryTheory', 'Shift', 'ShiftSequence'): Unknown flag `--module`.
Run `jixia -h` for further information.

ERROR:jixia.run:error while processing ('Mathlib', 'CategoryTheory', 'Filtered', 'Small'): Unknown flag `--module`.
Run `jixia -h` for further information.

ERROR:jixia.run:error while processing ('Mathlib', 'CategoryTheory', 'MorphismProperty', 'IsInvertedBy'): Unknown flag `--module`.
Run `jixia -h` for further information.

ERROR:jixia.run:error while processing ('Mathlib', 'CategoryTheory', 'Shift', 'ShiftedHom'): Unknown flag `--module`.
Run `jixia -h` for further information.

ERROR:jixia.run:error while processing ('Mathlib', 'CategoryTheory', 'Localization', 'DerivabilityStructure', 'Constructor'): Unknown flag `--module`.
Run `jixia -h` for further information.

ERROR:jixia.run:error while processing ('Mathlib', 'CategoryTheory', 'Shift', 'CommShift'): Unknown flag `--module`.
Run `jixia -h` for further information.

ERROR:jixia.run:error while processing ('Mathlib', 'CategoryTheory', 'Localization', 'CalculusOfFractions', 'ComposableArrows'): Unknown flag `--module`.
Run `jixia -h` for further information.

ERROR:jixia.run:error while processing ('Mathlib', 'CategoryTheory', 'MorphismProperty', 'Composition'): Unknown flag `--module`.
Run `jixia -h` for further information.

ERROR:jixia.run:error while processing ('Mathlib', 'CategoryTheory', 'Monad', 'Coequalizer'): Unknown flag `--module`.
Run `jixia -h` for further information.

ERROR:jixia.run:error while processing ('Mathlib', 'CategoryTheory', 'EffectiveEpi', 'Extensive'): Unknown flag `--module`.
Run `jixia -h` for further information.

ERROR:jixia.run:error while processing ('Mathlib', 'CategoryTheory', 'EffectiveEpi', 'Preserves'): Unknown flag `--module`.
Run `jixia -h` for further information.

ERROR:jixia.run:error while processing ('Mathlib', 'CategoryTheory', 'Monad', 'Monadicity'): Unknown flag `--module`.
Run `jixia -h` for further information.

ERROR:jixia.run:error while processing ('Mathlib', 'CategoryTheory', 'Monad', 'Products'): Unknown flag `--module`.
Run `jixia -h` for further information.

ERROR:jixia.run:error while processing ('Mathlib', 'CategoryTheory', 'Shift', 'Induced'): Unknown flag `--module`.
Run `jixia -h` for further information.

ERROR:jixia.run:error while processing ('Mathlib', 'CategoryTheory', 'EffectiveEpi', 'Enough'): Unknown flag `--module`.
Run `jixia -h` for further information.

ERROR:jixia.run:error while processing ('Mathlib', 'CategoryTheory', 'Localization', 'Construction'): Unknown flag `--module`.
Run `jixia -h` for further information.

ERROR:jixia.run:error while processing ('Mathlib', 'CategoryTheory', 'Localization', 'Prod'): Unknown flag `--module`.
Run `jixia -h` for further information.

ERROR:jixia.run:error while processing ('Mathlib', 'CategoryTheory', 'Localization', 'Predicate'): Unknown flag `--module`.
Run `jixia -h` for further information.

ERROR:jixia.run:error while processing ('Mathlib', 'CategoryTheory', 'Monad', 'Limits'): Unknown flag `--module`.
Run `jixia -h` for further information.

ERROR:jixia.run:error while processing ('Mathlib', 'CategoryTheory', 'Localization', 'Equivalence'): Unknown flag `--module`.
Run `jixia -h` for further information.

ERROR:jixia.run:error while processing ('Mathlib', 'CategoryTheory', 'Localization', 'CalculusOfFractions', 'Preadditive'): Unknown flag `--module`.
Run `jixia -h` for further information.

ERROR:jixia.run:error while processing ('Mathlib', 'CategoryTheory', 'Localization', 'Resolution'): Unknown flag `--module`.
Run `jixia -h` for further information.

ERROR:jixia.run:error while processing ('Mathlib', 'CategoryTheory', 'Monad', 'Basic'): Unknown flag `--module`.
Run `jixia -h` for further information.

ERROR:jixia.run:error while processing ('Mathlib', 'CategoryTheory', 'Localization', 'CalculusOfFractions'): Unknown flag `--module`.
Run `jixia -h` for further information.

ERROR:jixia.run:error while processing ('Mathlib', 'CategoryTheory', 'Localization', 'FiniteProducts'): Unknown flag `--module`.
Run `jixia -h` for further information.

ERROR:jixia.run:error while processing ('Mathlib', 'CategoryTheory', 'Localization', 'Opposite'): Unknown flag `--module`.
Run `jixia -h` for further information.

ERROR:jixia.run:error while processing ('Mathlib', 'CategoryTheory', 'EffectiveEpi', 'RegularEpi'): Unknown flag `--module`.
Run `jixia -h` for further information.

ERROR:jixia.run:error while processing ('Mathlib', 'CategoryTheory', 'Products', 'Associator'): Unknown flag `--module`.
Run `jixia -h` for further information.

ERROR:jixia.run:error while processing ('Mathlib', 'CategoryTheory', 'Products', 'Bifunctor'): Unknown flag `--module`.
Run `jixia -h` for further information.

ERROR:jixia.run:error while processing ('Mathlib', 'CategoryTheory', 'EffectiveEpi', 'Comp'): Unknown flag `--module`.
Run `jixia -h` for further information.

ERROR:jixia.run:error while processing ('Mathlib', 'CategoryTheory', 'Products', 'Basic'): Unknown flag `--module`.
Run `jixia -h` for further information.

ERROR:jixia.run:error while processing ('Mathlib', 'CategoryTheory', 'EffectiveEpi', 'Basic'): Unknown flag `--module`.
Run `jixia -h` for further information.

ERROR:jixia.run:error while processing ('Mathlib', 'CategoryTheory', 'EffectiveEpi', 'Coproduct'): Unknown flag `--module`.
Run `jixia -h` for further information.

Traceback (most recent call last):
  File "<frozen runpy>", line 198, in _run_module_as_main
  File "<frozen runpy>", line 88, in _run_code
  File "/weka/scratch/bvandur1/adeo1/polya/src/retriever/leansearch/database/__main__.py", line 17, in <module>
    main()
  File "/weka/scratch/bvandur1/adeo1/polya/src/retriever/leansearch/database/__init__.py", line 51, in main
    load_data(project, prefixes, conn)
  File "/weka/scratch/bvandur1/adeo1/polya/src/retriever/leansearch/database/jixia_db.py", line 153, in load_data
    load_module(modules, d)
  File "/weka/scratch/bvandur1/adeo1/polya/src/retriever/leansearch/database/jixia_db.py", line 30, in load_module
    cursor.executemany(
  File "/weka/scratch/bvandur1/adeo1/polya/src/retriever/leansearch/.venv/lib/python3.12/site-packages/psycopg/cursor.py", line 118, in executemany
    self._conn.wait(
  File "/weka/scratch/bvandur1/adeo1/polya/src/retriever/leansearch/.venv/lib/python3.12/site-packages/psycopg/connection.py", line 406, in wait
    return waiting.wait(gen, self.pgconn.socket, interval=interval)
           ^^^^^^^^^^^^^^^^^^^^^^^^^^^^^^^^^^^^^^^^^^^^^^^^^^^^^^^^
  File "psycopg_binary/_psycopg/waiting.pyx", line 198, in psycopg_binary._psycopg.wait_c
  File "/weka/scratch/bvandur1/adeo1/polya/src/retriever/leansearch/.venv/lib/python3.12/site-packages/psycopg/_cursor_base.py", line 219, in _executemany_gen_pipeline
    for params in params_seq:
                  ^^^^^^^^^^
  File "/weka/scratch/bvandur1/adeo1/polya/src/retriever/leansearch/database/jixia_db.py", line 29, in <genexpr>
    values = ((Jsonb(m), project.path_of_module(m, base_dir).read_bytes(), project.load_module_info(m).docstring) for m in data)
                                                                           ^^^^^^^^^^^^^^^^^^^^^^^^^^^
  File "/weka/scratch/bvandur1/adeo1/polya/src/retriever/leansearch/.venv/lib/python3.12/site-packages/jixia/run.py", line 153, in load_module_info
    with (self.output_dir / filename).open() as fp:
         ^^^^^^^^^^^^^^^^^^^^^^^^^^^^^^^^^^^
  File "/scratch/bvandur1/adeo1/conda_envs/myenv/lib/python3.12/pathlib.py", line 1013, in open
    return io.open(self, mode, buffering, encoding, errors, newline)
           ^^^^^^^^^^^^^^^^^^^^^^^^^^^^^^^^^^^^^^^^^^^^^^^^^^^^^^^^^
FileNotFoundError: [Errno 2] No such file or directory: '/weka/scratch/bvandur1/adeo1/polya/src/retriever/mathlib4/.jixia/Mathlib.Analysis.PSeries.mod.json'
